Date,Time,F_Record,Time(Fract.Sec),SiteName,FaultCode,Battery,CablePwrV,Turb,F_Turb,ChlorophyllRFU,ChlorophyllugL,BGA-PCRFU,BGA-PCµg/L,DO_pct,F_DO_pct,DO_mgl,F_DO_mgl,pH,F_pH,pHmV,Temp,F_Temp,SpCond,Sal,F_Sal,fDOMRFU,fDOMQSU,WiperPosV,Pressbara,Depth,F_Depth
9/14/2017,11:00, ,0,SD1,0,6.1,0,30.7,<0> (CND),1.16,4.63,0.19,0.18,80.3,<0> (CND),6.8,<0> (CND),7.61,<0> (CND),-55.7,22.194,<0> (CND),8535.7,4.76,<0> (CND),24.15,72.44,1.192,0.1938,1.969,<0> (CND)
9/14/2017,11:15, ,0,SD1,0,6.1,0,22.78,0,1.19,4.74,0.1,0.1,76.5,0,6.46,0,7.58,0,-54.4,22.389,0,8472.1,4.72,0,25.69,77.06,1.184,0.1904,1.935,0
9/14/2017,11:30, ,0,SD1,0,6.1,0,20.83,0,1.3,5.2,0.18,0.17,76.7,0,6.48,0,7.59,0,-55,22.377,0,8441,4.7,0,26.01,78.03,1.193,0.1863,1.893,0
9/14/2017,11:45, ,0,SD1,0,6.1,0,24.08,0,1.24,4.96,0.1,0.1,76.7,0,6.48,0,7.6,0,-55.6,22.385,0,8362.1,4.66,0,26.38,79.15,1.192,0.1821,1.85,0
9/14/2017,12:00, ,0,SD1,0,6.1,0,26.74,0,1.31,5.22,0.15,0.14,77.1,0,6.52,0,7.62,0,-56.8,22.373,0,8237.8,4.58,0,27.04,81.11,1.195,0.177,1.798,0
9/14/2017,12:15, ,0,SD1,0,6.1,0,27.76,0,1.25,4.99,0.15,0.14,76.8,0,6.49,0,7.63,0,-57.4,22.385,0,8181.8,4.55,0,27.19,81.57,1.194,0.1715,1.742,0
9/14/2017,12:30, ,0,SD1,0,6.1,0,27.67,0,1.41,5.62,0.12,0.12,77.9,0,6.57,0,7.65,0,-58.5,22.534,0,8114.4,4.51,0,27.51,82.54,1.195,0.1657,1.683,0
9/14/2017,12:45, ,0,SD1,0,6.1,0,28.95,0,1.35,5.37,0.15,0.15,78,0,6.56,0,7.66,0,-59.2,22.637,0,8050.2,4.47,0,27.66,82.98,1.18,0.16,1.625,0
9/14/2017,13:00, ,0,SD1,0,6.1,0,28.08,0,1.44,5.75,0.16,0.15,77.9,0,6.56,0,7.67,0,-59.4,22.635,0,7994.6,4.44,0,27.69,83.08,1.192,0.1536,1.56,0
9/14/2017,13:15, ,0,SD1,0,6.1,0,31.13,0,1.45,5.77,0.13,0.12,78.3,0,6.59,0,7.68,0,-60,22.68,0,7943.8,4.41,0,27.97,83.92,1.19,0.1477,1.5,0
9/14/2017,13:30, ,0,SD1,0,6.1,0,31,0,1.39,5.55,0.18,0.17,78.1,0,6.58,0,7.68,0,-60.1,22.609,0,7948.4,4.41,0,28.33,84.98,1.195,0.1421,1.442,0
9/14/2017,13:45, ,0,SD1,0,6.1,0,28.47,0,1.34,5.35,0.12,0.12,78,0,6.56,0,7.68,0,-59.9,22.725,0,7940.5,4.4,0,28.4,85.21,1.193,0.1371,1.391,0
9/14/2017,14:00, ,0,SD1,0,6.1,0,30.39,0,1.42,5.67,0.11,0.1,77.6,0,6.52,0,7.68,0,-59.9,22.726,0,7927.8,4.4,0,28.61,85.84,1.195,0.1331,1.35,0
9/14/2017,14:15, ,0,SD1,0,6.1,0,25.27,0,1.37,5.49,0.16,0.16,77.7,0,6.53,0,7.68,0,-60.4,22.753,0,7898.5,4.38,0,29,87.02,1.193,0.1299,1.318,0
9/14/2017,14:30, ,0,SD1,0,6.1,0,24.4,0,1.33,5.31,0.16,0.15,77,0,6.47,0,7.68,0,-60.2,22.764,0,7895.7,4.38,0,28.92,86.76,1.194,0.1271,1.29,0
9/14/2017,14:45, ,0,SD1,0,6.1,0,27.36,0,1.35,5.39,0.15,0.14,77.5,0,6.51,0,7.68,0,-60.4,22.777,0,7889.6,4.37,0,28.76,86.28,1.193,0.126,1.279,0
9/14/2017,15:00, ,0,SD1,0,6.1,0,28.69,0,1.42,5.65,0.15,0.14,78,0,6.54,0,7.69,0,-60.5,22.853,0,7879.3,4.37,0,28.74,86.23,1.195,0.126,1.278,0
9/14/2017,15:15, ,0,SD1,0,6.1,0,27,0,1.27,5.06,0.14,0.13,79.1,0,6.63,0,7.7,0,-61.6,22.902,0,7857.3,4.35,0,29.17,87.53,1.193,0.1272,1.291,0
9/14/2017,15:30, ,0,SD1,0,6.1,0,26.82,0,1.21,4.83,0.17,0.16,78.4,0,6.62,0,7.71,0,-61.9,22.554,0,7776.3,4.31,0,30.54,91.64,1.194,0.1295,1.314,0
9/14/2017,15:45, ,0,SD1,0,6.1,0,22.7,0,1.19,4.76,0.14,0.13,78,0,6.59,0,7.71,0,-62,22.467,0,7753.5,4.29,0,31.24,93.74,1.193,0.133,1.35,0
9/14/2017,16:00, ,0,SD1,0,6.1,0,20.51,0,1.15,4.61,0.09,0.08,78.1,0,6.61,0,7.71,0,-61.8,22.451,0,7782.8,4.31,0,31.5,94.5,1.196,0.1374,1.394,0
9/14/2017,16:15, ,0,SD1,0,6.1,0,18.85,0,1.13,4.52,0.08,0.07,78.2,0,6.61,0,7.72,0,-62.3,22.439,0,7806.9,4.33,0,31.39,94.18,1.182,0.1423,1.444,0
9/14/2017,16:30, ,0,SD1,0,6.1,0,17.96,0,1.11,4.41,0.11,0.11,79,0,6.66,0,7.71,0,-62.1,22.531,0,7898.1,4.38,0,30.48,91.45,1.192,0.1481,1.503,0
9/14/2017,16:45, ,0,SD1,0,6.1,0,19.62,0,1.04,4.14,0.08,0.07,78.9,0,6.65,0,7.71,0,-61.8,22.546,0,7970.4,4.42,0,29.83,89.5,1.19,0.154,1.563,0
9/14/2017,17:00, ,0,SD1,0,6.1,0,19.62,0,1.03,4.11,0.1,0.09,79.3,0,6.68,0,7.71,0,-61.8,22.582,0,8022.5,4.45,0,29.3,87.91,1.195,0.1606,1.631,0
9/14/2017,17:15, ,0,SD1,0,6.1,0,18.28,0,1.12,4.48,0.1,0.1,79.4,0,6.68,0,7.69,0,-60.7,22.626,0,8157.9,4.53,0,28.56,85.69,1.181,0.1672,1.698,0
9/14/2017,17:30, ,0,SD1,0,6.1,0,20.1,0,1.09,4.36,0.11,0.1,79.6,0,6.7,0,7.68,0,-60,22.654,0,8253.4,4.59,0,28.04,84.13,1.192,0.1742,1.769,0
9/14/2017,17:45, ,0,SD1,0,6.1,0,20.83,0,1.1,4.38,0.13,0.12,79,0,6.65,0,7.66,0,-59.3,22.624,0,8300.4,4.62,0,27.52,82.56,1.19,0.1804,1.832,0
9/14/2017,18:00, ,0,SD1,0,6.1,0,24.07,0,1.18,4.69,0.16,0.15,78.8,0,6.63,0,7.66,0,-58.8,22.613,0,8334.8,4.64,0,26.94,80.81,1.194,0.1868,1.898,0
9/14/2017,18:15, ,0,SD1,0,6.1,0,27.56,0,1.15,4.57,0.17,0.16,78.6,0,6.62,0,7.65,0,-58.2,22.591,0,8409,4.68,0,25.84,77.53,1.194,0.1929,1.961,0
9/14/2017,18:30, ,0,SD1,0,6.1,0,27,0,1.07,4.28,0.14,0.13,78.5,0,6.61,0,7.63,0,-57.4,22.568,0,8479.7,4.73,0,25.06,75.19,1.196,0.1995,2.028,0
9/14/2017,18:45, ,0,SD1,0,6.1,0,28.07,0,1.1,4.38,0.12,0.11,78.4,0,6.6,0,7.63,0,-57,22.565,0,8543.5,4.76,0,24.51,73.54,1.182,0.2055,2.088,0
9/14/2017,19:00, ,0,SD1,0,6.1,0,28.57,0,1.16,4.62,0.13,0.12,78.6,0,6.61,0,7.63,0,-56.9,22.58,0,8585.4,4.79,0,24.1,72.32,1.193,0.2108,2.143,0
9/14/2017,19:15, ,0,SD1,0,6.1,0,23.37,0,1.17,4.68,0.13,0.12,78.8,0,6.63,0,7.63,0,-57.1,22.594,0,8617.9,4.81,0,23.88,71.63,1.19,0.2155,2.191,0
9/14/2017,19:30, ,0,SD1,0,6.1,0,22.05,0,1.23,4.91,0.16,0.15,79.4,0,6.67,0,7.63,0,-57.1,22.629,0,8685.2,4.85,0,22.88,68.66,1.195,0.2197,2.234,0
9/14/2017,19:45, ,0,SD1,0,6.1,0,29.08,0,1.24,4.95,0.16,0.15,79.8,0,6.7,0,7.63,0,-57.1,22.652,0,8723.1,4.87,0,22.62,67.86,1.182,0.2236,2.274,0
9/14/2017,20:00, ,0,SD1,0,6.1,0,23.18,0,1.16,4.65,0.18,0.17,80,0,6.72,0,7.63,0,-57,22.667,0,8758.9,4.89,0,22.2,66.61,1.193,0.2267,2.305,0
9/14/2017,20:15, ,0,SD1,0,6.1,0,21.95,0,1.11,4.44,0.14,0.14,80.2,0,6.73,0,7.63,0,-57,22.656,0,8784.7,4.91,0,21.77,65.32,1.19,0.2291,2.329,0
9/14/2017,20:30, ,0,SD1,0,6.1,0,19.65,0,1.12,4.49,0.15,0.15,80,0,6.72,0,7.62,0,-56.5,22.66,0,8827.1,4.93,0,21.24,63.73,1.194,0.2307,2.345,0
9/14/2017,20:45, ,0,SD1,0,6.1,0,19.25,0,1.11,4.42,0.2,0.19,80.2,0,6.73,0,7.62,0,-56.4,22.65,0,8859.8,4.95,0,21.08,63.23,1.182,0.2318,2.357,0
9/14/2017,21:00, ,0,SD1,0,6.1,0,19.73,0,1.05,4.17,0.16,0.15,80.5,0,6.76,0,7.62,0,-56.3,22.652,0,8882.6,4.97,0,20.61,61.84,1.193,0.2324,2.363,0
9/14/2017,21:15, ,0,SD1,0,6.1,0,17.59,0,0.91,3.62,0.11,0.1,80.1,0,6.72,0,7.6,0,-55.7,22.678,0,8945,5,0,19.43,58.28,1.19,0.2323,2.362,0
9/14/2017,21:30, ,0,SD1,0,6.1,0,13.98,0,1.08,4.32,0.08,0.08,79.9,0,6.7,0,7.61,0,-55.9,22.655,0,8926.1,4.99,0,19.83,59.49,1.194,0.2316,2.355,0
9/14/2017,21:45, ,0,SD1,0,6.1,0,14.14,0,1.02,4.08,0.11,0.1,78.4,0,6.58,0,7.58,0,-54.1,22.609,0,8905.1,4.98,0,20.33,60.98,1.194,0.2302,2.341,0
9/14/2017,22:00, ,0,SD1,0,6.1,0,14.08,0,1.01,4.01,0.13,0.13,78.9,0,6.63,0,7.6,0,-55.3,22.582,0,8896.7,4.98,0,20.49,61.48,1.196,0.228,2.318,0
9/14/2017,22:15, ,0,SD1,0,6.1,0,15.47,0,1.08,4.3,0.13,0.12,78.7,0,6.62,0,7.6,0,-55.4,22.568,0,8870,4.96,0,21.19,63.56,1.184,0.2253,2.29,0
9/14/2017,22:30, ,0,SD1,0,6.1,0,15.48,0,1.11,4.44,0.13,0.12,78.8,0,6.64,0,7.61,0,-56.2,22.485,0,8805.4,4.92,0,22.19,66.57,1.193,0.2213,2.25,0
9/14/2017,22:45, ,0,SD1,0,6.1,0,15.51,0,1.14,4.53,0.15,0.15,78.1,0,6.59,0,7.62,0,-56.4,22.393,0,8722.2,4.87,0,23.58,70.76,1.19,0.2163,2.199,0
9/14/2017,23:00, ,0,SD1,0,6.1,0,16.42,0,1.14,4.55,0.11,0.1,77.3,0,6.53,0,7.61,0,-56.1,22.312,0,8662.5,4.84,0,24.37,73.11,1.194,0.2111,2.145,0
9/14/2017,23:15, ,0,SD1,0,6.1,0,17.43,0,1.1,4.4,0.14,0.13,76,0,6.44,0,7.62,0,-56.6,22.178,0,8535.3,4.76,0,25.62,76.86,1.193,0.2038,2.071,0
9/14/2017,23:30, ,0,SD1,0,6.1,0,16.33,0,1.03,4.12,0.09,0.09,75.7,0,6.42,0,7.62,0,-56.7,22.114,0,8481.5,4.73,0,26.34,79.02,1.196,0.1962,1.994,0
9/14/2017,23:45, ,0,SD1,0,6.1,0,18.5,0,1.08,4.29,0.12,0.12,75.3,0,6.4,0,7.62,0,-56.4,22.067,0,8474.9,4.73,0,26.28,78.83,1.194,0.1879,1.909,0
9/15/2017,0:00, ,0,SD1,0,6.1,0,22.7,0,1.06,4.21,0.07,0.06,74.8,0,6.37,0,7.62,0,-56.4,21.991,0,8431.6,4.7,0,26.6,79.79,1.195,0.1789,1.818,0
9/15/2017,0:15, ,0,SD1,0,6.1,0,19.3,0,1.05,4.2,0.12,0.11,74.8,0,6.37,0,7.63,0,-57.4,21.916,0,8351.9,4.65,0,27.38,82.14,1.186,0.1703,1.729,0
9/15/2017,0:30, ,0,SD1,0,6.1,0,19.56,0,1.04,4.15,0.11,0.1,74.4,0,6.36,0,7.64,0,-57.7,21.83,0,8289.3,4.62,0,27.7,83.11,1.194,0.1617,1.641,0
9/15/2017,0:45, ,0,SD1,0,6.1,0,20.11,0,1.07,4.28,0.12,0.11,74,0,6.33,0,7.66,0,-58.7,21.75,0,8191.7,4.56,0,28.44,85.33,1.19,0.153,1.553,0
9/15/2017,1:00, ,0,SD1,0,6.1,0,21.01,0,1.14,4.56,0.15,0.14,73.4,0,6.29,0,7.67,0,-59.2,21.667,0,8102.2,4.5,0,28.97,86.92,1.195,0.145,1.471,0
9/15/2017,1:15, ,0,SD1,0,6.1,0,21.88,0,1.16,4.61,0.12,0.12,72.7,0,6.24,0,7.67,0,-59.6,21.592,0,8011.8,4.45,0,29.55,88.66,1.194,0.1372,1.392,0
9/15/2017,1:30, ,0,SD1,0,6.1,0,23.45,0,1.15,4.58,0.16,0.15,72.3,0,6.22,0,7.68,0,-60.1,21.5,0,7950,4.41,0,29.7,89.11,1.195,0.1298,1.316,0
9/15/2017,1:45, ,0,SD1,0,6.1,0,24.69,0,1.26,5.01,0.17,0.17,72,0,6.21,0,7.69,0,-60.4,21.452,0,7908.9,4.39,0,29.95,89.87,1.183,0.124,1.258,0
9/15/2017,2:00, ,0,SD1,0,6.1,0,22.54,0,1.25,4.97,0.14,0.14,71.6,0,6.17,0,7.69,0,-60.4,21.413,0,7863.4,4.36,0,30.43,91.29,1.193,0.1186,1.202,0
9/15/2017,2:15, ,0,SD1,0,6.1,0,26.33,0,1.3,5.18,0.19,0.18,71.1,0,6.14,0,7.69,0,-60.5,21.362,0,7840.6,4.35,0,30.28,90.85,1.19,0.1137,1.153,0
9/15/2017,2:30, ,0,SD1,0,6.1,0,26.05,0,1.34,5.35,0.17,0.16,70.4,0,6.09,0,7.68,0,-60.1,21.306,0,7816.9,4.34,0,30.35,91.06,1.194,0.1088,1.102,0
9/15/2017,2:45, ,0,SD1,0,6.1,0,25.57,0,1.37,5.47,0.16,0.15,69.4,0,6.01,0,7.68,0,-59.9,21.225,0,7786.9,4.32,0,30.61,91.83,1.194,0.1045,1.059,0
9/15/2017,3:00, ,0,SD1,0,6.1,0,32.51,0,1.47,5.86,0.19,0.19,68.2,0,5.92,0,7.67,0,-59.5,21.155,0,7757.7,4.3,0,30.77,92.33,1.196,0.1002,1.014,0
9/15/2017,3:15, ,0,SD1,0,6.1,0,29.19,0,1.55,6.2,0.2,0.19,67,0,5.82,0,7.67,0,-59.3,21.067,0,7726.5,4.28,0,31.1,93.32,1.183,0.0956,0.967,0
9/15/2017,3:30, ,0,SD1,0,6.1,0,31.97,0,1.62,6.46,0.2,0.19,65.7,0,5.72,0,7.66,0,-58.8,20.953,0,7698.1,4.27,0,30.88,92.65,1.19,0.0909,0.919,0
9/15/2017,3:45, ,0,SD1,0,6.1,0,36.12,0,1.71,6.84,0.2,0.2,64,0,5.58,0,7.65,0,-58.2,20.797,0,7673.8,4.25,0,30.74,92.22,1.19,0.0868,0.878,0
9/15/2017,4:00, ,0,SD1,0,6.1,0,41.32,0,1.8,7.19,0.24,0.23,62.2,0,5.45,0,7.63,0,-57.1,20.669,0,7655,4.24,0,30.54,91.62,1.196,0.0826,0.835,0
9/15/2017,4:15, ,0,SD1,0,6.1,0,37.91,0,1.84,7.35,0.28,0.27,60.2,0,5.28,0,7.62,0,-56.1,20.537,0,7639.5,4.23,0,30.72,92.17,1.194,0.078,0.788,0
9/15/2017,4:30, ,0,SD1,0,6.1,0,44.1,0,1.86,7.43,0.25,0.24,58,0,5.11,0,7.6,0,-55.1,20.381,0,7622,4.22,0,30.43,91.3,1.194,0.0743,0.75,0
9/15/2017,4:45, ,0,SD1,0,6.1,0,45.85,0,1.92,7.66,0.29,0.28,56.1,0,4.95,0,7.58,0,-54.2,20.257,0,7615.8,4.22,0,30.42,91.27,1.183,0.071,0.717,0
9/15/2017,5:00, ,0,SD1,0,6.1,0,46.37,0,1.88,7.52,0.26,0.25,53.9,0,4.77,0,7.56,0,-52.9,20.134,0,7610.8,4.22,0,30.91,92.73,1.194,0.068,0.686,0
9/15/2017,5:15, ,0,SD1,0,6.1,0,40.56,0,1.93,7.7,0.3,0.29,51.7,0,4.58,0,7.55,0,-52.1,19.991,0,7632.2,4.23,0,31.03,93.11,1.19,0.0667,0.673,0
9/15/2017,5:30, ,0,SD1,0,6.1,0,48.27,0,1.88,7.51,0.29,0.28,50.9,0,4.52,0,7.54,0,-51.7,19.922,0,7645.8,4.24,0,30.75,92.25,1.194,0.0657,0.662,0
9/15/2017,5:45, ,0,SD1,0,6.1,0,40.15,0,1.91,7.61,0.29,0.28,49.6,0,4.41,0,7.53,0,-51.1,19.836,0,7663.3,4.25,0,30.94,92.82,1.193,0.0661,0.667,0
9/15/2017,6:00, ,0,SD1,0,6.1,0,42.17,0,1.86,7.43,0.24,0.23,49.2,0,4.38,0,7.53,0,-50.8,19.794,0,7667.5,4.25,0,31.13,93.4,1.194,0.0695,0.701,0
9/15/2017,6:15, ,0,SD1,0,6.1,0,47.2,0,1.91,7.64,0.23,0.22,49,0,4.36,0,7.52,0,-50.6,19.765,0,7671.8,4.26,0,31.01,93.03,1.194,0.0742,0.748,0
9/15/2017,6:30, ,0,SD1,0,6.1,0,27.48,0,1.32,5.28,0.19,0.18,66.2,0,5.79,0,7.68,0,-60,20.776,0,7484.8,4.14,0,33.68,101.03,1.196,0.081,0.818,0
9/15/2017,6:45, ,0,SD1,0,6.1,0,22.83,0,1.25,4.98,0.15,0.14,72.7,0,6.3,0,7.74,0,-63.3,21.238,0,7439.6,4.11,0,34.19,102.58,1.185,0.0897,0.908,0
9/15/2017,7:00, ,0,SD1,0,6.1,0,25.61,0,1.17,4.66,0.16,0.15,73.3,0,6.35,0,7.73,0,-63,21.248,0,7517.3,4.16,0,33.12,99.37,1.191,0.0987,1,0
9/15/2017,7:15, ,0,SD1,0,6.1,0,31.43,0,1.13,4.49,0.16,0.15,73.5,0,6.36,0,7.73,0,-62.9,21.299,0,7570.5,4.19,0,32.1,96.31,1.192,0.1085,1.099,0
9/15/2017,7:30, ,0,SD1,0,6.1,0,32.88,0,1.15,4.58,0.15,0.14,73.4,0,6.35,0,7.71,0,-62,21.328,0,7665.6,4.25,0,31.51,94.55,1.195,0.1184,1.2,0
9/15/2017,7:45, ,0,SD1,0,6.1,0,36,0,1.13,4.49,0.15,0.14,73.4,0,6.34,0,7.71,0,-61.7,21.355,0,7731.9,4.29,0,29.96,89.88,1.181,0.1287,1.305,0
9/15/2017,8:00, ,0,SD1,0,6.1,0,50.92,0,1.13,4.51,0.16,0.16,73.9,0,6.38,0,7.71,0,-61.5,21.392,0,7787.9,4.32,0,28.67,86.02,1.191,0.1393,1.413,0
9/15/2017,8:15, ,0,SD1,0,6.1,0,49.69,0,1.12,4.49,0.19,0.18,74.3,0,6.4,0,7.71,0,-61.5,21.465,0,7843.6,4.35,0,27.76,83.29,1.192,0.1494,1.517,0
9/15/2017,8:30, ,0,SD1,0,6.1,0,51.94,0,1.07,4.26,0.16,0.15,74.7,0,6.42,0,7.7,0,-61.1,21.568,0,7917.8,4.4,0,27.04,81.14,1.196,0.1583,1.608,0
9/15/2017,8:45, ,0,SD1,0,6.1,0,56.87,0,1.06,4.21,0.16,0.16,74.9,0,6.43,0,7.69,0,-60.7,21.64,0,8015.5,4.45,0,25.8,77.39,1.185,0.1668,1.694,0
9/15/2017,9:00, ,0,SD1,0,6.1,0,54.91,0,1.09,4.35,0.17,0.16,75,0,6.42,0,7.68,0,-60.3,21.702,0,8110.7,4.51,0,25.16,75.49,1.191,0.1745,1.772,0
9/15/2017,9:15, ,0,SD1,0,6.1,0,61.87,0,1.11,4.41,0.19,0.18,75.1,0,6.42,0,7.67,0,-59.4,21.771,0,8232.1,4.58,0,24.32,72.96,1.191,0.1811,1.84,0
9/15/2017,9:30, ,0,SD1,0,6.1,0,54.78,0,1.08,4.32,0.17,0.16,75.2,0,6.42,0,7.65,0,-58.6,21.805,0,8313.3,4.63,0,24.21,72.64,1.195,0.1866,1.896,0
9/15/2017,9:45, ,0,SD1,0,6.1,0,48.98,0,1.05,4.19,0.14,0.13,75.1,0,6.41,0,7.65,0,-58.4,21.823,0,8335,4.64,0,24.21,72.63,1.194,0.1914,1.945,0
9/15/2017,10:00, ,0,SD1,0,6.1,0,42.04,0,1.03,4.09,0.15,0.15,75.4,0,6.43,0,7.64,0,-57.6,21.883,0,8462.3,4.72,0,23.94,71.82,1.194,0.1952,1.983,0
9/15/2017,10:15, ,0,SD1,0,6.1,0,39.3,0,1.05,4.17,0.17,0.17,75.3,0,6.42,0,7.64,0,-57.5,21.901,0,8476.1,4.73,0,23.8,71.41,1.183,0.1978,2.01,0
9/15/2017,10:30, ,0,SD1,0,6.1,0,40.77,0,1.04,4.13,0.14,0.13,75.5,0,6.43,0,7.63,0,-56.9,21.935,0,8540.3,4.77,0,23.63,70.91,1.192,0.1996,2.029,0
9/15/2017,10:45, ,0,SD1,0,6.1,0,27.64,0,1.05,4.2,0.14,0.14,75.5,0,6.42,0,7.63,0,-56.8,21.955,0,8564.6,4.78,0,24.18,72.54,1.191,0.2007,2.039,0
9/15/2017,11:00, ,0,SD1,0,6.1,0,27.74,0,1.02,4.06,0.1,0.09,75.5,0,6.43,0,7.62,0,-56.5,21.958,0,8591.2,4.8,0,23.84,71.53,1.194,0.2008,2.04,0
9/15/2017,11:15, ,0,SD1,0,6.1,0,23.62,0,0.9,3.58,0.11,0.1,74.9,0,6.38,0,7.62,0,-56.4,21.956,0,8589.9,4.79,0,23.94,71.84,1.182,0.2001,2.033,0
9/15/2017,11:30, ,0,SD1,0,6.1,0,26.96,0,0.95,3.78,0.12,0.11,75.2,0,6.4,0,7.62,0,-56.2,21.951,0,8602.8,4.8,0,23.54,70.62,1.191,0.1992,2.024,0
9/15/2017,11:45, ,0,SD1,0,6.1,0,28.84,0,0.93,3.72,0.08,0.07,74.6,0,6.35,0,7.61,0,-56.2,21.954,0,8598.9,4.8,0,23.89,71.66,1.191,0.1974,2.005,0
9/15/2017,12:00, ,0,SD1,0,6.1,0,31.62,0,1,3.97,0.12,0.12,74.2,0,6.32,0,7.61,0,-55.9,21.949,0,8591,4.8,0,23.8,71.41,1.194,0.1949,1.98,0
9/15/2017,12:15, ,0,SD1,0,6.1,0,21.57,0,0.96,3.84,0.15,0.14,74.8,0,6.36,0,7.62,0,-56.5,21.959,0,8553.5,4.77,0,24.55,73.66,1.183,0.1919,1.95,0
9/15/2017,12:30, ,0,SD1,0,6.1,0,23.91,0,1.06,4.23,0.14,0.13,73.9,0,6.29,0,7.62,0,-56.4,21.977,0,8499,4.74,0,24.73,74.2,1.192,0.1878,1.908,0
9/15/2017,12:45, ,0,SD1,0,6.1,0,25.61,0,1.15,4.59,0.14,0.13,75.1,0,6.38,0,7.64,0,-57.8,22.072,0,8390.4,4.68,0,25.96,77.88,1.192,0.183,1.859,0
9/15/2017,13:00, ,0,SD1,0,6.1,0,26.08,0,1.2,4.78,0.15,0.14,75.5,0,6.41,0,7.66,0,-58.9,22.192,0,8236,4.58,0,27.05,81.17,1.195,0.1776,1.805,0
9/15/2017,13:15, ,0,SD1,0,6.1,0,30.29,0,1.21,4.81,0.12,0.12,75,0,6.37,0,7.66,0,-58.8,22.145,0,8268.5,4.6,0,26.21,78.64,1.184,0.1717,1.744,0
9/15/2017,13:30, ,0,SD1,0,6.1,0,31.31,0,1.32,5.25,0.2,0.2,76.4,0,6.46,0,7.68,0,-59.9,22.404,0,8197.2,4.56,0,26.89,80.66,1.191,0.1654,1.68,0
9/15/2017,13:45, ,0,SD1,0,6.1,0,26.2,0,1.3,5.19,0.17,0.16,78.4,0,6.59,0,7.7,0,-61.6,22.695,0,8098.4,4.5,0,27.54,82.64,1.191,0.1586,1.61,0
9/15/2017,14:00, ,0,SD1,0,6.1,0,31.96,0,1.33,5.32,0.16,0.16,77.6,0,6.53,0,7.7,0,-61.1,22.605,0,8066.6,4.48,0,27.54,82.62,1.195,0.1517,1.54,0
9/15/2017,14:15, ,0,SD1,0,6.1,0,30.63,0,1.27,5.05,0.16,0.16,77.7,0,6.54,0,7.7,0,-61.6,22.668,0,8023.4,4.45,0,27.83,83.51,1.183,0.1448,1.47,0
9/15/2017,14:30, ,0,SD1,0,6.1,0,30.18,0,1.4,5.57,0.15,0.15,77.6,0,6.53,0,7.7,0,-61.3,22.677,0,8015.9,4.45,0,27.86,83.59,1.191,0.1379,1.4,0
9/15/2017,14:45, ,0,SD1,0,6.1,0,32.25,0,1.37,5.48,0.18,0.17,77.4,0,6.51,0,7.71,0,-61.7,22.682,0,7977.1,4.43,0,27.98,83.93,1.191,0.1318,1.337,0
9/15/2017,15:00, ,0,SD1,0,6.1,0,34.74,0,1.32,5.26,0.18,0.17,76.6,0,6.45,0,7.7,0,-61.5,22.594,0,7946.5,4.41,0,28.13,84.4,1.194,0.1262,1.28,0
9/15/2017,15:15, ,0,SD1,0,6.1,0,35.3,0,1.47,5.86,0.17,0.17,76.7,0,6.46,0,7.71,0,-61.8,22.669,0,7919.9,4.39,0,28.29,84.87,1.183,0.1214,1.231,0
9/15/2017,15:30, ,0,SD1,0,6.1,0,26.35,0,1.54,6.14,0.19,0.19,78.4,0,6.57,0,7.72,0,-62.8,22.907,0,7865.1,4.36,0,29.29,87.87,1.191,0.1173,1.19,0
9/15/2017,15:45, ,0,SD1,0,6.1,0,32.63,0,1.6,6.39,0.17,0.17,78.5,0,6.57,0,7.73,0,-63.1,22.972,0,7840.1,4.34,0,29.42,88.25,1.191,0.115,1.165,0
9/15/2017,16:00, ,0,SD1,0,6.1,0,25.83,0,1.53,6.12,0.17,0.17,78.5,0,6.57,0,7.73,0,-63.2,22.99,0,7824.5,4.33,0,29.37,88.11,1.194,0.1132,1.147,0
9/15/2017,16:15, ,0,SD1,0,6.1,0,25.03,0,1.5,5.99,0.16,0.15,77.4,0,6.49,0,7.72,0,-62.7,22.892,0,7828.4,4.34,0,29.59,88.78,1.185,0.1125,1.14,0
9/15/2017,16:30, ,0,SD1,0,6.1,0,28.46,0,1.49,5.96,0.19,0.19,76.6,0,6.44,0,7.71,0,-62,22.786,0,7844.9,4.35,0,29,87,1.194,0.1131,1.147,0
9/15/2017,16:45, ,0,SD1,0,6.1,0,31.72,0,1.4,5.59,0.18,0.17,77.7,0,6.55,0,7.72,0,-62.8,22.622,0,7830.9,4.34,0,28.91,86.73,1.192,0.115,1.166,0
9/15/2017,17:00, ,0,SD1,0,6.1,0,24.77,0,1.26,5.03,0.14,0.13,76.3,0,6.5,0,7.72,0,-62.6,22.043,0,7768.5,4.3,0,31.68,95.06,1.194,0.1185,1.202,0
9/15/2017,17:15, ,0,SD1,0,6.1,0,19.2,0,1.25,4.97,0.16,0.15,75.6,0,6.45,0,7.72,0,-62.6,21.965,0,7753.5,4.3,0,32.25,96.75,1.184,0.1229,1.246,0
9/15/2017,17:30, ,0,SD1,0,6.1,0,20.44,0,1.15,4.57,0.11,0.1,75.3,0,6.43,0,7.71,0,-62.1,21.956,0,7796.9,4.32,0,32,96.02,1.194,0.1281,1.3,0
9/15/2017,17:45, ,0,SD1,0,6.1,0,19.45,0,1.14,4.54,0.13,0.13,75.8,0,6.47,0,7.72,0,-62.3,22.004,0,7859.3,4.36,0,31.24,93.74,1.191,0.1339,1.359,0
9/15/2017,18:00, ,0,SD1,0,6,0,21.77,0,1.12,4.49,0.14,0.13,76.8,0,6.54,0,7.71,0,-62.1,22.042,0,7935.9,4.4,0,30.34,91.03,1.194,0.1409,1.43,0
9/15/2017,18:15, ,0,SD1,0,6,0,22.85,0,1.07,4.25,0.12,0.11,76.7,0,6.53,0,7.71,0,-62,22.067,0,7991.8,4.44,0,29.77,89.31,1.183,0.1482,1.504,0
9/15/2017,18:30, ,0,SD1,0,6.1,0,24.92,0,1.13,4.53,0.12,0.11,77.3,0,6.57,0,7.71,0,-61.9,22.086,0,8042.6,4.47,0,29.05,87.15,1.193,0.1556,1.58,0
9/15/2017,18:45, ,0,SD1,0,6,0,29.14,0,1.15,4.57,0.14,0.13,77.3,0,6.56,0,7.7,0,-61.1,22.118,0,8161.3,4.54,0,27.8,83.42,1.192,0.1634,1.66,0
9/15/2017,19:00, ,0,SD1,0,6,0,29.68,0,1.08,4.29,0.14,0.14,77.7,0,6.6,0,7.69,0,-60.8,22.13,0,8241.9,4.59,0,26.99,80.99,1.194,0.1716,1.743,0
9/15/2017,19:15, ,0,SD1,0,6,0,36.05,0,1.07,4.25,0.14,0.14,77.7,0,6.6,0,7.68,0,-60.1,22.143,0,8308.8,4.63,0,25.59,76.78,1.182,0.1797,1.826,0
9/15/2017,19:30, ,0,SD1,0,6,0,39.92,0,1.04,4.15,0.16,0.15,77.1,0,6.55,0,7.67,0,-59.2,22.125,0,8366.1,4.66,0,25.12,75.37,1.191,0.1872,1.902,0
9/15/2017,19:45, ,0,SD1,0,6,0,41.54,0,1.02,4.08,0.16,0.15,76.5,0,6.49,0,7.65,0,-58.1,22.127,0,8442.7,4.71,0,24.14,72.42,1.19,0.194,1.971,0
9/15/2017,20:00, ,0,SD1,0,6,0,42.06,0,1.01,4.03,0.15,0.14,76.6,0,6.5,0,7.64,0,-57.8,22.135,0,8504.9,4.74,0,23.2,69.6,1.194,0.2009,2.042,0
9/15/2017,20:15, ,0,SD1,0,6,0,37.29,0,1.04,4.16,0.12,0.12,76.8,0,6.51,0,7.64,0,-57.7,22.138,0,8566.1,4.78,0,22.82,68.46,1.183,0.2068,2.102,0
9/15/2017,20:30, ,0,SD1,0,6,0,43.97,0,1.05,4.17,0.17,0.16,76.3,0,6.46,0,7.63,0,-57.3,22.154,0,8615.5,4.81,0,22.33,67,1.193,0.2122,2.157,0
9/15/2017,20:45, ,0,SD1,0,6,0,37.87,0,1,3.98,0.15,0.14,77.7,0,6.59,0,7.63,0,-57.3,22.161,0,8655.3,4.83,0,22.09,66.28,1.191,0.2168,2.204,0
9/15/2017,21:00, ,0,SD1,0,6,0,35.59,0,0.99,3.95,0.15,0.15,77.3,0,6.55,0,7.63,0,-57,22.17,0,8682,4.85,0,21.84,65.53,1.195,0.2206,2.243,0
9/15/2017,21:15, ,0,SD1,0,6,0,40.01,0,0.96,3.82,0.14,0.13,78.2,0,6.62,0,7.63,0,-56.9,22.201,0,8741.3,4.88,0,21.2,63.61,1.186,0.2237,2.275,0
9/15/2017,21:30, ,0,SD1,0,6,0,34.81,0,0.92,3.68,0.16,0.16,78.3,0,6.63,0,7.62,0,-56.7,22.209,0,8775.9,4.91,0,20.78,62.35,1.193,0.226,2.298,0
9/15/2017,21:45, ,0,SD1,0,6,0,25.74,0,0.98,3.91,0.09,0.08,78.5,0,6.64,0,7.62,0,-56.7,22.215,0,8808.6,4.92,0,20.57,61.72,1.191,0.2276,2.314,0
9/15/2017,22:00, ,0,SD1,0,6,0,22.46,0,0.92,3.67,0.14,0.13,78.6,0,6.65,0,7.62,0,-56.3,22.209,0,8839.2,4.94,0,20.1,60.31,1.195,0.2287,2.325,0
9/15/2017,22:15, ,0,SD1,0,6,0,25.58,0,0.91,3.62,0.11,0.1,78.7,0,6.66,0,7.62,0,-56.4,22.21,0,8862.7,4.96,0,19.58,58.75,1.194,0.2294,2.332,0
9/15/2017,22:30, ,0,SD1,0,6,0,18.3,0,0.79,3.13,0.08,0.08,77.8,0,6.59,0,7.61,0,-56.2,22.2,0,8869.7,4.96,0,19.89,59.69,1.194,0.2291,2.329,0
9/15/2017,22:45, ,0,SD1,0,6,0,16.81,0,0.85,3.37,0.1,0.1,78.3,0,6.63,0,7.61,0,-55.7,22.206,0,8894.5,4.98,0,19.53,58.6,1.184,0.2283,2.32,0
9/15/2017,23:00, ,0,SD1,0,6,0,17.67,0,0.88,3.51,0.12,0.11,76.7,0,6.5,0,7.59,0,-54.8,22.193,0,8888.4,4.97,0,19.7,59.1,1.194,0.2266,2.304,0
9/15/2017,23:15, ,0,SD1,0,6,0,18.52,0,0.93,3.72,0.09,0.09,77.1,0,6.54,0,7.6,0,-55.5,22.122,0,8846,4.95,0,20.58,61.74,1.191,0.2242,2.279,0
9/15/2017,23:30, ,0,SD1,0,6,0,19.63,0,0.83,3.3,0.1,0.1,77.4,0,6.57,0,7.61,0,-55.9,22.082,0,8816,4.93,0,21.16,63.49,1.194,0.2205,2.241,0
9/15/2017,23:45, ,0,SD1,0,6,0,17.99,0,0.95,3.78,0.12,0.11,77,0,6.55,0,7.61,0,-56.2,21.992,0,8734.8,4.88,0,22.67,68.02,1.183,0.2159,2.195,0
9/16/2017,0:00, ,0,SD1,0,6,0,18.11,0,0.95,3.79,0.1,0.1,76.4,0,6.5,0,7.62,0,-56.4,21.919,0,8669.6,4.84,0,23.72,71.17,1.194,0.2103,2.137,0
9/16/2017,0:15, ,0,SD1,0,6,0,18.37,0,0.96,3.83,0.11,0.1,75.3,0,6.42,0,7.62,0,-56.6,21.823,0,8577.2,4.79,0,24.91,74.73,1.191,0.2036,2.069,0
9/16/2017,0:30, ,0,SD1,0,6,0,19.56,0,0.99,3.95,0.11,0.1,74.6,0,6.38,0,7.63,0,-57,21.742,0,8486.9,4.73,0,25.81,77.43,1.193,0.1961,1.992,0
9/16/2017,0:45, ,0,SD1,0,6,0,19.99,0,0.99,3.93,0.13,0.12,74.3,0,6.36,0,7.63,0,-57,21.694,0,8470.1,4.72,0,25.89,77.69,1.182,0.1875,1.904,0
9/16/2017,1:00, ,0,SD1,0,6,0,21.04,0,0.96,3.81,0.12,0.11,73.8,0,6.32,0,7.62,0,-56.7,21.641,0,8448,4.71,0,26.06,78.19,1.193,0.1786,1.814,0
9/16/2017,1:15, ,0,SD1,0,6,0,23.35,0,1.01,4.02,0.13,0.12,73.5,0,6.31,0,7.63,0,-57.3,21.552,0,8363.2,4.66,0,26.81,80.43,1.19,0.1691,1.717,0
9/16/2017,1:30, ,0,SD1,0,6,0,22.94,0,1,3.98,0.12,0.12,73.2,0,6.3,0,7.65,0,-58.1,21.453,0,8282.8,4.61,0,27.36,82.1,1.194,0.1594,1.618,0
9/16/2017,1:45, ,0,SD1,0,6,0,24.24,0,1.04,4.15,0.15,0.14,72.5,0,6.25,0,7.65,0,-58.4,21.357,0,8208.5,4.57,0,28.01,84.05,1.194,0.1502,1.524,0
9/16/2017,2:00, ,0,SD1,0,6,0,25.62,0,1.07,4.26,0.11,0.11,72.1,0,6.23,0,7.67,0,-59.5,21.238,0,8094.3,4.5,0,28.75,86.26,1.195,0.1413,1.434,0
9/16/2017,2:15, ,0,SD1,0,6,0,25.29,0,1.08,4.3,0.14,0.13,71.4,0,6.19,0,7.68,0,-59.7,21.149,0,8041.7,4.47,0,29.21,87.63,1.185,0.1334,1.353,0
9/16/2017,2:30, ,0,SD1,0,6,0,39.81,0,1.14,4.53,0.13,0.12,71.3,0,6.19,0,7.68,0,-60.2,21.062,0,7968,4.43,0,29.84,89.53,1.193,0.126,1.277,0
9/16/2017,2:45, ,0,SD1,0,6,0,26.04,0,1.15,4.57,0.15,0.14,71,0,6.17,0,7.69,0,-60.3,20.975,0,7926,4.4,0,30.08,90.25,1.191,0.1187,1.203,0
9/16/2017,3:00, ,0,SD1,0,6,0,27.99,0,1.19,4.73,0.14,0.13,70.4,0,6.13,0,7.69,0,-60.4,20.919,0,7885.2,4.38,0,30.16,90.49,1.194,0.1131,1.146,0
9/16/2017,3:15, ,0,SD1,0,6,0,28.52,0,1.22,4.86,0.17,0.16,69.6,0,6.06,0,7.69,0,-60.3,20.867,0,7840.2,4.35,0,30.2,90.6,1.182,0.1078,1.092,0
9/16/2017,3:30, ,0,SD1,0,6,0,28.95,0,1.24,4.96,0.15,0.14,68.7,0,5.99,0,7.68,0,-59.9,20.804,0,7800.9,4.33,0,30.49,91.47,1.191,0.1031,1.043,0
9/16/2017,3:45, ,0,SD1,0,6,0,31.24,0,1.27,5.07,0.19,0.18,67.6,0,5.91,0,7.67,0,-59.5,20.742,0,7768.4,4.31,0,30.37,91.12,1.191,0.0986,0.998,0
9/16/2017,4:00, ,0,SD1,0,6,0,36.12,0,1.33,5.31,0.21,0.2,66.3,0,5.8,0,7.66,0,-58.9,20.649,0,7705.9,4.27,0,30.76,92.27,1.194,0.0946,0.957,0
9/16/2017,4:15, ,0,SD1,0,6,0,31.95,0,1.44,5.76,0.19,0.18,64.6,0,5.67,0,7.65,0,-58.4,20.534,0,7646.1,4.24,0,31.1,93.31,1.184,0.0907,0.918,0
9/16/2017,4:30, ,0,SD1,0,6,0,32.62,0,1.43,5.69,0.22,0.21,63,0,5.55,0,7.64,0,-57.7,20.387,0,7593.7,4.21,0,30.76,92.29,1.194,0.0866,0.875,0
9/16/2017,4:45, ,0,SD1,0,6,0,37.54,0,1.53,6.12,0.21,0.2,60.5,0,5.34,0,7.63,0,-56.7,20.247,0,7526,4.17,0,30.95,92.86,1.192,0.0824,0.833,0
9/16/2017,5:00, ,0,SD1,0,6,0,39.96,0,1.54,6.13,0.22,0.21,58.4,0,5.17,0,7.61,0,-55.7,20.09,0,7470.4,4.14,0,30.66,92,1.195,0.0784,0.792,0
9/16/2017,5:15, ,0,SD1,0,6,0,44.77,0,1.58,6.32,0.24,0.23,55.6,0,4.94,0,7.59,0,-54.7,19.894,0,7379.4,4.08,0,30.55,91.66,1.182,0.0741,0.749,0
9/16/2017,5:30, ,0,SD1,0,6,0,44.88,0,1.52,6.08,0.25,0.25,54,0,4.81,0,7.58,0,-54,19.743,0,7355.9,4.07,0,30.91,92.73,1.191,0.0707,0.714,0
9/16/2017,5:45, ,0,SD1,0,6,0,44.57,0,1.54,6.15,0.23,0.22,52.4,0,4.68,0,7.57,0,-53.1,19.617,0,7371.3,4.08,0,31.03,93.1,1.19,0.0672,0.678,0
9/16/2017,6:00, ,0,SD1,0,6,0,42.89,0,1.57,6.27,0.26,0.25,50.6,0,4.53,0,7.54,0,-51.7,19.497,0,7409.5,4.1,0,30.87,92.6,1.195,0.0641,0.646,0
9/16/2017,6:15, ,0,SD1,0,6,0,50.7,0,1.61,6.42,0.25,0.25,50,0,4.49,0,7.54,0,-51.2,19.426,0,7422.6,4.11,0,30.59,91.79,1.194,0.0623,0.628,0
9/16/2017,6:30, ,0,SD1,0,6,0,48.8,0,1.55,6.2,0.25,0.24,49.4,0,4.44,0,7.53,0,-50.7,19.365,0,7418.2,4.11,0,30.99,92.97,1.19,0.0618,0.623,0
9/16/2017,6:45, ,0,SD1,0,6,0,46.47,0,1.62,6.47,0.2,0.19,48.8,0,4.39,0,7.52,0,-50.4,19.323,0,7412.9,4.1,0,31.37,94.1,1.182,0.063,0.634,0
9/16/2017,7:00, ,0,SD1,0,6,0,42.97,0,1.68,6.7,0.24,0.23,48.2,0,4.33,0,7.52,0,-50,19.311,0,7409.8,4.1,0,31.54,94.62,1.188,0.0668,0.673,0
9/16/2017,7:15, ,0,SD1,0,6,0,44.51,0,1.65,6.57,0.23,0.22,47.7,0,4.3,0,7.51,0,-49.7,19.28,0,7400,4.1,0,31.44,94.33,1.188,0.0726,0.732,0
9/16/2017,7:30, ,0,SD1,0,6,0,28.81,0,1.24,4.93,0.18,0.17,67.2,0,5.9,0,7.7,0,-60.9,20.526,0,7482.1,4.14,0,33.55,100.67,1.196,0.0802,0.811,0
9/16/2017,7:45, ,0,SD1,0,6,0,25.42,0,1.13,4.52,0.14,0.13,72.7,0,6.34,0,7.74,0,-63.5,20.865,0,7517.4,4.16,0,33.86,101.57,1.193,0.0897,0.907,0
9/16/2017,8:00, ,0,SD1,0,6,0,29.71,0,1.15,4.57,0.13,0.13,73.4,0,6.39,0,7.74,0,-63.3,20.919,0,7581,4.2,0,32.56,97.7,1.191,0.0999,1.011,0
9/16/2017,8:15, ,0,SD1,0,6,0,34.85,0,1.15,4.58,0.14,0.14,73.3,0,6.38,0,7.72,0,-62.6,20.969,0,7675.4,4.25,0,31.5,94.51,1.187,0.1102,1.116,0
9/16/2017,8:30, ,0,SD1,0,6,0,47.43,0,1.13,4.51,0.17,0.16,73.1,0,6.35,0,7.71,0,-61.9,21.009,0,7750.7,4.3,0,29.62,88.88,1.194,0.1213,1.23,0
9/16/2017,8:45, ,0,SD1,0,6,0,52.24,0,1.12,4.46,0.2,0.19,73.7,0,6.4,0,7.71,0,-61.9,21.078,0,7809.2,4.33,0,27.99,83.98,1.192,0.1321,1.34,0
9/16/2017,9:00, ,0,SD1,0,6,0,61.59,0,1.1,4.39,0.16,0.16,73.9,0,6.4,0,7.71,0,-61.5,21.161,0,7874.7,4.37,0,26.87,80.6,1.194,0.1432,1.453,0
9/16/2017,9:15, ,0,SD1,0,6,0,62.32,0,1.09,4.35,0.2,0.2,74.1,0,6.41,0,7.7,0,-61.2,21.23,0,7947.8,4.41,0,25.69,77.07,1.186,0.1539,1.563,0
9/16/2017,9:30, ,0,SD1,0,6,0,80.44,0,1.06,4.22,0.22,0.21,74.4,0,6.42,0,7.69,0,-60.8,21.316,0,8044.7,4.47,0,24,72.01,1.194,0.1639,1.664,0
9/16/2017,9:45, ,0,SD1,0,6,0,84.79,0,1.09,4.36,0.21,0.21,74.5,0,6.42,0,7.68,0,-60.3,21.39,0,8151.9,4.54,0,23.06,69.19,1.192,0.1724,1.751,0
9/16/2017,10:00, ,0,SD1,0,6,0,79.86,0,1.07,4.28,0.26,0.25,74.8,0,6.43,0,7.67,0,-59.3,21.463,0,8270.4,4.61,0,22.35,67.06,1.194,0.1795,1.823,0
9/16/2017,10:15, ,0,SD1,0,6,0,62.4,0,1.02,4.06,0.22,0.21,75,0,6.44,0,7.66,0,-58.9,21.51,0,8353.9,4.66,0,22.18,66.55,1.184,0.1863,1.893,0
9/16/2017,10:30, ,0,SD1,0,6,0,84.17,0,1.02,4.06,0.18,0.17,74.9,0,6.43,0,7.65,0,-58.1,21.549,0,8430,4.7,0,21.43,64.29,1.192,0.192,1.951,0
9/16/2017,10:45, ,0,SD1,0,6,0,59.3,0,1.02,4.05,0.16,0.15,75.3,0,6.46,0,7.64,0,-57.9,21.589,0,8486.9,4.73,0,21.6,64.8,1.191,0.1969,2.001,0
9/16/2017,11:00, ,0,SD1,0,6,0,53.72,0,0.98,3.92,0.18,0.17,75.5,0,6.46,0,7.63,0,-57.4,21.629,0,8542.2,4.77,0,21.86,65.59,1.194,0.2002,2.035,0
9/16/2017,11:15, ,0,SD1,0,6,0,51.55,0,1.01,4.02,0.14,0.14,75.7,0,6.48,0,7.63,0,-57.3,21.667,0,8568.1,4.78,0,22.15,66.47,1.184,0.2028,2.061,0
9/16/2017,11:30, ,0,SD1,0,6,0,45.75,0,0.99,3.93,0.15,0.15,75.6,0,6.47,0,7.63,0,-56.9,21.676,0,8599.5,4.8,0,21.79,65.39,1.193,0.2042,2.076,0
9/16/2017,11:45, ,0,SD1,0,6,0,51.39,0,0.95,3.81,0.14,0.14,75.8,0,6.49,0,7.62,0,-56.7,21.688,0,8623,4.82,0,21.98,65.95,1.191,0.2051,2.084,0
9/16/2017,12:00, ,0,SD1,0,6,0,31.56,0,0.98,3.91,0.13,0.12,75.9,0,6.49,0,7.62,0,-56.6,21.687,0,8636.5,4.82,0,22.62,67.87,1.194,0.2051,2.084,0
9/16/2017,12:15, ,0,SD1,0,6,0,23.86,0,0.92,3.68,0.1,0.09,75.6,0,6.47,0,7.62,0,-56.2,21.688,0,8659.3,4.84,0,22.59,67.77,1.185,0.2042,2.076,0
9/16/2017,12:30, ,0,SD1,0,6,0,27.37,0,0.86,3.42,0.11,0.11,75,0,6.41,0,7.61,0,-56,21.69,0,8665.8,4.84,0,22.56,67.7,1.194,0.2027,2.06,0
9/16/2017,12:45, ,0,SD1,0,6,0,22.7,0,0.93,3.71,0.08,0.07,75.3,0,6.44,0,7.61,0,-56.1,21.686,0,8669.1,4.84,0,22.53,67.6,1.191,0.201,2.043,0
9/16/2017,13:00, ,0,SD1,0,6,0,28.24,0,0.93,3.72,0.08,0.07,75.5,0,6.46,0,7.62,0,-56.3,21.695,0,8642,4.83,0,22.93,68.81,1.195,0.1983,2.015,0
9/16/2017,13:15, ,0,SD1,0,6,0,32.59,0,0.99,3.94,0.1,0.09,74.7,0,6.39,0,7.62,0,-56.5,21.687,0,8581.4,4.79,0,23.11,69.34,1.181,0.1949,1.981,0
9/16/2017,13:30, ,0,SD1,0,6,0,33.93,0,0.99,3.96,0.11,0.1,73.9,0,6.32,0,7.62,0,-56.5,21.704,0,8544,4.77,0,23.14,69.43,1.191,0.1908,1.938,0
9/16/2017,13:45, ,0,SD1,0,6,0,25.48,0,1.03,4.12,0.13,0.12,76,0,6.48,0,7.65,0,-58.2,21.939,0,8460,4.72,0,25.12,75.36,1.19,0.1857,1.887,0
9/16/2017,14:00, ,0,SD1,0,6,0,29.98,0,1.17,4.67,0.13,0.13,75.3,0,6.42,0,7.65,0,-58.4,21.95,0,8392.8,4.68,0,24.98,74.96,1.194,0.1798,1.826,0
9/16/2017,14:15, ,0,SD1,0,6,0,30.62,0,1.24,4.96,0.12,0.11,76.8,0,6.52,0,7.68,0,-59.9,22.152,0,8308.9,4.63,0,25.49,76.47,1.184,0.1729,1.756,0
9/16/2017,14:30, ,0,SD1,0,6,0,29.23,0,1.23,4.9,0.14,0.14,78.5,0,6.64,0,7.7,0,-61.5,22.341,0,8197.8,4.56,0,26.75,80.25,1.192,0.1655,1.681,0
9/16/2017,14:45, ,0,SD1,0,6,0,32.11,0,1.27,5.07,0.14,0.13,77.8,0,6.59,0,7.7,0,-61.6,22.235,0,8152.8,4.53,0,26.78,80.34,1.191,0.158,1.604,0
9/16/2017,15:00, ,0,SD1,0,6,0,26.41,0,1.32,5.26,0.15,0.14,78.1,0,6.61,0,7.71,0,-61.7,22.341,0,8098.7,4.5,0,28.02,84.06,1.194,0.1499,1.522,0
9/16/2017,15:15, ,0,SD1,0,6,0,26.08,0,1.27,5.06,0.15,0.14,77.8,0,6.59,0,7.7,0,-61.4,22.313,0,8088.7,4.49,0,28.02,84.08,1.186,0.1424,1.445,0
9/16/2017,15:30, ,0,SD1,0,6,0,26.51,0,1.35,5.38,0.15,0.14,77.9,0,6.59,0,7.71,0,-62.1,22.338,0,8028.5,4.46,0,28.51,85.53,1.194,0.1351,1.371,0
9/16/2017,15:45, ,0,SD1,0,6,0,28.05,0,1.3,5.17,0.13,0.12,78.2,0,6.62,0,7.72,0,-62.8,22.39,0,7963.8,4.42,0,28.82,86.45,1.191,0.1282,1.3,0
9/16/2017,16:00, ,0,SD1,0,6,0,28.42,0,1.39,5.56,0.19,0.18,78.6,0,6.64,0,7.73,0,-63.1,22.434,0,7909.5,4.39,0,29.19,87.56,1.194,0.1222,1.239,0
9/16/2017,16:15, ,0,SD1,0,6,0,32.93,0,1.57,6.28,0.14,0.13,78.6,0,6.64,0,7.74,0,-63.5,22.462,0,7869.4,4.36,0,29.39,88.19,1.183,0.1174,1.19,0
9/16/2017,16:30, ,0,SD1,0,6,0,28.14,0,1.52,6.05,0.19,0.18,78.6,0,6.64,0,7.74,0,-63.7,22.487,0,7831.4,4.34,0,29.71,89.15,1.194,0.1124,1.139,0
9/16/2017,16:45, ,0,SD1,0,6,0,30.28,0,1.6,6.4,0.19,0.18,77.9,0,6.59,0,7.74,0,-63.6,22.459,0,7782,4.31,0,29.92,89.77,1.191,0.109,1.104,0
9/16/2017,17:00, ,0,SD1,0,6,0,29.57,0,1.67,6.65,0.19,0.18,77.2,0,6.53,0,7.73,0,-63.1,22.418,0,7747.1,4.29,0,30.17,90.52,1.194,0.1064,1.078,0
9/16/2017,17:15, ,0,SD1,0,6,0,32.18,0,1.69,6.76,0.18,0.18,76.2,0,6.45,0,7.72,0,-62.8,22.382,0,7722.3,4.28,0,30.18,90.54,1.184,0.1047,1.061,0
9/16/2017,17:30, ,0,SD1,0,6,0,33.96,0,1.59,6.34,0.18,0.17,74.5,0,6.31,0,7.71,0,-61.8,22.362,0,7720.8,4.28,0,29.73,89.2,1.193,0.1043,1.057,0
9/16/2017,17:45, ,0,SD1,0,6,0,29.51,0,1.63,6.49,0.19,0.18,75.8,0,6.43,0,7.72,0,-62.6,22.314,0,7719,4.27,0,30.44,91.31,1.191,0.105,1.064,0
9/16/2017,18:00, ,0,SD1,0,6,0,29.01,0,1.65,6.59,0.22,0.21,76.1,0,6.45,0,7.72,0,-62.6,22.289,0,7726.6,4.28,0,30.18,90.54,1.194,0.1071,1.085,0
9/16/2017,18:15, ,0,SD1,0,6,0,30.3,0,1.27,5.08,0.16,0.15,76,0,6.51,0,7.73,0,-62.9,21.773,0,7747.6,4.29,0,30.41,91.23,1.187,0.1107,1.121,0
9/16/2017,18:30, ,0,SD1,0,6,0,24.7,0,1.28,5.12,0.14,0.13,75.8,0,6.51,0,7.73,0,-62.9,21.631,0,7749.4,4.3,0,31.93,95.79,1.195,0.1152,1.168,0
9/16/2017,18:45, ,0,SD1,0,6,0,24.95,0,1.16,4.61,0.11,0.11,75.8,0,6.51,0,7.73,0,-63,21.604,0,7769.6,4.31,0,32.06,96.18,1.193,0.1214,1.23,0
9/16/2017,19:00, ,0,SD1,0,6,0,23.74,0,1.2,4.78,0.13,0.12,76,0,6.53,0,7.73,0,-62.8,21.592,0,7824.7,4.34,0,31.5,94.52,1.194,0.1284,1.302,0
9/16/2017,19:15, ,0,SD1,0,6,0,24.96,0,1.14,4.55,0.1,0.09,76.2,0,6.55,0,7.72,0,-62.7,21.57,0,7891.7,4.38,0,30.77,92.32,1.183,0.1365,1.385,0
9/16/2017,19:30, ,0,SD1,0,6,0,26.46,0,1.09,4.35,0.11,0.1,76.3,0,6.56,0,7.72,0,-62.1,21.577,0,7976.3,4.43,0,29.73,89.2,1.193,0.1451,1.472,0
9/16/2017,19:45, ,0,SD1,0,6,0,30.72,0,1.06,4.24,0.14,0.13,76.4,0,6.55,0,7.71,0,-61.5,21.661,0,8102.7,4.51,0,28.26,84.8,1.191,0.1537,1.56,0
9/16/2017,20:00, ,0,SD1,0,6,0,37.62,0,1.07,4.28,0.11,0.11,76.8,0,6.57,0,7.7,0,-61,21.696,0,8195.1,4.56,0,26.49,79.49,1.194,0.1627,1.652,0
9/16/2017,20:15, ,0,SD1,0,6,0,37.46,0,1.04,4.13,0.15,0.14,76.9,0,6.58,0,7.69,0,-60.5,21.726,0,8282,4.61,0,25.34,76.04,1.187,0.1717,1.743,0
9/16/2017,20:30, ,0,SD1,0,6,0,44.63,0,1.04,4.16,0.16,0.15,76.9,0,6.57,0,7.68,0,-59.8,21.748,0,8340.7,4.65,0,24.13,72.39,1.194,0.1808,1.837,0
9/16/2017,20:45, ,0,SD1,0,6,0,48.16,0,1.01,4.01,0.17,0.16,76.7,0,6.56,0,7.67,0,-59.2,21.755,0,8403.1,4.68,0,23.37,70.12,1.193,0.189,1.921,0
9/16/2017,21:00, ,0,SD1,0,6,0,53.27,0,0.99,3.93,0.2,0.19,76.8,0,6.56,0,7.65,0,-58.1,21.79,0,8505.7,4.75,0,21.96,65.89,1.194,0.197,2.002,0
9/16/2017,21:15, ,0,SD1,0,6,0,59.24,0,1.03,4.12,0.18,0.17,76.8,0,6.56,0,7.64,0,-57.9,21.791,0,8561.2,4.78,0,21.1,63.31,1.183,0.2035,2.068,0
9/16/2017,21:30, ,0,SD1,0,6,0,51.82,0,1.02,4.08,0.21,0.21,77,0,6.57,0,7.63,0,-57.3,21.783,0,8609.4,4.81,0,20.56,61.68,1.191,0.2098,2.133,0
9/16/2017,21:45, ,0,SD1,0,6,0,63.98,0,0.96,3.83,0.19,0.19,77.1,0,6.58,0,7.63,0,-56.9,21.783,0,8656.7,4.84,0,20.11,60.34,1.191,0.2152,2.187,0
9/16/2017,22:00, ,0,SD1,0,6,0,58.88,0,0.92,3.66,0.15,0.14,77.3,0,6.6,0,7.62,0,-56.5,21.791,0,8695.1,4.86,0,19.66,59,1.194,0.2199,2.235,0
9/16/2017,22:15, ,0,SD1,0,6,0,40,0,0.88,3.52,0.14,0.13,77.4,0,6.6,0,7.62,0,-56.3,21.807,0,8728.5,4.88,0,19.93,59.79,1.185,0.2236,2.273,0
9/16/2017,22:30, ,0,SD1,0,6,0,43.05,0,0.94,3.75,0.17,0.17,77.3,0,6.6,0,7.62,0,-56.3,21.789,0,8718.4,4.87,0,20.35,61.05,1.193,0.226,2.297,0
9/16/2017,22:45, ,0,SD1,0,6,0,66.42,0,0.93,3.71,0.17,0.16,77.8,0,6.63,0,7.61,0,-56.1,21.829,0,8781,4.91,0,19.3,57.9,1.191,0.2283,2.32,0
9/16/2017,23:00, ,0,SD1,0,6,0,35.46,0,0.88,3.49,0.13,0.13,77.9,0,6.64,0,7.61,0,-56,21.833,0,8804.4,4.92,0,19.05,57.16,1.194,0.2297,2.335,0
9/16/2017,23:15, ,0,SD1,0,6,0,29.44,0,0.91,3.61,0.1,0.1,78,0,6.65,0,7.61,0,-55.9,21.827,0,8817.9,4.93,0,19.44,58.33,1.186,0.2306,2.345,0
9/16/2017,23:30, ,0,SD1,0,6,0,24.08,0,0.78,3.12,0.09,0.08,77.6,0,6.62,0,7.6,0,-55.6,21.81,0,8822.3,4.93,0,19.62,58.86,1.193,0.2305,2.344,0
9/16/2017,23:45, ,0,SD1,0,6,0,21.79,0,0.78,3.09,0.12,0.11,76.5,0,6.52,0,7.6,0,-55.1,21.782,0,8817.3,4.93,0,19.36,58.09,1.192,0.2299,2.337,0
9/17/2017,0:00, ,0,SD1,0,6,0,24.98,0,0.77,3.08,0.08,0.08,75.4,0,6.44,0,7.59,0,-55,21.768,0,8819.7,4.93,0,19.55,58.66,1.195,0.2286,2.324,0
9/17/2017,0:15, ,0,SD1,0,6,0,19.94,0,0.82,3.26,0.11,0.11,77.5,0,6.62,0,7.61,0,-55.8,21.732,0,8814.9,4.93,0,20.07,60.23,1.184,0.2265,2.302,0
9/17/2017,0:30, ,0,SD1,0,6,0,22.41,0,0.84,3.34,0.13,0.12,76.7,0,6.56,0,7.6,0,-55.3,21.71,0,8794.8,4.92,0,20.33,61,1.193,0.2232,2.268,0
9/17/2017,0:45, ,0,SD1,0,6,0,20.52,0,0.87,3.46,0.1,0.1,76.6,0,6.56,0,7.61,0,-56,21.605,0,8737.3,4.88,0,21.65,64.95,1.191,0.2188,2.224,0
9/17/2017,1:00, ,0,SD1,0,6,0,20.97,0,0.82,3.26,0.1,0.1,75.9,0,6.51,0,7.61,0,-55.9,21.53,0,8694.1,4.86,0,22.46,67.38,1.194,0.2133,2.168,0
9/17/2017,1:15, ,0,SD1,0,6,0,19.88,0,0.87,3.48,0.09,0.08,75.2,0,6.47,0,7.62,0,-56.4,21.409,0,8611.3,4.81,0,23.79,71.37,1.184,0.2068,2.101,0
9/17/2017,1:30, ,0,SD1,0,6,0,22.6,0,0.95,3.79,0.11,0.1,74.6,0,6.43,0,7.64,0,-57.3,21.278,0,8489,4.74,0,25.07,75.22,1.193,0.199,2.022,0
9/17/2017,1:45, ,0,SD1,0,6,0,24.68,0,0.93,3.72,0.1,0.1,74.4,0,6.42,0,7.63,0,-57.1,21.266,0,8495.2,4.74,0,25.04,75.13,1.191,0.1902,1.932,0
9/17/2017,2:00, ,0,SD1,0,6,0,24.49,0,0.96,3.83,0.11,0.1,74,0,6.39,0,7.63,0,-57.2,21.196,0,8454.7,4.72,0,25.28,75.85,1.194,0.1808,1.836,0
9/17/2017,2:15, ,0,SD1,0,6,0,24.28,0,0.99,3.94,0.11,0.11,73.7,0,6.38,0,7.64,0,-57.8,21.11,0,8388.4,4.68,0,26.05,78.16,1.185,0.171,1.737,0
9/17/2017,2:30, ,0,SD1,0,6,0,24.91,0,0.98,3.92,0.13,0.12,73.2,0,6.35,0,7.65,0,-58.2,21.006,0,8317.4,4.64,0,26.61,79.84,1.193,0.161,1.635,0
9/17/2017,2:45, ,0,SD1,0,6,0,27.08,0,1.03,4.11,0.14,0.13,72.4,0,6.3,0,7.66,0,-58.8,20.884,0,8224.4,4.58,0,27.44,82.33,1.191,0.1509,1.532,0
9/17/2017,3:00, ,0,SD1,0,6,0,27.3,0,1.05,4.2,0.13,0.13,71.7,0,6.26,0,7.67,0,-59.3,20.745,0,8109.4,4.51,0,28.53,85.59,1.194,0.1423,1.444,0
9/17/2017,3:15, ,0,SD1,0,6,0,26.46,0,1.12,4.47,0.14,0.13,71.3,0,6.24,0,7.68,0,-60,20.639,0,8035.9,4.47,0,29.32,87.96,1.194,0.1337,1.356,0
9/17/2017,3:30, ,0,SD1,0,6,0,27.43,0,1.1,4.37,0.11,0.1,70.9,0,6.21,0,7.69,0,-60.2,20.539,0,7954,4.42,0,29.91,89.73,1.194,0.1261,1.279,0
9/17/2017,3:45, ,0,SD1,0,6,0,28.24,0,1.17,4.68,0.16,0.15,70.1,0,6.16,0,7.68,0,-60.1,20.45,0,7897.2,4.39,0,30.26,90.77,1.185,0.1187,1.203,0
9/17/2017,4:00, ,0,SD1,0,6,0,30.4,0,1.21,4.83,0.19,0.18,69.2,0,6.09,0,7.68,0,-59.9,20.376,0,7828.5,4.35,0,30.56,91.69,1.193,0.1127,1.142,0
9/17/2017,4:15, ,0,SD1,0,6,0,35.03,0,1.2,4.79,0.19,0.19,68,0,5.99,0,7.68,0,-59.7,20.288,0,7762.4,4.31,0,30.94,92.82,1.191,0.107,1.084,0
9/17/2017,4:30, ,0,SD1,0,6,0,32.33,0,1.31,5.22,0.16,0.16,66.5,0,5.87,0,7.67,0,-59.1,20.201,0,7693.8,4.27,0,31.24,93.73,1.194,0.1021,1.034,0
9/17/2017,4:45, ,0,SD1,0,6,0,33.79,0,1.34,5.34,0.18,0.17,65.1,0,5.76,0,7.66,0,-58.4,20.099,0,7635.9,4.23,0,31.47,94.4,1.184,0.0976,0.987,0
9/17/2017,5:00, ,0,SD1,0,6,0,34.1,0,1.41,5.63,0.21,0.2,63.2,0,5.61,0,7.64,0,-57.7,19.987,0,7561,4.19,0,31.77,95.31,1.194,0.0932,0.943,0
9/17/2017,5:15, ,0,SD1,0,6,0,38.65,0,1.45,5.79,0.2,0.2,61.1,0,5.44,0,7.63,0,-56.8,19.846,0,7490.1,4.15,0,31.82,95.47,1.191,0.0888,0.898,0
9/17/2017,5:30, ,0,SD1,0,6,0,42.01,0,1.46,5.81,0.21,0.2,58.9,0,5.26,0,7.61,0,-55.6,19.709,0,7435.9,4.12,0,31.88,95.65,1.194,0.0855,0.864,0
9/17/2017,5:45, ,0,SD1,0,6,0,46.05,0,1.52,6.07,0.22,0.21,56.2,0,5.03,0,7.59,0,-54.5,19.585,0,7370.8,4.08,0,31.78,95.36,1.182,0.081,0.818,0
9/17/2017,6:00, ,0,SD1,0,6,0,49.69,0,1.6,6.37,0.25,0.24,52.7,0,4.73,0,7.56,0,-52.9,19.444,0,7303.5,4.04,0,31.66,95,1.192,0.0769,0.776,0
9/17/2017,6:15, ,0,SD1,0,6,0,52.29,0,1.57,6.25,0.23,0.22,50.9,0,4.58,0,7.55,0,-51.9,19.32,0,7319,4.05,0,31.53,94.59,1.19,0.0733,0.74,0
9/17/2017,6:30, ,0,SD1,0,6,0,49.43,0,1.52,6.06,0.24,0.24,49.7,0,4.48,0,7.53,0,-50.7,19.227,0,7359.8,4.07,0,31.36,94.08,1.194,0.0695,0.702,0
9/17/2017,6:45, ,0,SD1,0,6,0,50.83,0,1.6,6.37,0.23,0.22,48.3,0,4.36,0,7.51,0,-49.6,19.144,0,7416.8,4.11,0,31.77,95.31,1.194,0.0665,0.671,0
9/17/2017,7:00, ,0,SD1,0,6,0,58.22,0,1.56,6.24,0.24,0.23,47,0,4.25,0,7.48,0,-48.1,19.069,0,7455.9,4.13,0,32.16,96.49,1.195,0.0644,0.649,0
9/17/2017,7:15, ,0,SD1,0,6,0,55,0,1.65,6.58,0.26,0.25,45.9,0,4.15,0,7.47,0,-47.3,19.016,0,7469.4,4.14,0,32.58,97.74,1.184,0.0627,0.632,0
9/17/2017,7:30, ,0,SD1,0,6,0,49.27,0,1.66,6.64,0.23,0.23,44.6,0,4.04,0,7.45,0,-46.2,18.969,0,7485.8,4.15,0,33.48,100.43,1.194,0.0626,0.631,0
9/17/2017,7:45, ,0,SD1,0,6,0,53.4,0,1.74,6.95,0.23,0.23,43.8,0,3.97,0,7.44,0,-45.7,18.959,0,7480,4.14,0,33.23,99.7,1.191,0.065,0.655,0
9/17/2017,8:00, ,0,SD1,0,6,0,45.13,0,1.82,7.27,0.27,0.27,43.5,0,3.94,0,7.44,0,-45.4,18.951,0,7466.8,4.14,0,34.1,102.31,1.195,0.0706,0.712,0
9/17/2017,8:15, ,0,SD1,0,6,0,53.23,0,1.71,6.83,0.26,0.25,43.7,0,3.96,0,7.44,0,-45.6,18.96,0,7479,4.14,0,33.69,101.08,1.181,0.0781,0.789,0
9/17/2017,8:30, ,0,SD1,0,6,0,30,0,1.2,4.79,0.17,0.16,72.8,0,6.39,0,7.74,0,-63.2,20.476,0,7586.4,4.2,0,33.16,99.47,1.19,0.088,0.89,0
9/17/2017,8:45, ,0,SD1,0,6,0,33.11,0,1.18,4.7,0.17,0.16,73.8,0,6.48,0,7.74,0,-63.6,20.532,0,7640.6,4.23,0,32.08,96.25,1.192,0.0982,0.994,0
9/17/2017,9:00, ,0,SD1,0,6,0,41.51,0,1.17,4.68,0.17,0.16,73.9,0,6.48,0,7.73,0,-62.9,20.563,0,7722.2,4.28,0,30.2,90.61,1.194,0.1094,1.108,0
9/17/2017,9:15, ,0,SD1,0,6,0,55.59,0,1.16,4.63,0.21,0.2,73.8,0,6.46,0,7.72,0,-62.2,20.617,0,7819.6,4.34,0,28.15,84.46,1.185,0.1204,1.221,0
9/17/2017,9:30, ,0,SD1,0,6,0,64.56,0,1.15,4.59,0.2,0.19,74.6,0,6.53,0,7.72,0,-62.2,20.691,0,7879.6,4.38,0,26.29,78.87,1.194,0.1317,1.336,0
9/17/2017,9:45, ,0,SD1,0,6,0,71.13,0,1.13,4.51,0.22,0.21,75,0,6.55,0,7.72,0,-62.1,20.766,0,7947.9,4.42,0,24.89,74.68,1.192,0.1434,1.455,0
9/17/2017,10:00, ,0,SD1,0,6,0,86.13,0,1.13,4.51,0.25,0.25,74.9,0,6.53,0,7.71,0,-61.6,20.839,0,8001.1,4.45,0,24.16,72.49,1.194,0.1548,1.571,0
9/17/2017,10:15, ,0,SD1,0,6,0,90.54,0,1.15,4.58,0.21,0.2,75.1,0,6.53,0,7.7,0,-61.2,20.932,0,8098.9,4.51,0,22.72,68.17,1.185,0.1649,1.674,0
9/17/2017,10:30, ,0,SD1,0,6,0,90.65,0,1.13,4.5,0.23,0.22,75.4,0,6.54,0,7.69,0,-60.4,21.036,0,8223.4,4.58,0,21.46,64.37,1.193,0.1744,1.771,0
9/17/2017,10:45, ,0,SD1,0,6,0,87.46,0,1.08,4.29,0.24,0.23,75.6,0,6.55,0,7.68,0,-59.9,21.12,0,8306.4,4.63,0,21.24,63.73,1.191,0.1825,1.853,0
9/17/2017,11:00, ,0,SD1,0,6,0,80.42,0,1.05,4.2,0.22,0.21,75.8,0,6.55,0,7.67,0,-59.4,21.174,0,8354.4,4.66,0,21.13,63.38,1.193,0.1894,1.924,0
9/17/2017,11:15, ,0,SD1,0,6,0,75.9,0,1,4,0.21,0.2,75.9,0,6.55,0,7.65,0,-58.4,21.251,0,8476.5,4.73,0,20.43,61.31,1.185,0.1958,1.989,0
9/17/2017,11:30, ,0,SD1,0,6,0,69.06,0,1.06,4.24,0.23,0.23,76.2,0,6.57,0,7.65,0,-58,21.312,0,8518.5,4.76,0,20.6,61.79,1.194,0.2009,2.041,0
9/17/2017,11:45, ,0,SD1,0,6,0,73.08,0,1.07,4.26,0.18,0.17,76.3,0,6.57,0,7.64,0,-57.7,21.341,0,8561.9,4.78,0,20.48,61.45,1.192,0.2048,2.081,0
9/17/2017,12:00, ,0,SD1,0,6,0,53.09,0,0.98,3.91,0.18,0.17,76.6,0,6.59,0,7.63,0,-57.2,21.388,0,8608.5,4.81,0,20.22,60.66,1.194,0.2077,2.11,0
9/17/2017,12:15, ,0,SD1,0,6,0,53.57,0,1.01,4.03,0.18,0.17,76.6,0,6.58,0,7.63,0,-57.1,21.412,0,8611.3,4.81,0,19.85,59.56,1.186,0.2097,2.131,0
9/17/2017,12:30, ,0,SD1,0,6,0,54.64,0,0.96,3.82,0.12,0.11,76.5,0,6.58,0,7.63,0,-56.8,21.419,0,8637.8,4.83,0,20.87,62.61,1.193,0.2107,2.142,0
9/17/2017,12:45, ,0,SD1,0,6,0,36.38,0,0.95,3.77,0.14,0.13,76.6,0,6.58,0,7.62,0,-56.7,21.419,0,8648.7,4.83,0,21.32,63.97,1.192,0.211,2.144,0
9/17/2017,13:00, ,0,SD1,0,6,0,37.56,0,0.92,3.67,0.1,0.1,75.8,0,6.52,0,7.62,0,-56.2,21.412,0,8652.5,4.83,0,21.12,63.36,1.195,0.2101,2.135,0
9/17/2017,13:15, ,0,SD1,0,6,0,36.05,0,0.89,3.55,0.09,0.08,75.7,0,6.51,0,7.62,0,-56.4,21.404,0,8656.8,4.84,0,21.61,64.82,1.194,0.209,2.124,0
9/17/2017,13:30, ,0,SD1,0,6,0,30.99,0,0.92,3.65,0.12,0.11,76.1,0,6.54,0,7.62,0,-56.5,21.409,0,8642.8,4.83,0,21.89,65.67,1.194,0.2072,2.105,0
9/17/2017,13:45, ,0,SD1,0,6,0,29.39,0,0.99,3.96,0.1,0.09,75.8,0,6.52,0,7.63,0,-56.8,21.408,0,8616.5,4.81,0,22.7,68.11,1.186,0.2048,2.081,0
9/17/2017,14:00, ,0,SD1,0,6,0,31.46,0,1.03,4.12,0.12,0.11,75.1,0,6.46,0,7.63,0,-56.9,21.408,0,8563.3,4.78,0,22.75,68.26,1.194,0.201,2.042,0
9/17/2017,14:15, ,0,SD1,0,6,0,32.34,0,1.11,4.43,0.13,0.12,76.1,0,6.53,0,7.65,0,-58.2,21.554,0,8485.2,4.73,0,23.94,71.82,1.191,0.1966,1.997,0
9/17/2017,14:30, ,0,SD1,0,6,0,28.53,0,1.15,4.6,0.14,0.13,77.4,0,6.62,0,7.67,0,-59.7,21.724,0,8388.7,4.68,0,25.11,75.33,1.193,0.1912,1.942,0
9/17/2017,14:45, ,0,SD1,0,6,0,32.14,0,1.18,4.69,0.15,0.14,78.3,0,6.68,0,7.7,0,-61.2,21.878,0,8312.9,4.63,0,25.28,75.85,1.181,0.1846,1.876,0
9/17/2017,15:00, ,0,SD1,0,5.9,0,30.87,0,1.31,5.22,0.18,0.17,79.3,0,6.75,0,7.72,0,-62.3,22.009,0,8207.9,4.57,0,26.61,79.85,1.191,0.1776,1.805,0
9/17/2017,15:15, ,0,SD1,0,6,0,27.05,0,1.28,5.1,0.14,0.14,79.5,0,6.76,0,7.73,0,-62.9,22.046,0,8131.8,4.52,0,27.81,83.45,1.191,0.1694,1.721,0
9/17/2017,15:30, ,0,SD1,0,6,0,30.33,0,1.28,5.1,0.13,0.13,78.3,0,6.68,0,7.71,0,-62,21.921,0,8146.5,4.53,0,27.24,81.73,1.194,0.1615,1.64,0
9/17/2017,15:45, ,0,SD1,0,6,0,31.49,0,1.3,5.2,0.15,0.15,76.9,0,6.58,0,7.7,0,-61.3,21.794,0,8134.7,4.52,0,27.29,81.89,1.185,0.1531,1.554,0
9/17/2017,16:00, ,0,SD1,0,6,0,32.82,0,1.26,5.05,0.14,0.14,76.7,0,6.56,0,7.71,0,-61.7,21.796,0,8056.4,4.48,0,27.87,83.63,1.193,0.1444,1.466,0
9/17/2017,16:15, ,0,SD1,0,5.9,0,32.82,0,1.36,5.44,0.15,0.14,77.1,0,6.58,0,7.72,0,-62.3,21.898,0,7982.3,4.43,0,28.49,85.47,1.186,0.1362,1.382,0
9/17/2017,16:30, ,0,SD1,0,6,0,33.88,0,1.41,5.63,0.19,0.18,77.3,0,6.59,0,7.72,0,-62.7,21.97,0,7913.8,4.39,0,28.97,86.92,1.189,0.1289,1.308,0
9/17/2017,16:45, ,0,SD1,0,6,0,33.97,0,1.5,5.97,0.22,0.21,77.2,0,6.58,0,7.73,0,-62.9,22.029,0,7857.5,4.36,0,29.58,88.74,1.186,0.1221,1.238,0
9/17/2017,17:00, ,0,SD1,0,6,0,35.42,0,1.52,6.06,0.2,0.19,76.9,0,6.55,0,7.72,0,-62.7,22.072,0,7804,4.33,0,29.71,89.13,1.194,0.1162,1.178,0
9/17/2017,17:15, ,0,SD1,0,6,0,38.14,0,1.53,6.1,0.19,0.18,75.8,0,6.46,0,7.71,0,-62.1,22.058,0,7753.4,4.3,0,29.99,89.98,1.194,0.1108,1.123,0
9/17/2017,17:30, ,0,SD1,0,5.9,0,36.8,0,1.61,6.44,0.18,0.17,74.2,0,6.34,0,7.69,0,-60.8,21.971,0,7666.9,4.24,0,30.97,92.93,1.195,0.1067,1.081,0
9/17/2017,17:45, ,0,SD1,0,5.9,0,37.91,0,1.74,6.95,0.25,0.24,72.6,0,6.21,0,7.68,0,-59.9,21.843,0,7632.1,4.22,0,31.39,94.18,1.183,0.1036,1.049,0
9/17/2017,18:00, ,0,SD1,0,6,0,38.25,0,1.81,7.21,0.23,0.22,70.7,0,6.07,0,7.66,0,-58.8,21.707,0,7594.7,4.2,0,31.67,95.03,1.194,0.1013,1.026,0
9/17/2017,18:15, ,0,SD1,0,5.9,0,32.51,0,1.85,7.4,0.26,0.25,68.4,0,5.88,0,7.64,0,-57.7,21.578,0,7553,4.18,0,32.53,97.6,1.19,0.1001,1.014,0
9/17/2017,18:30, ,0,SD1,0,6,0,41.79,0,1.75,6.98,0.22,0.21,67.2,0,5.79,0,7.63,0,-57.1,21.526,0,7541,4.17,0,32.24,96.74,1.194,0.1003,1.015,0
9/17/2017,18:45, ,0,SD1,0,5.9,0,39.16,0,1.61,6.43,0.19,0.19,65.8,0,5.67,0,7.63,0,-56.9,21.49,0,7543.9,4.17,0,32.3,96.91,1.193,0.1011,1.023,0
9/17/2017,19:00, ,0,SD1,0,5.9,0,43.55,0,1.73,6.91,0.22,0.21,67.5,0,5.82,0,7.63,0,-57.1,21.469,0,7545.9,4.18,0,31.87,95.61,1.195,0.1032,1.046,0
9/17/2017,19:15, ,0,SD1,0,6,0,48.37,0,1.61,6.43,0.21,0.2,68.6,0,5.91,0,7.65,0,-58.1,21.458,0,7594.4,4.2,0,30.91,92.74,1.193,0.1069,1.083,0
9/17/2017,19:30, ,0,SD1,0,5.9,0,36.38,0,1.25,5,0.14,0.13,76.3,0,6.61,0,7.74,0,-63.4,21.184,0,7750.5,4.3,0,31.78,95.36,1.195,0.1121,1.136,0
9/17/2017,19:45, ,0,SD1,0,5.9,0,27.79,0,1.28,5.09,0.13,0.12,76.6,0,6.64,0,7.74,0,-63.6,21.188,0,7789.8,4.32,0,31.9,95.71,1.192,0.1183,1.2,0
9/17/2017,20:00, ,0,SD1,0,5.9,0,24.67,0,1.23,4.92,0.13,0.13,76.9,0,6.66,0,7.74,0,-63.5,21.152,0,7818,4.34,0,31.89,95.68,1.195,0.1254,1.272,0
9/17/2017,20:15, ,0,SD1,0,5.9,0,26.39,0,1.18,4.72,0.14,0.13,76.9,0,6.67,0,7.74,0,-63.3,21.146,0,7887.9,4.38,0,30.98,92.95,1.194,0.1336,1.355,0
9/17/2017,20:30, ,0,SD1,0,5.9,0,27.91,0,1.13,4.51,0.13,0.13,77.1,0,6.67,0,7.72,0,-62.5,21.161,0,7995.2,4.44,0,29.74,89.23,1.195,0.1425,1.446,0
9/17/2017,20:45, ,0,SD1,0,5.9,0,30.65,0,1.08,4.29,0.13,0.12,76.9,0,6.65,0,7.71,0,-62,21.2,0,8081.3,4.49,0,28.6,85.8,1.183,0.1515,1.538,0
9/17/2017,21:00, ,0,SD1,0,5.9,0,42.51,0,1.04,4.16,0.18,0.17,77,0,6.65,0,7.7,0,-61.3,21.245,0,8167.6,4.55,0,26.35,79.06,1.192,0.161,1.634,0
9/17/2017,21:15, ,0,SD1,0,5.9,0,52.33,0,1.06,4.21,0.16,0.15,77.2,0,6.66,0,7.7,0,-61,21.284,0,8262,4.6,0,24.67,74.01,1.19,0.1708,1.735,0
9/17/2017,21:30, ,0,SD1,0,5.9,0,56.28,0,1.03,4.1,0.2,0.19,77.4,0,6.67,0,7.68,0,-60,21.359,0,8354.2,4.66,0,23.07,69.21,1.195,0.1806,1.834,0
9/17/2017,21:45, ,0,SD1,0,5.9,0,54.68,0,1,3.99,0.17,0.16,77.2,0,6.65,0,7.67,0,-59.5,21.384,0,8409.4,4.69,0,22.12,66.36,1.193,0.1896,1.926,0
9/17/2017,22:00, ,0,SD1,0,5.9,0,72,0,1.02,4.08,0.19,0.18,77.3,0,6.65,0,7.66,0,-58.9,21.409,0,8462,4.72,0,21.45,64.35,1.194,0.1977,2.009,0
9/17/2017,22:15, ,0,SD1,0,5.9,0,75.05,0,1.04,4.13,0.22,0.21,77.3,0,6.65,0,7.65,0,-58.4,21.438,0,8536,4.76,0,20.28,60.84,1.181,0.2053,2.087,0
9/17/2017,22:30, ,0,SD1,0,5.9,0,62.04,0,1.01,4.01,0.23,0.22,77.3,0,6.65,0,7.64,0,-57.7,21.444,0,8584.4,4.79,0,19.3,57.92,1.193,0.2119,2.153,0
9/17/2017,22:45, ,0,SD1,0,5.9,0,60.23,0,0.96,3.83,0.21,0.21,77.4,0,6.66,0,7.64,0,-57.5,21.432,0,8609.7,4.81,0,19.48,58.44,1.189,0.2176,2.212,0
9/17/2017,23:00, ,0,SD1,0,5.9,0,66.28,0,0.95,3.79,0.18,0.17,77.6,0,6.67,0,7.63,0,-56.9,21.436,0,8658.1,4.84,0,19,57.01,1.194,0.2222,2.258,0
9/17/2017,23:15, ,0,SD1,0,5.9,0,57.31,0,0.89,3.56,0.15,0.14,77.5,0,6.66,0,7.63,0,-57,21.41,0,8656.6,4.84,0,19.79,59.39,1.193,0.2258,2.295,0
9/17/2017,23:30, ,0,SD1,0,5.9,0,47.16,0,0.89,3.53,0.14,0.13,77.7,0,6.68,0,7.62,0,-56.5,21.424,0,8685.9,4.85,0,18.97,56.92,1.195,0.2285,2.322,0
9/17/2017,23:45, ,0,SD1,0,5.9,0,32.72,0,0.91,3.61,0.14,0.13,77.4,0,6.65,0,7.62,0,-56.3,21.442,0,8722.5,4.88,0,19.19,57.57,1.182,0.2304,2.342,0
9/18/2017,0:00, ,0,SD1,0,5.9,0,33.46,0,0.99,3.94,0.11,0.1,77.7,0,6.68,0,7.61,0,-56.1,21.439,0,8730.7,4.88,0,19.07,57.23,1.191,0.2315,2.354,0
9/18/2017,0:15, ,0,SD1,0,5.9,0,25.08,0,0.83,3.29,0.12,0.12,77.9,0,6.69,0,7.62,0,-56.3,21.427,0,8738.4,4.89,0,19.49,58.46,1.19,0.2324,2.362,0
9/18/2017,0:30, ,0,SD1,0,5.9,0,22.17,0,0.78,3.11,0.09,0.08,75.5,0,6.49,0,7.6,0,-55.4,21.413,0,8735.3,4.88,0,19.69,59.08,1.194,0.2321,2.36,0
9/18/2017,0:45, ,0,SD1,0,5.9,0,30.18,0,0.76,3.02,0.13,0.12,75.1,0,6.46,0,7.59,0,-54.8,21.382,0,8726.1,4.88,0,20.23,60.68,1.181,0.2313,2.351,0
9/18/2017,1:00, ,0,SD1,0,5.9,0,25.64,0,0.83,3.31,0.12,0.11,77.3,0,6.65,0,7.61,0,-55.9,21.378,0,8730.5,4.88,0,20.26,60.78,1.192,0.2298,2.335,0
9/18/2017,1:15, ,0,SD1,0,5.9,0,24.56,0,0.89,3.56,0.11,0.1,76.9,0,6.62,0,7.61,0,-56,21.312,0,8700.2,4.86,0,20.96,62.88,1.19,0.2273,2.311,0
9/18/2017,1:30, ,0,SD1,0,5.9,0,25.35,0,0.9,3.6,0.12,0.12,76.7,0,6.61,0,7.62,0,-56.2,21.272,0,8670.7,4.85,0,21.68,65.05,1.195,0.2234,2.271,0
9/18/2017,1:45, ,0,SD1,0,5.9,0,22.99,0,0.91,3.63,0.13,0.12,76.3,0,6.59,0,7.63,0,-56.7,21.189,0,8622.9,4.82,0,22.74,68.23,1.194,0.2182,2.218,0
9/18/2017,2:00, ,0,SD1,0,5.9,0,23.64,0,0.95,3.77,0.14,0.13,75.7,0,6.56,0,7.64,0,-57.6,21.076,0,8499.9,4.74,0,24.62,73.87,1.195,0.2121,2.155,0
9/18/2017,2:15, ,0,SD1,0,5.9,0,23.61,0,0.98,3.91,0.15,0.15,75.3,0,6.53,0,7.66,0,-58.7,20.973,0,8420.3,4.7,0,25.67,77.01,1.194,0.2048,2.081,0
9/18/2017,2:30, ,0,SD1,0,5.9,0,24.13,0,1.01,4.03,0.1,0.09,74.9,0,6.51,0,7.65,0,-58.3,20.947,0,8402.7,4.69,0,25.77,77.31,1.195,0.1966,1.997,0
9/18/2017,2:45, ,0,SD1,0,5.9,0,24.83,0,0.99,3.94,0.12,0.11,74.7,0,6.49,0,7.66,0,-58.6,20.894,0,8364.9,4.66,0,26.16,78.49,1.193,0.1874,1.904,0
9/18/2017,3:00, ,0,SD1,0,5.9,0,27.04,0,1,3.98,0.13,0.12,74.1,0,6.45,0,7.66,0,-58.7,20.835,0,8300.7,4.63,0,26.75,80.24,1.195,0.1779,1.806,0
9/18/2017,3:15, ,0,SD1,0,5.9,0,28.5,0,1.03,4.09,0.13,0.12,73.6,0,6.41,0,7.66,0,-58.9,20.777,0,8265.6,4.61,0,26.91,80.74,1.194,0.168,1.706,0
9/18/2017,3:30, ,0,SD1,0,5.9,0,30.48,0,1.04,4.14,0.13,0.13,72.5,0,6.34,0,7.66,0,-58.8,20.66,0,8176.1,4.55,0,27.66,83,1.195,0.158,1.604,0
9/18/2017,3:45, ,0,SD1,0,5.9,0,32.49,0,1.12,4.46,0.16,0.15,71.4,0,6.26,0,7.67,0,-59.1,20.507,0,8075.9,4.49,0,28.67,86.02,1.181,0.1481,1.502,0
9/18/2017,4:00, ,0,SD1,0,5.9,0,32.58,0,1.15,4.58,0.14,0.14,70.3,0,6.18,0,7.66,0,-58.9,20.416,0,7998.9,4.45,0,29.31,87.94,1.191,0.1385,1.405,0
9/18/2017,4:15, ,0,SD1,0,5.9,0,32.74,0,1.2,4.8,0.16,0.16,69.2,0,6.09,0,7.66,0,-58.7,20.335,0,7918.7,4.4,0,30.31,90.93,1.19,0.13,1.319,0
9/18/2017,4:30, ,0,SD1,0,5.9,0,33.25,0,1.28,5.12,0.18,0.17,67.7,0,5.97,0,7.65,0,-58,20.264,0,7840.8,4.35,0,31.1,93.3,1.194,0.1226,1.242,0
9/18/2017,4:45, ,0,SD1,0,5.9,0,35.61,0,1.33,5.32,0.19,0.18,65.7,0,5.8,0,7.64,0,-57.2,20.188,0,7767.5,4.31,0,31.91,95.73,1.191,0.1152,1.167,0
9/18/2017,5:00, ,0,SD1,0,5.9,0,37.3,0,1.41,5.61,0.19,0.18,63.3,0,5.6,0,7.61,0,-55.6,20.105,0,7718,4.28,0,32.41,97.23,1.194,0.1091,1.105,0
9/18/2017,5:15, ,0,SD1,0,5.9,0,39.74,0,1.6,6.4,0.22,0.22,59.9,0,5.31,0,7.58,0,-53.7,20.012,0,7655,4.25,0,33.45,100.36,1.181,0.1039,1.052,0
9/18/2017,5:30, ,0,SD1,0,5.9,0,41.97,0,1.68,6.71,0.24,0.23,56,0,4.97,0,7.53,0,-51.2,19.934,0,7599.6,4.21,0,34.63,103.9,1.192,0.0987,0.999,0
9/18/2017,5:45, ,0,SD1,0,5.9,0,40.14,0,1.82,7.25,0.24,0.23,52.2,0,4.64,0,7.5,0,-49.1,19.852,0,7559.5,4.19,0,36.23,108.69,1.19,0.0945,0.956,0
9/18/2017,6:00, ,0,SD1,0,5.9,0,44.86,0,1.93,7.72,0.25,0.24,49,0,4.37,0,7.47,0,-47.4,19.78,0,7530,4.17,0,36.89,110.67,1.194,0.091,0.921,0
9/18/2017,6:15, ,0,SD1,0,5.9,0,42.23,0,1.92,7.67,0.24,0.23,46,0,4.1,0,7.44,0,-45.9,19.712,0,7509.8,4.16,0,37.56,112.68,1.193,0.0867,0.877,0
9/18/2017,6:30, ,0,SD1,0,5.9,0,46.94,0,1.94,7.73,0.25,0.25,44.4,0,3.97,0,7.43,0,-44.9,19.656,0,7505.2,4.16,0,37.62,112.88,1.194,0.0826,0.835,0
9/18/2017,6:45, ,0,SD1,0,5.9,0,44.17,0,2.21,8.82,0.28,0.27,40.9,0,3.66,0,7.4,0,-43.3,19.583,0,7497.1,4.15,0,38.47,115.43,1.181,0.0792,0.8,0
9/18/2017,7:00, ,0,SD1,0,5.9,0,49.43,0,2.28,9.12,0.31,0.3,38,0,3.4,0,7.37,0,-41.5,19.539,0,7525.7,4.17,0,39.69,119.07,1.192,0.0756,0.763,0
9/18/2017,7:15, ,0,SD1,0,5.9,0,44.41,0,2.44,9.76,0.3,0.3,34.5,0,3.09,0,7.34,0,-39.5,19.495,0,7603.2,4.22,0,41.24,123.72,1.19,0.0723,0.729,0
9/18/2017,7:30, ,0,SD1,0,5.9,0,47.87,0,2.73,10.9,0.35,0.34,31,0,2.78,0,7.29,0,-36.9,19.453,0,7673.8,4.26,0,42.02,126.06,1.195,0.0689,0.695,0
9/18/2017,7:45, ,0,SD1,0,5.9,0,40.43,0,3.26,13.01,0.41,0.4,26.8,0,2.41,0,7.25,0,-34.2,19.407,0,7780.1,4.32,0,45.21,135.63,1.192,0.0665,0.671,0
9/18/2017,8:00, ,0,SD1,0,5.9,0,35.14,0,3.3,13.17,0.39,0.38,25.6,0,2.29,0,7.23,0,-33,19.421,0,7837.9,4.36,0,46.92,140.78,1.194,0.065,0.655,0
9/18/2017,8:15, ,0,SD1,0,5.9,0,34.33,0,3.55,14.17,0.4,0.39,24.6,0,2.2,0,7.21,0,-32.1,19.453,0,7881.2,4.38,0,47.38,142.14,1.194,0.0662,0.667,0
9/18/2017,8:30, ,0,SD1,0,5.9,0,28.92,0,3.62,14.46,0.41,0.4,24.2,0,2.17,0,7.2,0,-31.7,19.51,0,7887.2,4.38,0,47.42,142.27,1.195,0.0697,0.703,0
9/18/2017,8:45, ,0,SD1,0,5.9,0,31.54,0,3.74,14.94,0.41,0.4,23.7,0,2.12,0,7.2,0,-31.2,19.488,0,7918.7,4.4,0,48.02,144.06,1.194,0.0747,0.753,0
9/18/2017,9:00, ,0,SD1,0,5.9,0,34.07,0,3.37,13.45,0.38,0.37,24.7,0,2.21,0,7.21,0,-31.9,19.561,0,7889.8,4.39,0,47.24,141.72,1.194,0.0826,0.835,0
9/18/2017,9:15, ,0,SD1,0,5.9,0,33.13,0,1.18,4.71,0.16,0.15,72.6,0,6.37,0,7.72,0,-62.4,20.516,0,7659.5,4.25,0,32.71,98.13,1.194,0.0921,0.931,0
9/18/2017,9:30, ,0,SD1,0,5.9,0,35.88,0,1.17,4.65,0.17,0.17,73.4,0,6.44,0,7.72,0,-62.4,20.565,0,7734.2,4.29,0,31.63,94.91,1.194,0.1025,1.037,0
9/18/2017,9:45, ,0,SD1,0,5.9,0,44.15,0,1.15,4.57,0.18,0.18,73.7,0,6.46,0,7.71,0,-62,20.604,0,7813.2,4.34,0,30.13,90.38,1.183,0.1137,1.153,0
9/18/2017,10:00, ,0,SD1,0,5.9,0,58.13,0,1.18,4.7,0.18,0.18,73.9,0,6.47,0,7.71,0,-61.5,20.639,0,7878.5,4.38,0,27.75,83.25,1.191,0.1257,1.275,0
9/18/2017,10:15, ,0,SD1,0,5.9,0,78.65,0,1.17,4.65,0.2,0.2,75.1,0,6.56,0,7.72,0,-62.2,20.735,0,7933.4,4.41,0,25.65,76.96,1.19,0.1375,1.395,0
9/18/2017,10:30, ,0,SD1,0,5.9,0,79.57,0,1.2,4.79,0.27,0.26,75.2,0,6.56,0,7.7,0,-61.3,20.783,0,7999.3,4.45,0,24.34,73.02,1.194,0.149,1.512,0
9/18/2017,10:45, ,0,SD1,0,5.9,0,82.82,0,1.15,4.58,0.23,0.22,75.3,0,6.56,0,7.7,0,-61.1,20.867,0,8070.1,4.49,0,23.11,69.35,1.194,0.1604,1.629,0
9/18/2017,11:00, ,0,SD1,0,5.9,0,89.21,0,1.13,4.5,0.25,0.24,75.7,0,6.57,0,7.69,0,-60.6,20.969,0,8171.8,4.55,0,21.8,65.41,1.195,0.1705,1.732,0
9/18/2017,11:15, ,0,SD1,0,5.9,0,85.68,0,1.12,4.48,0.27,0.26,76,0,6.59,0,7.68,0,-60.1,21.066,0,8286.1,4.62,0,20.23,60.69,1.182,0.1803,1.831,0
9/18/2017,11:30, ,0,SD1,0,5.9,0,88.68,0,1.06,4.24,0.24,0.24,76.3,0,6.6,0,7.68,0,-59.7,21.141,0,8334.7,4.65,0,20.21,60.64,1.191,0.1884,1.914,0
9/18/2017,11:45, ,0,SD1,0,5.9,0,88.06,0,1,4,0.22,0.22,76.6,0,6.62,0,7.67,0,-59.1,21.21,0,8418.1,4.7,0,20.09,60.28,1.19,0.196,1.991,0
9/18/2017,12:00, ,0,SD1,0,5.9,0,86.04,0,1.03,4.12,0.24,0.24,76.8,0,6.62,0,7.65,0,-58.3,21.269,0,8494.2,4.74,0,19.24,57.73,1.194,0.2022,2.055,0
9/18/2017,12:15, ,0,SD1,0,5.9,0,73.07,0,1,3.99,0.24,0.23,77,0,6.64,0,7.65,0,-58,21.31,0,8536.7,4.77,0,19.31,57.94,1.192,0.2073,2.107,0
9/18/2017,12:30, ,0,SD1,0,5.9,0,77.06,0,0.97,3.88,0.19,0.18,77.5,0,6.68,0,7.64,0,-57.5,21.359,0,8574.8,4.79,0,19.9,59.71,1.194,0.2113,2.148,0
9/18/2017,12:45, ,0,SD1,0,5.9,0,67.53,0,0.95,3.79,0.17,0.16,77.8,0,6.7,0,7.64,0,-57.4,21.386,0,8608.1,4.81,0,19.04,57.12,1.182,0.2145,2.18,0
9/18/2017,13:00, ,0,SD1,0,5.9,0,44.47,0,0.96,3.83,0.2,0.19,77.8,0,6.69,0,7.63,0,-57.2,21.397,0,8622.4,4.82,0,19.53,58.59,1.191,0.2165,2.2,0
9/18/2017,13:15, ,0,SD1,0,5.9,0,44.52,0,0.93,3.71,0.11,0.1,77.5,0,6.67,0,7.63,0,-57.1,21.419,0,8625,4.82,0,20.24,60.71,1.19,0.217,2.205,0
9/18/2017,13:30, ,0,SD1,0,5.9,0,38.34,0,0.9,3.59,0.15,0.14,77.9,0,6.69,0,7.63,0,-56.8,21.431,0,8635.6,4.82,0,20.24,60.74,1.194,0.2169,2.204,0
9/18/2017,13:45, ,0,SD1,0,5.9,0,29.83,0,0.85,3.39,0.09,0.09,77.6,0,6.66,0,7.63,0,-56.9,21.465,0,8633,4.82,0,20.94,62.83,1.182,0.2163,2.199,0
9/18/2017,14:00, ,0,SD1,0,5.9,0,48.94,0,0.88,3.51,0.12,0.11,77.4,0,6.66,0,7.62,0,-56.7,21.41,0,8639.5,4.83,0,20.49,61.47,1.192,0.2149,2.184,0
9/18/2017,14:15, ,0,SD1,0,5.9,0,33.31,0,0.95,3.79,0.13,0.12,77.6,0,6.67,0,7.63,0,-57,21.416,0,8633.3,4.82,0,21.1,63.32,1.19,0.2129,2.164,0
9/18/2017,14:30, ,0,SD1,0,5.9,0,27.38,0,0.94,3.75,0.12,0.11,77,0,6.62,0,7.63,0,-56.9,21.418,0,8605.4,4.81,0,21.89,65.67,1.195,0.2104,2.138,0
9/18/2017,14:45, ,0,SD1,0,5.9,0,31,0,1.03,4.1,0.11,0.1,76.5,0,6.57,0,7.64,0,-57.4,21.477,0,8577.8,4.79,0,22.09,66.29,1.193,0.2064,2.098,0
9/18/2017,15:00, ,0,SD1,0,5.9,0,28.41,0,1.21,4.84,0.14,0.13,79.3,0,6.78,0,7.68,0,-60.2,21.756,0,8443.6,4.71,0,24.32,72.97,1.194,0.201,2.043,0
9/18/2017,15:15, ,0,SD1,0,5.9,0,28.98,0,1.32,5.26,0.16,0.15,80.7,0,6.88,0,7.72,0,-62.5,21.867,0,8310.7,4.63,0,26.16,78.49,1.183,0.1951,1.983,0
9/18/2017,15:30, ,0,SD1,0,5.9,0,29.13,0,1.39,5.56,0.13,0.13,80.9,0,6.9,0,7.73,0,-62.9,21.889,0,8264.6,4.6,0,26.8,80.4,1.191,0.1886,1.916,0
9/18/2017,15:45, ,0,SD1,0,5.9,0,31.89,0,1.43,5.69,0.16,0.16,81.2,0,6.93,0,7.74,0,-63.6,21.879,0,8217.9,4.57,0,27,81.01,1.19,0.1812,1.841,0
9/18/2017,16:00, ,0,SD1,0,5.9,0,31.77,0,1.28,5.11,0.19,0.18,80.2,0,6.85,0,7.73,0,-62.7,21.816,0,8221.9,4.58,0,26.85,80.57,1.194,0.1726,1.753,0
9/18/2017,16:15, ,0,SD1,0,5.9,0,36.14,0,1.33,5.29,0.17,0.17,78.8,0,6.75,0,7.71,0,-61.8,21.703,0,8219,4.57,0,26.47,79.41,1.182,0.1643,1.668,0
9/18/2017,16:30, ,0,SD1,0,5.9,0,36.84,0,1.29,5.14,0.13,0.13,77.8,0,6.68,0,7.71,0,-61.6,21.638,0,8159.2,4.54,0,27.19,81.58,1.191,0.1553,1.577,0
9/18/2017,16:45, ,0,SD1,0,5.9,0,36.51,0,1.41,5.64,0.17,0.16,77.7,0,6.66,0,7.71,0,-61.9,21.671,0,8103.4,4.51,0,27.29,81.88,1.19,0.1471,1.493,0
9/18/2017,17:00, ,0,SD1,0,5.9,0,33.99,0,1.45,5.77,0.2,0.19,78.1,0,6.69,0,7.71,0,-62.1,21.755,0,8051.8,4.47,0,28.92,86.76,1.194,0.138,1.4,0
9/18/2017,17:15, ,0,SD1,0,5.9,0,34.33,0,1.59,6.35,0.2,0.19,78.5,0,6.71,0,7.72,0,-62.6,21.867,0,7991.6,4.44,0,29.64,88.92,1.194,0.1291,1.309,0
9/18/2017,17:30, ,0,SD1,0,5.9,0,34.27,0,1.74,6.93,0.22,0.22,78.1,0,6.67,0,7.71,0,-61.9,21.899,0,7931.7,4.4,0,30.89,92.66,1.195,0.1219,1.236,0
9/18/2017,17:45, ,0,SD1,0,5.9,0,31.64,0,1.88,7.49,0.22,0.21,76.9,0,6.57,0,7.7,0,-61.2,21.813,0,7909.1,4.39,0,32.2,96.61,1.183,0.1152,1.167,0
9/18/2017,18:00, ,0,SD1,0,5.9,0,36.65,0,1.96,7.84,0.22,0.21,74.5,0,6.39,0,7.67,0,-59.3,21.681,0,7889,4.38,0,32.63,97.88,1.191,0.1095,1.109,0
9/18/2017,18:15, ,0,SD1,0,5.9,0,36.52,0,2.14,8.53,0.26,0.25,71.8,0,6.17,0,7.63,0,-57.1,21.574,0,7864.1,4.36,0,34.67,104.02,1.191,0.1045,1.059,0
9/18/2017,18:30, ,0,SD1,0,5.9,0,33.88,0,2.42,9.66,0.25,0.25,69.1,0,5.95,0,7.59,0,-54.8,21.499,0,7846.1,4.35,0,36.36,109.08,1.195,0.1021,1.034,0
9/18/2017,18:45, ,0,SD1,0,5.9,0,31.84,0,2.61,10.42,0.32,0.31,68.1,0,5.87,0,7.58,0,-54.1,21.442,0,7838.9,4.35,0,37.24,111.74,1.182,0.099,1.002,0
9/18/2017,19:00, ,0,SD1,0,5.9,0,39.94,0,2.78,11.12,0.3,0.3,66,0,5.69,0,7.55,0,-52.5,21.371,0,7827.6,4.34,0,38.82,116.48,1.192,0.0984,0.997,0
9/18/2017,19:15, ,0,SD1,0,5.9,0,31.19,0,2.93,11.72,0.31,0.31,64.7,0,5.59,0,7.54,0,-51.6,21.318,0,7822.9,4.34,0,39.41,118.23,1.19,0.0969,0.981,0
9/18/2017,19:30, ,0,SD1,0,5.9,0,34.7,0,3.18,12.71,0.42,0.42,63.1,0,5.45,0,7.51,0,-50.1,21.272,0,7813.9,4.33,0,40.08,120.24,1.194,0.0961,0.973,0
9/18/2017,19:45, ,0,SD1,0,5.9,0,31.15,0,3.2,12.78,0.36,0.35,62.4,0,5.4,0,7.51,0,-49.6,21.218,0,7810.1,4.33,0,40.57,121.72,1.194,0.0982,0.994,0
9/18/2017,20:00, ,0,SD1,0,5.9,0,50.38,0,2.9,11.6,0.35,0.35,63,0,5.46,0,7.51,0,-50.1,21.15,0,7815,4.34,0,40.05,120.15,1.194,0.1004,1.017,0
9/18/2017,20:15, ,0,SD1,0,5.9,0,28.41,0,1.57,6.27,0.18,0.17,75.2,0,6.53,0,7.71,0,-61.7,21.05,0,7819,4.34,0,33.98,101.94,1.184,0.1048,1.061,0
9/18/2017,20:30, ,0,SD1,0,5.9,0,25.05,0,1.39,5.55,0.17,0.16,77.3,0,6.71,0,7.74,0,-63.5,21.036,0,7817.7,4.34,0,33.1,99.32,1.193,0.1087,1.101,0
9/18/2017,20:45, ,0,SD1,0,5.9,0,24.12,0,1.31,5.24,0.15,0.14,78,0,6.78,0,7.76,0,-64.5,21.024,0,7824.1,4.34,0,32.75,98.26,1.191,0.1148,1.164,0
9/18/2017,21:00, ,0,SD1,0,5.9,0,26.21,0,1.27,5.06,0.15,0.15,78.3,0,6.81,0,7.76,0,-64.5,20.985,0,7864,4.37,0,32.21,96.63,1.194,0.1224,1.241,0
9/18/2017,21:15, ,0,SD1,0,5.9,0,27.86,0,1.25,4.97,0.11,0.11,78.5,0,6.83,0,7.76,0,-64.4,20.977,0,7916.1,4.4,0,31.23,93.7,1.181,0.1316,1.334,0
9/18/2017,21:30, ,0,SD1,0,5.9,0,35.15,0,1.18,4.72,0.14,0.13,78.6,0,6.82,0,7.75,0,-63.9,21.004,0,7993.6,4.44,0,29.41,88.23,1.19,0.1413,1.434,0
9/18/2017,21:45, ,0,SD1,0,5.9,0,39.87,0,1.16,4.62,0.14,0.13,78.6,0,6.82,0,7.74,0,-63.6,20.987,0,8072.9,4.49,0,27.88,83.64,1.191,0.151,1.533,0
9/18/2017,22:00, ,0,SD1,0,5.9,0,50.86,0,1.12,4.46,0.2,0.19,78.5,0,6.81,0,7.73,0,-62.8,21.008,0,8152.7,4.54,0,25.32,75.97,1.194,0.1614,1.639,0
9/18/2017,22:15, ,0,SD1,0,5.9,0,62.76,0,1.09,4.35,0.2,0.19,78.7,0,6.83,0,7.73,0,-62.6,21.022,0,8233.1,4.59,0,23.77,71.33,1.183,0.1723,1.749,0
9/18/2017,22:30, ,0,SD1,0,5.9,0,62.05,0,1.04,4.15,0.18,0.17,78.9,0,6.83,0,7.71,0,-61.6,21.105,0,8342.3,4.65,0,22.21,66.65,1.192,0.182,1.849,0
9/18/2017,22:45, ,0,SD1,0,5.9,0,83.02,0,1.03,4.11,0.2,0.19,79,0,6.83,0,7.7,0,-61.3,21.123,0,8392,4.68,0,21.25,63.75,1.192,0.1907,1.938,0
9/18/2017,23:00, ,0,SD1,0,5.9,0,69.26,0,1.09,4.34,0.23,0.22,79.1,0,6.84,0,7.69,0,-60.6,21.126,0,8457.2,4.72,0,20.2,60.61,1.194,0.1989,2.021,0
9/18/2017,23:15, ,0,SD1,0,5.9,0,84.45,0,1.05,4.2,0.27,0.26,79.3,0,6.86,0,7.68,0,-60.3,21.129,0,8505.7,4.75,0,18.94,56.83,1.194,0.2064,2.097,0
9/18/2017,23:30, ,0,SD1,0,5.9,0,73.48,0,1.02,4.07,0.22,0.21,79.4,0,6.87,0,7.68,0,-59.9,21.116,0,8532.5,4.76,0,19.31,57.94,1.195,0.2133,2.168,0
9/18/2017,23:45, ,0,SD1,0,5.9,0,66.03,0,0.99,3.95,0.21,0.2,79.4,0,6.87,0,7.68,0,-59.8,21.098,0,8548.7,4.77,0,19.73,59.2,1.186,0.2184,2.22,0
9/19/2017,0:00, ,0,SD1,0,5.9,0,62.81,0,1,3.98,0.19,0.19,79.5,0,6.88,0,7.67,0,-59.2,21.093,0,8581.3,4.79,0,19.07,57.22,1.193,0.2226,2.262,0
9/19/2017,0:15, ,0,SD1,0,5.9,0,58.02,0,0.96,3.84,0.16,0.15,79.5,0,6.88,0,7.66,0,-59,21.084,0,8602.6,4.81,0,19.27,57.82,1.191,0.2259,2.296,0
9/19/2017,0:30, ,0,SD1,0,5.9,0,36.4,0,0.93,3.71,0.14,0.13,79.5,0,6.88,0,7.66,0,-58.6,21.067,0,8606,4.81,0,19.84,59.53,1.193,0.2285,2.322,0
9/19/2017,0:45, ,0,SD1,0,5.9,0,43.63,0,0.9,3.59,0.15,0.15,79.8,0,6.91,0,7.66,0,-58.5,21.072,0,8632.7,4.82,0,19.48,58.44,1.194,0.2301,2.339,0
9/19/2017,1:00, ,0,SD1,0,5.9,0,43.83,0,0.92,3.66,0.17,0.17,79.5,0,6.89,0,7.65,0,-58.3,21.042,0,8625.6,4.82,0,19.81,59.44,1.194,0.231,2.348,0
9/19/2017,1:15, ,0,SD1,0,5.9,0,29.69,0,0.75,2.98,0.1,0.09,77.5,0,6.71,0,7.64,0,-57.3,21.024,0,8628.5,4.82,0,20.21,60.64,1.183,0.2309,2.347,0
9/19/2017,1:30, ,0,SD1,0,5.9,0,27.07,0,0.86,3.44,0.11,0.1,77.7,0,6.74,0,7.64,0,-57.8,20.989,0,8626.8,4.82,0,20.42,61.27,1.193,0.23,2.338,0
9/19/2017,1:45, ,0,SD1,0,5.9,0,35.32,0,0.96,3.81,0.1,0.09,78.3,0,6.79,0,7.64,0,-57.8,20.975,0,8621.6,4.82,0,20.78,62.35,1.19,0.2285,2.322,0
9/19/2017,2:00, ,0,SD1,0,5.9,0,29.42,0,0.9,3.59,0.12,0.11,78.6,0,6.82,0,7.65,0,-58,20.925,0,8613.5,4.81,0,21.27,63.81,1.194,0.2262,2.299,0
9/19/2017,2:15, ,0,SD1,0,5.9,0,26.08,0,0.89,3.54,0.11,0.1,78.6,0,6.83,0,7.66,0,-58.7,20.871,0,8581.3,4.79,0,22.29,66.87,1.183,0.2227,2.264,0
9/19/2017,2:30, ,0,SD1,0,5.9,0,22.27,0,0.95,3.77,0.14,0.13,78.3,0,6.82,0,7.67,0,-59.2,20.79,0,8552.7,4.78,0,23.13,69.41,1.192,0.2182,2.217,0
9/19/2017,2:45, ,0,SD1,0,5.9,0,24.86,0,0.92,3.69,0.11,0.1,78,0,6.8,0,7.67,0,-59.6,20.742,0,8521.1,4.76,0,23.92,71.77,1.191,0.2123,2.157,0
9/19/2017,3:00, ,0,SD1,0,5.9,0,25.98,0,1.02,4.05,0.1,0.1,77.1,0,6.75,0,7.69,0,-60.6,20.497,0,8364,4.67,0,26.32,78.97,1.194,0.2054,2.087,0
9/19/2017,3:15, ,0,SD1,0,5.9,0,24.88,0,1.05,4.2,0.13,0.13,76.8,0,6.74,0,7.7,0,-60.8,20.418,0,8347.7,4.66,0,26.66,79.98,1.182,0.1972,2.003,0
9/19/2017,3:30, ,0,SD1,0,5.9,0,25.66,0,1.04,4.15,0.12,0.12,76.6,0,6.72,0,7.69,0,-60.5,20.418,0,8351,4.66,0,26.44,79.32,1.192,0.1882,1.912,0
9/19/2017,3:45, ,0,SD1,0,5.9,0,25.97,0,1.11,4.43,0.13,0.13,75.8,0,6.68,0,7.7,0,-61.1,20.247,0,8242.4,4.59,0,27.81,83.43,1.19,0.1783,1.81,0
9/19/2017,4:00, ,0,SD1,0,5.9,0,30.35,0,1.14,4.55,0.18,0.18,75,0,6.62,0,7.69,0,-60.6,20.176,0,8215.7,4.58,0,27.98,83.94,1.194,0.1678,1.704,0
9/19/2017,4:15, ,0,SD1,0,5.9,0,29.63,0,1.19,4.74,0.15,0.14,74.1,0,6.55,0,7.69,0,-60.6,20.057,0,8149,4.54,0,29.07,87.23,1.182,0.1578,1.601,0
9/19/2017,4:30, ,0,SD1,0,5.9,0,33.1,0,1.27,5.05,0.18,0.18,72.8,0,6.46,0,7.69,0,-60.2,19.922,0,8095.2,4.51,0,29.93,89.8,1.193,0.1482,1.504,0
9/19/2017,4:45, ,0,SD1,0,5.9,0,31.48,0,1.4,5.6,0.16,0.15,71.6,0,6.37,0,7.68,0,-59.6,19.804,0,8050.6,4.48,0,30.97,92.91,1.191,0.1391,1.411,0
9/19/2017,5:00, ,0,SD1,0,5.9,0,29.54,0,1.44,5.75,0.19,0.19,70.5,0,6.28,0,7.67,0,-58.9,19.708,0,7998.6,4.45,0,31.76,95.29,1.194,0.1304,1.322,0
9/19/2017,5:15, ,0,SD1,0,5.9,0,32.55,0,1.81,7.21,0.23,0.22,67.6,0,6.04,0,7.63,0,-57.1,19.594,0,7952,4.42,0,34.01,102.02,1.194,0.1225,1.242,0
9/19/2017,5:30, ,0,SD1,0,5.9,0,34.87,0,2.03,8.12,0.27,0.26,64.8,0,5.8,0,7.59,0,-54.5,19.484,0,7937.5,4.41,0,35.25,105.75,1.195,0.1153,1.168,0
9/19/2017,5:45, ,0,SD1,0,5.9,0,37.87,0,2.28,9.13,0.29,0.28,61.5,0,5.51,0,7.56,0,-52.4,19.379,0,7917.2,4.4,0,36.69,110.09,1.183,0.1096,1.109,0
9/19/2017,6:00, ,0,SD1,0,5.9,0,43.88,0,2.61,10.41,0.3,0.29,58.1,0,5.22,0,7.51,0,-49.8,19.27,0,7905.7,4.4,0,38.46,115.39,1.192,0.1039,1.052,0
9/19/2017,6:15, ,0,SD1,0,5.9,0,40.51,0,2.86,11.41,0.35,0.35,55.7,0,5.02,0,7.49,0,-48.3,19.176,0,7905.8,4.4,0,39.17,117.53,1.19,0.0994,1.006,0
9/19/2017,6:30, ,0,SD1,0,5.9,0,41.49,0,3.05,12.18,0.4,0.39,52.3,0,4.72,0,7.45,0,-46,19.081,0,7906.3,4.4,0,40.59,121.78,1.195,0.095,0.96,0
9/19/2017,6:45, ,0,SD1,0,5.9,0,44.43,0,3.34,13.33,0.38,0.37,49.3,0,4.45,0,7.42,0,-44.5,18.998,0,7911.6,4.4,0,41.77,125.32,1.194,0.091,0.92,0
9/19/2017,7:00, ,0,SD1,0,5.9,0,42.48,0,3.5,13.99,0.45,0.44,46.9,0,4.24,0,7.4,0,-43.1,18.918,0,7920.2,4.41,0,42.62,127.86,1.195,0.0873,0.882,0
9/19/2017,7:15, ,0,SD1,0,5.9,0,64.28,0,3.88,15.49,0.51,0.5,44,0,3.98,0,7.37,0,-41.4,18.85,0,7937.3,4.42,0,41.48,124.43,1.181,0.0834,0.843,0
9/19/2017,7:30, ,0,SD1,0,5.9,0,55.83,0,4.01,16.04,0.51,0.51,40.5,0,3.68,0,7.34,0,-39.5,18.765,0,7969.7,4.44,0,42.93,128.8,1.192,0.0797,0.805,0
9/19/2017,7:45, ,0,SD1,0,5.9,0,47.88,0,4.35,17.38,0.52,0.52,38,0,3.45,0,7.31,0,-37.8,18.702,0,8011.8,4.46,0,45.55,136.67,1.191,0.0764,0.772,0
9/19/2017,8:00, ,0,SD1,0,5.9,0,41.08,0,4.64,18.53,0.54,0.53,35,0,3.19,0,7.28,0,-35.8,18.647,0,8069.2,4.5,0,46.57,139.73,1.195,0.0735,0.742,0
9/19/2017,8:15, ,0,SD1,0,5.9,0,37.8,0,5.27,21.08,0.62,0.61,30.6,0,2.79,0,7.22,0,-32.7,18.535,0,8161.5,4.55,0,48.06,144.19,1.182,0.0709,0.715,0
9/19/2017,8:30, ,0,SD1,0,5.9,0,37.24,0,5.41,21.65,0.68,0.67,28.4,0,2.59,0,7.2,0,-31.1,18.505,0,8201.2,4.58,0,48.8,146.41,1.192,0.0689,0.695,0
9/19/2017,8:45, ,0,SD1,0,5.9,0,37.16,0,6.07,24.26,0.71,0.7,26.9,0,2.45,0,7.18,0,-29.9,18.499,0,8243.2,4.6,0,49.03,147.09,1.19,0.0683,0.689,0
9/19/2017,9:00, ,0,SD1,0,5.9,0,36.7,0,6.4,25.6,0.77,0.76,26.3,0,2.4,0,7.16,0,-29.1,18.529,0,8275.3,4.62,0,49.07,147.21,1.195,0.0693,0.698,0
9/19/2017,9:15, ,0,SD1,0,5.9,0,33.54,0,6.82,27.28,0.94,0.93,25.6,0,2.33,0,7.16,0,-28.9,18.561,0,8294.4,4.63,0,49.42,148.26,1.194,0.0729,0.735,0
9/19/2017,9:30, ,0,SD1,0,5.9,0,33.79,0,6.34,25.35,0.76,0.75,26.2,0,2.38,0,7.16,0,-28.9,18.621,0,8292.5,4.63,0,49.33,148,1.195,0.0791,0.799,0
9/19/2017,9:45, ,0,SD1,0,5.9,0,32.93,0,1.48,5.92,0.19,0.18,72.1,0,6.38,0,7.71,0,-61.8,20.137,0,7689.1,4.26,0,34.77,104.31,1.184,0.0875,0.885,0
9/19/2017,10:00, ,0,SD1,0,5.9,0,29.77,0,1.21,4.83,0.16,0.15,74.6,0,6.59,0,7.75,0,-64.2,20.188,0,7702.3,4.27,0,32.9,98.72,1.191,0.0978,0.99,0
9/19/2017,10:15, ,0,SD1,0,5.9,0,35.69,0,1.28,5.11,0.19,0.19,76.3,0,6.7,0,7.75,0,-64.3,20.485,0,7777.4,4.32,0,31.59,94.77,1.191,0.1087,1.101,0
9/19/2017,10:30, ,0,SD1,0,5.9,0,43.32,0,1.26,5.03,0.18,0.17,75.4,0,6.65,0,7.74,0,-63.3,20.288,0,7847.3,4.36,0,30.25,90.74,1.195,0.12,1.216,0
9/19/2017,10:45, ,0,SD1,0,5.9,0,51.18,0,1.16,4.61,0.18,0.17,75.5,0,6.64,0,7.73,0,-62.9,20.341,0,7904.3,4.39,0,28.54,85.62,1.183,0.1314,1.332,0
9/19/2017,11:00, ,0,SD1,0,5.9,0,55.95,0,1.18,4.7,0.25,0.24,76,0,6.67,0,7.73,0,-63.1,20.433,0,7932.6,4.41,0,26.62,79.86,1.192,0.1434,1.454,0
9/19/2017,11:15, ,0,SD1,0,5.9,0,87.83,0,1.22,4.88,0.26,0.25,75.8,0,6.66,0,7.72,0,-62.5,20.408,0,7996.8,4.45,0,24.44,73.32,1.191,0.1543,1.567,0
9/19/2017,11:30, ,0,SD1,0,5.9,0,78.57,0,1.15,4.59,0.25,0.24,76.6,0,6.71,0,7.72,0,-62.1,20.56,0,8112.8,4.52,0,23.52,70.57,1.194,0.1659,1.684,0
9/19/2017,11:45, ,0,SD1,0,5.9,0,86.48,0,1.17,4.68,0.27,0.26,76.7,0,6.71,0,7.71,0,-61.8,20.601,0,8181.1,4.56,0,22.14,66.42,1.183,0.1755,1.782,0
9/19/2017,12:00, ,0,SD1,0,5.9,0,110.45,0,1.11,4.42,0.24,0.23,77.1,0,6.73,0,7.71,0,-61.4,20.695,0,8257.2,4.6,0,21.26,63.8,1.193,0.1845,1.874,0
9/19/2017,12:15, ,0,SD1,0,5.9,0,81.15,0,1.05,4.17,0.26,0.25,77.4,0,6.75,0,7.7,0,-60.8,20.772,0,8340.7,4.65,0,20.82,62.46,1.191,0.1919,1.949,0
9/19/2017,12:30, ,0,SD1,0,5.9,0,66.9,0,1.08,4.32,0.23,0.22,77.7,0,6.76,0,7.69,0,-60.5,20.858,0,8381,4.67,0,21.25,63.76,1.194,0.1985,2.017,0
9/19/2017,12:45, ,0,SD1,0,5.9,0,65.77,0,1.04,4.14,0.19,0.18,78.1,0,6.78,0,7.69,0,-60.3,20.936,0,8416.3,4.7,0,21.3,63.9,1.183,0.204,2.073,0
9/19/2017,13:00, ,0,SD1,0,5.9,0,40.02,0,1.07,4.27,0.22,0.21,78.2,0,6.79,0,7.67,0,-59.4,20.932,0,8488.3,4.74,0,20.06,60.18,1.192,0.2084,2.118,0
9/19/2017,13:15, ,0,SD1,0,5.9,0,59.44,0,1.08,4.31,0.18,0.17,78.3,0,6.8,0,7.66,0,-59,20.951,0,8507.5,4.75,0,20.48,61.43,1.19,0.2115,2.15,0
9/19/2017,13:30, ,0,SD1,0,5.9,0,63.97,0,1.01,4.01,0.21,0.2,78.4,0,6.8,0,7.66,0,-58.9,21.002,0,8508.6,4.75,0,20.3,60.9,1.194,0.214,2.175,0
9/19/2017,13:45, ,0,SD1,0,5.9,0,44.27,0,1,3.97,0.19,0.18,78.4,0,6.79,0,7.66,0,-59,21.029,0,8513.1,4.75,0,21.63,64.89,1.193,0.2155,2.19,0
9/19/2017,14:00, ,0,SD1,0,5.9,0,40.37,0,1,3.99,0.17,0.17,78.2,0,6.78,0,7.65,0,-58.4,21.01,0,8528.3,4.76,0,21.24,63.72,1.194,0.2158,2.193,0
9/19/2017,14:15, ,0,SD1,0,5.9,0,28.28,0,0.92,3.67,0.14,0.13,78,0,6.76,0,7.65,0,-58.4,21.012,0,8529.8,4.76,0,21.89,65.68,1.185,0.2154,2.189,0
9/19/2017,14:30, ,0,SD1,0,5.9,0,35.9,0,0.89,3.53,0.14,0.13,77.9,0,6.76,0,7.65,0,-58.3,21.009,0,8526.4,4.76,0,21.55,64.66,1.194,0.2141,2.176,0
9/19/2017,14:45, ,0,SD1,0,5.9,0,32.66,0,0.98,3.89,0.12,0.11,78.2,0,6.78,0,7.66,0,-58.8,21.009,0,8516.2,4.75,0,22.23,66.71,1.19,0.2125,2.159,0
9/19/2017,15:00, ,0,SD1,0,5.9,0,22.55,0,1,3.99,0.12,0.11,78.1,0,6.77,0,7.66,0,-58.7,21.032,0,8500.7,4.75,0,23.17,69.53,1.194,0.2101,2.135,0
9/19/2017,15:15, ,0,SD1,0,5.9,0,32.66,0,1.1,4.39,0.15,0.15,78.3,0,6.77,0,7.67,0,-59.4,21.149,0,8468.6,4.73,0,23.26,69.77,1.183,0.2063,2.096,0
9/19/2017,15:30, ,0,SD1,0,5.9,0,46.19,0,1.05,4.17,0.15,0.14,77.7,0,6.74,0,7.67,0,-59.1,21.013,0,8467.1,4.73,0,22.81,68.45,1.192,0.2015,2.048,0
9/19/2017,15:45, ,0,SD1,0,5.9,0,37.32,0,1.07,4.27,0.15,0.14,77.4,0,6.71,0,7.68,0,-59.8,21.013,0,8417.7,4.7,0,23.27,69.81,1.191,0.1957,1.989,0
9/19/2017,16:00, ,0,SD1,0,5.9,0,28.76,0,1.21,4.81,0.15,0.14,77.4,0,6.69,0,7.69,0,-60.7,21.145,0,8275.4,4.61,0,26.5,79.51,1.195,0.1884,1.914,0
9/19/2017,16:15, ,0,SD1,0,5.9,0,27.51,0,1.17,4.68,0.17,0.16,78.5,0,6.77,0,7.71,0,-62,21.316,0,8224.7,4.58,0,27.38,82.14,1.185,0.1805,1.833,0
9/19/2017,16:30, ,0,SD1,0,5.9,0,27.23,0,1.31,5.23,0.15,0.15,78.6,0,6.78,0,7.72,0,-62.3,21.319,0,8171.8,4.55,0,27.94,83.84,1.193,0.1723,1.75,0
9/19/2017,16:45, ,0,SD1,0,5.9,0,30.11,0,1.38,5.49,0.17,0.16,78.3,0,6.76,0,7.73,0,-62.7,21.31,0,8125.2,4.52,0,28.42,85.25,1.191,0.1635,1.66,0
9/19/2017,17:00, ,0,SD1,0,5.9,0,32.4,0,1.37,5.46,0.18,0.17,77.4,0,6.69,0,7.71,0,-62.1,21.297,0,8074.5,4.49,0,28.96,86.88,1.195,0.1542,1.565,0
9/19/2017,17:15, ,0,SD1,0,5.9,0,34.61,0,1.59,6.35,0.2,0.19,76,0,6.57,0,7.7,0,-61.1,21.263,0,8033.8,4.47,0,29.73,89.21,1.183,0.1449,1.47,0
9/19/2017,17:30, ,0,SD1,0,5.9,0,34.7,0,1.85,7.37,0.22,0.22,74.7,0,6.46,0,7.67,0,-59.6,21.289,0,7999.1,4.45,0,31.35,94.06,1.193,0.136,1.38,0
9/19/2017,17:45, ,0,SD1,0,5.9,0,31.9,0,2.22,8.87,0.23,0.22,72.8,0,6.29,0,7.64,0,-57.4,21.267,0,7991.8,4.44,0,33.47,100.42,1.191,0.1275,1.293,0
9/19/2017,18:00, ,0,SD1,0,5.9,0,35.9,0,2.38,9.52,0.26,0.25,70.7,0,6.12,0,7.6,0,-55,21.235,0,7992.8,4.44,0,34.97,104.91,1.194,0.1201,1.218,0
9/19/2017,18:15, ,0,SD1,0,5.9,0,31.45,0,2.9,11.57,0.31,0.31,68.6,0,5.93,0,7.56,0,-52.9,21.19,0,8001.1,4.45,0,36.79,110.39,1.182,0.1135,1.15,0
9/19/2017,18:30, ,0,SD1,0,5.9,0,29.05,0,3.2,12.78,0.32,0.31,66.7,0,5.78,0,7.52,0,-50.3,21.144,0,8008.3,4.45,0,38.36,115.1,1.192,0.1079,1.092,0
9/19/2017,18:45, ,0,SD1,0,5.9,0,35.54,0,3.54,14.14,0.41,0.4,65.2,0,5.66,0,7.5,0,-49,21.089,0,8014.8,4.46,0,39.47,118.42,1.19,0.1025,1.038,0
9/19/2017,19:00, ,0,SD1,0,5.9,0,32.66,0,3.86,15.41,0.4,0.4,63.3,0,5.49,0,7.46,0,-46.7,20.999,0,8025.3,4.46,0,40.97,122.93,1.194,0.0982,0.994,0
9/19/2017,19:15, ,0,SD1,0,5.9,0,30.53,0,4.3,17.19,0.48,0.48,60.9,0,5.3,0,7.43,0,-45.1,20.914,0,8037.2,4.47,0,42.2,126.62,1.182,0.0949,0.96,0
9/19/2017,19:30, ,0,SD1,0,5.9,0,26.95,0,4.86,19.44,0.51,0.5,58.9,0,5.13,0,7.4,0,-43.2,20.853,0,8046.8,4.48,0,43.59,130.77,1.192,0.0922,0.933,0
9/19/2017,19:45, ,0,SD1,0,5.9,0,28.31,0,5.51,22.03,0.63,0.63,57.4,0,5.01,0,7.38,0,-42.4,20.802,0,8050.7,4.48,0,44.09,132.27,1.19,0.0898,0.908,0
9/19/2017,20:00, ,0,SD1,0,5.9,0,27.64,0,5.49,21.94,0.63,0.62,56.5,0,4.93,0,7.37,0,-41.4,20.751,0,8050.5,4.48,0,44.6,133.8,1.195,0.0877,0.886,0
9/19/2017,20:15, ,0,SD1,0,5.9,0,30.13,0,5.5,21.97,0.63,0.62,55,0,4.8,0,7.36,0,-40.9,20.688,0,8050.8,4.48,0,44.6,133.79,1.182,0.0859,0.868,0
9/19/2017,20:30, ,0,SD1,0,5.9,0,32.41,0,5.93,23.71,0.68,0.67,51.5,0,4.51,0,7.32,0,-38.6,20.58,0,8073.5,4.49,0,45.38,136.14,1.191,0.0847,0.856,0
9/19/2017,20:45, ,0,SD1,0,5.9,0,30.95,0,6.27,25.08,0.73,0.72,49.1,0,4.31,0,7.29,0,-37.1,20.513,0,8089,4.5,0,45.61,136.84,1.19,0.0851,0.86,0
9/19/2017,21:00, ,0,SD1,0,5.9,0,32.59,0,6.79,27.13,0.82,0.81,46.8,0,4.11,0,7.27,0,-35.5,20.469,0,8110.1,4.51,0,46.05,138.16,1.194,0.0872,0.882,0
9/19/2017,21:15, ,0,SD1,0,5.9,0,31.29,0,7.36,29.41,0.91,0.91,47.2,0,4.14,0,7.27,0,-35.9,20.451,0,8110.7,4.51,0,46.17,138.53,1.185,0.0908,0.918,0
9/19/2017,21:30, ,0,SD1,0,5.9,0,32.75,0,4.36,17.41,0.63,0.62,50.9,0,4.47,0,7.38,0,-42.2,20.446,0,7973.9,4.43,0,42.6,127.81,1.194,0.0966,0.977,0
9/19/2017,21:45, ,0,SD1,0,5.9,0,25.98,0,1.57,6.27,0.18,0.17,74.7,0,6.54,0,7.74,0,-63.2,20.611,0,7742.4,4.29,0,34.07,102.23,1.191,0.1042,1.055,0
9/19/2017,22:00, ,0,SD1,0,5.9,0,27.01,0,1.37,5.45,0.11,0.11,74.8,0,6.56,0,7.73,0,-62.8,20.578,0,7775.6,4.31,0,33.7,101.12,1.194,0.1131,1.146,0
9/19/2017,22:15, ,0,SD1,0,5.9,0,29.59,0,1.33,5.31,0.16,0.16,74.8,0,6.55,0,7.72,0,-62.5,20.601,0,7845.3,4.36,0,32.66,97.99,1.182,0.1233,1.25,0
9/19/2017,22:30, ,0,SD1,0,5.9,0,39.97,0,1.23,4.9,0.17,0.17,75.5,0,6.61,0,7.72,0,-62.3,20.632,0,7918.1,4.4,0,30.24,90.74,1.192,0.1337,1.356,0
9/19/2017,22:45, ,0,SD1,0,5.9,0,50.6,0,1.24,4.94,0.22,0.21,75.9,0,6.64,0,7.72,0,-62.5,20.654,0,7996.3,4.45,0,27.71,83.13,1.19,0.1449,1.47,0
9/19/2017,23:00, ,0,SD1,0,5.9,0,61.47,0,1.19,4.75,0.22,0.21,76.2,0,6.66,0,7.71,0,-62,20.659,0,8055.6,4.48,0,26.07,78.22,1.194,0.1563,1.587,0
9/19/2017,23:15, ,0,SD1,0,5.9,0,69.83,0,1.19,4.73,0.23,0.22,76.4,0,6.68,0,7.71,0,-61.9,20.698,0,8132.9,4.53,0,23.94,71.82,1.183,0.1672,1.698,0
9/19/2017,23:30, ,0,SD1,0,5.9,0,81.65,0,1.13,4.5,0.26,0.25,76.8,0,6.7,0,7.7,0,-61.1,20.74,0,8232,4.59,0,22,66,1.194,0.1773,1.8,0
9/19/2017,23:45, ,0,SD1,0,5.9,0,83.49,0,1.13,4.5,0.25,0.24,76.9,0,6.71,0,7.7,0,-60.9,20.763,0,8289.5,4.62,0,20.99,62.98,1.192,0.186,1.889,0
9/20/2017,0:00, ,0,SD1,0,5.9,0,85.4,0,1.15,4.58,0.27,0.27,77.1,0,6.72,0,7.68,0,-60.2,20.779,0,8344.6,4.65,0,20.61,61.85,1.194,0.1947,1.978,0
9/20/2017,0:15, ,0,SD1,0,5.9,0,81.23,0,1.13,4.52,0.27,0.26,77.4,0,6.74,0,7.68,0,-60,20.791,0,8397.8,4.68,0,20.14,60.44,1.183,0.2019,2.051,0
9/20/2017,0:30, ,0,SD1,0,5.9,0,79.7,0,1.04,4.16,0.2,0.2,77.6,0,6.76,0,7.67,0,-59.2,20.786,0,8436.5,4.71,0,20.04,60.11,1.193,0.2081,2.114,0
9/20/2017,0:45, ,0,SD1,0,5.9,0,78.21,0,1.04,4.17,0.2,0.19,77.7,0,6.76,0,7.67,0,-59.1,20.79,0,8457.8,4.72,0,20.02,60.05,1.191,0.2132,2.166,0
9/20/2017,1:00, ,0,SD1,0,5.9,0,71,0,1.04,4.14,0.21,0.21,77.8,0,6.77,0,7.65,0,-58.3,20.786,0,8485.9,4.74,0,19.83,59.5,1.194,0.2174,2.209,0
9/20/2017,1:15, ,0,SD1,0,5.9,0,63.75,0,0.97,3.85,0.19,0.18,77.8,0,6.78,0,7.66,0,-58.5,20.764,0,8491,4.74,0,20.01,60.03,1.194,0.2205,2.241,0
9/20/2017,1:30, ,0,SD1,0,5.9,0,46.45,0,1.07,4.27,0.15,0.14,77.5,0,6.75,0,7.65,0,-57.9,20.755,0,8498.4,4.75,0,20.29,60.87,1.195,0.2224,2.26,0
9/20/2017,1:45, ,0,SD1,0,5.9,0,43.97,0,1,3.97,0.13,0.12,77.7,0,6.77,0,7.65,0,-58.1,20.75,0,8508,4.75,0,20.55,61.67,1.183,0.2237,2.273,0
9/20/2017,2:00, ,0,SD1,0,5.9,0,39.89,0,0.93,3.72,0.16,0.15,77.7,0,6.77,0,7.64,0,-57.6,20.745,0,8519.1,4.76,0,20.97,62.93,1.194,0.2241,2.278,0
9/20/2017,2:15, ,0,SD1,0,5.9,0,43.36,0,0.88,3.52,0.14,0.13,77.6,0,6.76,0,7.65,0,-57.9,20.709,0,8510.5,4.75,0,21.65,64.96,1.191,0.2233,2.27,0
9/20/2017,2:30, ,0,SD1,0,5.9,0,30.32,0,0.83,3.32,0.15,0.14,76.2,0,6.65,0,7.63,0,-57,20.707,0,8504.6,4.75,0,21.79,65.37,1.194,0.2219,2.256,0
9/20/2017,2:45, ,0,SD1,0,5.9,0,28.93,0,0.98,3.89,0.14,0.14,76.9,0,6.71,0,7.64,0,-57.8,20.66,0,8498.2,4.75,0,22.25,66.75,1.182,0.2198,2.233,0
9/20/2017,3:00, ,0,SD1,0,5.8,0,28.97,0,1.01,4.04,0.2,0.19,76.6,0,6.69,0,7.65,0,-58,20.614,0,8479.5,4.73,0,22.99,68.96,1.192,0.2164,2.199,0
9/20/2017,3:15, ,0,SD1,0,5.9,0,26.4,0,1,3.98,0.12,0.11,76.8,0,6.73,0,7.66,0,-58.9,20.513,0,8450.2,4.72,0,24.12,72.35,1.19,0.2113,2.147,0
9/20/2017,3:30, ,0,SD1,0,5.9,0,26.42,0,1.01,4.01,0.16,0.15,76.4,0,6.69,0,7.67,0,-59,20.456,0,8405.8,4.69,0,25.03,75.09,1.195,0.2053,2.085,0
9/20/2017,3:45, ,0,SD1,0,5.9,0,25.94,0,1.14,4.53,0.15,0.14,75.2,0,6.62,0,7.68,0,-60,20.259,0,8262.1,4.61,0,27.64,82.92,1.193,0.1985,2.017,0
9/20/2017,4:00, ,0,SD1,0,5.9,0,26.1,0,1.13,4.51,0.12,0.11,74.9,0,6.6,0,7.68,0,-59.7,20.232,0,8261.1,4.61,0,27.6,82.79,1.194,0.1908,1.938,0
9/20/2017,4:15, ,0,SD1,0,5.8,0,28.13,0,1.16,4.64,0.16,0.16,74.5,0,6.57,0,7.67,0,-59.4,20.208,0,8251.9,4.6,0,27.57,82.73,1.182,0.1815,1.843,0
9/20/2017,4:30, ,0,SD1,0,5.9,0,30.23,0,1.19,4.74,0.13,0.12,73.9,0,6.52,0,7.67,0,-59.5,20.146,0,8202.1,4.57,0,28.02,84.07,1.194,0.1722,1.748,0
9/20/2017,4:45, ,0,SD1,0,5.9,0,31.97,0,1.27,5.05,0.18,0.17,73,0,6.45,0,7.68,0,-59.6,20.05,0,8146.5,4.54,0,28.95,86.86,1.191,0.1621,1.646,0
9/20/2017,5:00, ,0,SD1,0,5.9,0,31.47,0,1.41,5.61,0.21,0.2,71.4,0,6.34,0,7.66,0,-58.4,19.882,0,8079.3,4.5,0,30.42,91.26,1.195,0.1524,1.546,0
9/20/2017,5:15, ,0,SD1,0,5.9,0,33.93,0,1.58,6.32,0.21,0.21,70,0,6.23,0,7.65,0,-57.9,19.765,0,8041.7,4.48,0,31.56,94.68,1.183,0.1424,1.444,0
9/20/2017,5:30, ,0,SD1,0,5.8,0,33.78,0,1.7,6.78,0.22,0.21,68.9,0,6.14,0,7.63,0,-56.7,19.67,0,8021.8,4.46,0,32.25,96.75,1.194,0.1325,1.344,0
9/20/2017,5:45, ,0,SD1,0,5.9,0,49.43,0,2.15,8.6,0.28,0.28,66.5,0,5.94,0,7.59,0,-54.6,19.551,0,8008.2,4.46,0,33.05,99.16,1.19,0.1241,1.258,0
9/20/2017,6:00, ,0,SD1,0,5.9,0,34.4,0,2.6,10.38,0.32,0.31,63.6,0,5.69,0,7.54,0,-51.5,19.454,0,8008.6,4.46,0,35.99,107.97,1.194,0.1168,1.183,0
9/20/2017,6:15, ,0,SD1,0,5.8,0,43.65,0,3.23,12.89,0.4,0.39,59.1,0,5.31,0,7.47,0,-47.4,19.344,0,8033.1,4.47,0,37.34,112.04,1.181,0.1089,1.102,0
9/20/2017,6:30, ,0,SD1,0,5.8,0,40.41,0,4.35,17.4,0.5,0.49,51.9,0,4.66,0,7.38,0,-41.9,19.22,0,8092.9,4.51,0,40.88,122.65,1.194,0.1024,1.036,0
9/20/2017,6:45, ,0,SD1,0,5.8,0,38.03,0,6.06,24.22,0.57,0.56,46.8,0,4.22,0,7.32,0,-38.7,19.125,0,8142.6,4.54,0,43.48,130.44,1.191,0.0971,0.982,0
9/20/2017,7:00, ,0,SD1,0,5.8,0,37.51,0,5.72,22.87,0.64,0.64,42.4,0,3.83,0,7.27,0,-35.4,19.055,0,8189.3,4.57,0,45.4,136.21,1.195,0.0916,0.926,0
9/20/2017,7:15, ,0,SD1,0,5.9,0,38.98,0,6.55,26.2,0.75,0.75,39.1,0,3.53,0,7.24,0,-33.6,19.004,0,8221.3,4.59,0,45.96,137.87,1.194,0.0871,0.88,0
9/20/2017,7:30, ,0,SD1,0,5.8,0,37.76,0,6.83,27.3,0.81,0.8,36.7,0,3.32,0,7.21,0,-32.2,18.954,0,8248.3,4.6,0,46.9,140.7,1.195,0.083,0.838,0
9/20/2017,7:45, ,0,SD1,0,5.8,0,40.33,0,6.83,27.3,0.84,0.83,33.9,0,3.07,0,7.2,0,-31.2,18.871,0,8276.5,4.62,0,47.56,142.7,1.182,0.0797,0.805,0
9/20/2017,8:00, ,0,SD1,0,5.8,0,43.94,0,7.82,31.27,0.91,0.9,30.5,0,2.76,0,7.17,0,-29.4,18.813,0,8318,4.64,0,47.16,141.49,1.192,0.0764,0.771,0
9/20/2017,8:15, ,0,SD1,0,5.8,0,44.81,0,7.83,31.31,1.03,1.02,27.1,0,2.46,0,7.14,0,-27.8,18.742,0,8364.2,4.67,0,48.01,144.04,1.19,0.0737,0.743,0
9/20/2017,8:30, ,0,SD1,0,5.9,0,36.7,0,8.7,34.79,1.06,1.05,25.1,0,2.28,0,7.11,0,-25.9,18.686,0,8432.6,4.71,0,49.06,147.19,1.195,0.071,0.716,0
9/20/2017,8:45, ,0,SD1,0,5.8,0,37.81,0,9.77,39.07,1.21,1.21,24.4,0,2.22,0,7.09,0,-24.7,18.617,0,8517.8,4.76,0,50,150.02,1.193,0.0694,0.699,0
9/20/2017,9:00, ,0,SD1,0,5.8,0,33.81,0,12.51,50.04,1.41,1.4,24,0,2.19,0,7.05,0,-22.7,18.587,0,8604.5,4.82,0,50.5,151.52,1.195,0.0686,0.692,0
9/20/2017,9:15, ,0,SD1,0,5.8,0,37.12,0,12.56,50.24,1.46,1.46,23.9,0,2.17,0,7.04,0,-21.8,18.655,0,8697.5,4.87,0,50.39,151.16,1.185,0.0678,0.683,0
9/20/2017,9:30, ,0,SD1,0,5.8,0,39.54,0,11.36,45.42,1.44,1.43,23.2,0,2.1,0,7.02,0,-20.5,18.74,0,8753.2,4.91,0,50.14,150.43,1.195,0.0692,0.698,0
9/20/2017,9:45, ,0,SD1,0,5.9,0,38.24,0,13.84,55.35,1.71,1.71,23.9,0,2.16,0,7.02,0,-20.6,18.861,0,8763.6,4.91,0,50.18,150.53,1.183,0.0732,0.739,0
9/20/2017,10:00, ,0,SD1,0,5.8,0,33.15,0,12.51,50.01,1.53,1.53,23.5,0,2.13,0,7.01,0,-20,18.883,0,8778,4.92,0,50.54,151.64,1.191,0.0799,0.806,0
9/20/2017,10:15, ,0,SD1,0,5.8,0,38.14,0,3.27,13.08,0.43,0.43,62,0,5.51,0,7.51,0,-49.7,19.874,0,7894.6,4.39,0,38.79,116.38,1.19,0.0877,0.887,0
9/20/2017,10:30, ,0,SD1,0,5.8,0,35.14,0,1.38,5.52,0.15,0.15,72.1,0,6.38,0,7.71,0,-61.3,20.137,0,7764.6,4.31,0,33,99.02,1.194,0.0974,0.986,0
9/20/2017,10:45, ,0,SD1,0,5.8,0,43.13,0,1.34,5.34,0.17,0.16,72.7,0,6.43,0,7.71,0,-61.5,20.149,0,7798.1,4.33,0,31.84,95.53,1.183,0.1079,1.093,0
9/20/2017,11:00, ,0,SD1,0,5.8,0,51.34,0,1.26,5.01,0.19,0.18,73.5,0,6.49,0,7.71,0,-61.6,20.228,0,7864.8,4.37,0,29.62,88.86,1.194,0.1188,1.204,0
9/20/2017,11:15, ,0,SD1,0,5.8,0,67.17,0,1.25,4.99,0.23,0.22,74.7,0,6.58,0,7.73,0,-62.6,20.318,0,7891.1,4.38,0,27.13,81.41,1.19,0.1299,1.317,0
9/20/2017,11:30, ,0,SD1,0,5.8,0,76.46,0,1.26,5.03,0.24,0.24,75.4,0,6.63,0,7.72,0,-62.1,20.397,0,7951.4,4.42,0,25.51,76.55,1.194,0.1411,1.432,0
