Date,Time,F_Record,Time(Fract.Sec),SiteName,FaultCode,Battery,CablePwrV,Turb,F_Turb,DO_pct,F_DO_pct,DO_mgl,F_DO_mgl,pH,F_pH,pHmV,Temp,F_Temp,SpCond,Sal,F_Sal,fDOMRFU,fDOMQSU,ChlorophyllRFU,ChlorophyllugL,BGA-PCRFU,BGA-PCµg/L,WiperPosV,Pressbara,Depth,F_Depth
9/14/2017,11:30, ,0,LHS,0,6.2,0,20.91,<0> (CND),79.9,<0> (CND),6.82,<0> (CND),7.65,<0> (CND),-57.5,22.06,<0> (CND),7242.4,3.99,<0> (CND),32.29,96.71,1.28,5.12,0.18,0.18,1.226,0.1861,1.89,<0> (CND)
9/14/2017,11:45, ,0,LHS,0,6.2,0,21.61,0,79.6,0,6.79,0,7.65,0,-57.6,22.073,0,7232.5,3.99,0,32.19,96.4,1.4,5.6,0.26,0.27,1.229,0.1817,1.845,0
9/14/2017,12:00, ,0,LHS,0,6.2,0,20.94,0,79.2,0,6.76,0,7.65,0,-57.6,22.053,0,7187.2,3.96,0,32.62,97.69,1.31,5.27,0.21,0.22,1.219,0.1769,1.796,0
9/14/2017,12:15, ,0,LHS,0,6.2,0,20.92,0,79.1,0,6.75,0,7.65,0,-57.8,22.089,0,7165.5,3.95,0,32.77,98.13,1.31,5.26,0.2,0.21,1.224,0.1716,1.742,0
9/14/2017,12:30, ,0,LHS,0,6.2,0,23.39,0,78.1,0,6.68,0,7.64,0,-57.4,22.008,0,7133.5,3.93,0,32.66,97.81,1.3,5.21,0.24,0.24,1.218,0.166,1.685,0
9/14/2017,12:45, ,0,LHS,0,6.2,0,28.01,0,77.1,0,6.6,0,7.64,0,-57,21.919,0,7106.6,3.91,0,32.18,96.38,1.3,5.22,0.21,0.21,1.224,0.1599,1.622,0
9/14/2017,13:00, ,0,LHS,0,6.2,0,30.18,0,76.9,0,6.58,0,7.64,0,-57.1,21.926,0,7064,3.89,0,32.01,95.86,1.33,5.35,0.24,0.25,1.218,0.1537,1.559,0
9/14/2017,13:15, ,0,LHS,0,6.2,0,31.26,0,76.6,0,6.56,0,7.64,0,-57.1,21.934,0,7031.5,3.87,0,32.07,96.05,1.34,5.39,0.25,0.25,1.222,0.1472,1.492,0
9/14/2017,13:30, ,0,LHS,0,6.2,0,29.36,0,76.1,0,6.52,0,7.64,0,-57,21.937,0,7003.9,3.85,0,32.54,97.44,1.4,5.61,0.25,0.25,1.218,0.1414,1.434,0
9/14/2017,13:45, ,0,LHS,0,6.2,0,32.02,0,75.8,0,6.49,0,7.64,0,-56.9,21.926,0,6975.4,3.84,0,32.68,97.87,1.39,5.56,0.27,0.27,1.224,0.1362,1.38,0
9/14/2017,14:00, ,0,LHS,0,6.2,0,31.64,0,75.1,0,6.44,0,7.63,0,-56.7,21.902,0,6971.2,3.83,0,33.2,99.41,1.48,5.93,0.23,0.24,1.221,0.1311,1.328,0
9/14/2017,14:15, ,0,LHS,0,6.2,0,31.48,0,73.7,0,6.32,0,7.62,0,-56,21.876,0,6984,3.84,0,33.9,101.53,1.5,6.02,0.23,0.23,1.221,0.1271,1.287,0
9/14/2017,14:30, ,0,LHS,0,6.2,0,28.35,0,73.2,0,6.28,0,7.62,0,-55.9,21.841,0,6992.5,3.85,0,34.31,102.77,1.46,5.87,0.25,0.25,1.218,0.1242,1.258,0
9/14/2017,14:45, ,0,LHS,0,6.2,0,27.48,0,72.4,0,6.22,0,7.62,0,-55.7,21.805,0,7005.7,3.85,0,35.23,105.52,1.52,6.09,0.26,0.27,1.215,0.1227,1.243,0
9/14/2017,15:00, ,0,LHS,0,6.2,0,24.51,0,73.8,0,6.32,0,7.62,0,-56.2,21.933,0,7006.1,3.85,0,35.26,105.62,1.58,6.34,0.24,0.25,1.224,0.1222,1.238,0
9/14/2017,15:15, ,0,LHS,0,6.2,0,22.77,0,72.5,0,6.22,0,7.61,0,-55.5,21.859,0,7020.2,3.86,0,36.14,108.24,1.61,6.45,0.28,0.28,1.232,0.1231,1.246,0
9/14/2017,15:30, ,0,LHS,0,6.2,0,24.31,0,73.4,0,6.28,0,7.62,0,-56,21.947,0,7009.6,3.86,0,36.05,107.98,1.54,6.19,0.24,0.24,1.226,0.1252,1.268,0
9/14/2017,15:45, ,0,LHS,0,6.2,0,27.17,0,73.2,0,6.27,0,7.63,0,-56.4,21.919,0,7002.6,3.85,0,36.18,108.37,1.59,6.39,0.23,0.23,1.226,0.1287,1.304,0
9/14/2017,16:00, ,0,LHS,0,6.2,0,21.41,0,72.8,0,6.25,0,7.62,0,-56,21.844,0,6998.3,3.85,0,36.29,108.69,1.63,6.55,0.26,0.26,1.232,0.1334,1.351,0
9/14/2017,16:15, ,0,LHS,0,6.2,0,26.99,0,73.4,0,6.29,0,7.63,0,-56.3,21.903,0,6984.5,3.84,0,35.64,106.74,1.57,6.3,0.25,0.25,1.218,0.1386,1.405,0
9/14/2017,16:30, ,0,LHS,0,6.2,0,24.52,0,76.9,0,6.55,0,7.65,0,-57.7,22.174,0,7004.7,3.85,0,34.44,103.14,1.58,6.33,0.24,0.25,1.231,0.1442,1.463,0
9/14/2017,16:45, ,0,LHS,0,6.2,0,26.27,0,79.2,0,6.72,0,7.66,0,-58.6,22.349,0,7032.1,3.87,0,33.47,100.22,1.61,6.45,0.28,0.28,1.215,0.1504,1.526,0
9/14/2017,17:00, ,0,LHS,0,6.2,0,25.17,0,80.9,0,6.86,0,7.68,0,-59.4,22.459,0,7058.2,3.88,0,33.1,99.13,1.64,6.56,0.25,0.26,1.216,0.1567,1.59,0
9/14/2017,17:15, ,0,LHS,0,6.2,0,23.16,0,81.6,0,6.91,0,7.68,0,-59.7,22.483,0,7074.1,3.89,0,32.65,97.77,1.64,6.56,0.26,0.27,1.225,0.163,1.654,0
9/14/2017,17:30, ,0,LHS,0,6.2,0,25.55,0,81.6,0,6.92,0,7.68,0,-59.8,22.442,0,7090.6,3.9,0,32.38,96.98,1.62,6.5,0.28,0.28,1.216,0.1694,1.72,0
9/14/2017,17:45, ,0,LHS,0,6.2,0,23.53,0,81.2,0,6.89,0,7.68,0,-59.3,22.373,0,7118.3,3.92,0,32.51,97.35,1.53,6.14,0.26,0.26,1.231,0.1764,1.791,0
9/14/2017,18:00, ,0,LHS,0,6.2,0,33.32,0,80.6,0,6.84,0,7.67,0,-58.9,22.312,0,7151.7,3.94,0,32.02,95.87,1.53,6.14,0.25,0.25,1.222,0.1828,1.857,0
9/14/2017,18:15, ,0,LHS,0,6.2,0,23.48,0,80.2,0,6.82,0,7.66,0,-58.5,22.269,0,7193.1,3.96,0,32.36,96.89,1.41,5.65,0.22,0.22,1.22,0.189,1.92,0
9/14/2017,18:30, ,0,LHS,0,6.2,0,25.15,0,80.1,0,6.81,0,7.66,0,-58.3,22.263,0,7216.2,3.98,0,32.39,96.98,1.47,5.88,0.23,0.23,1.221,0.1949,1.98,0
9/14/2017,18:45, ,0,LHS,0,6.2,0,24.13,0,80,0,6.8,0,7.66,0,-58.1,22.247,0,7248.8,4,0,32.03,95.93,1.4,5.6,0.19,0.19,1.233,0.2011,2.043,0
9/14/2017,19:00, ,0,LHS,0,6.2,0,26.15,0,80.1,0,6.81,0,7.66,0,-58,22.225,0,7302.3,4.03,0,31.42,94.08,1.43,5.74,0.23,0.24,1.227,0.2069,2.102,0
9/14/2017,19:15, ,0,LHS,0,6.2,0,21.78,0,80,0,6.81,0,7.65,0,-57.7,22.21,0,7347.6,4.05,0,31.51,94.35,1.4,5.63,0.26,0.26,1.224,0.2122,2.157,0
9/14/2017,19:30, ,0,LHS,0,6.2,0,23.78,0,80,0,6.81,0,7.65,0,-57.5,22.206,0,7398.3,4.08,0,31.3,93.72,1.38,5.54,0.23,0.23,1.221,0.2168,2.203,0
9/14/2017,19:45, ,0,LHS,0,6.2,0,23.16,0,80,0,6.8,0,7.64,0,-57.1,22.216,0,7467.9,4.13,0,31.07,93.04,1.38,5.53,0.18,0.19,1.218,0.2207,2.243,0
9/14/2017,20:00, ,0,LHS,0,6.2,0,22.6,0,79.9,0,6.8,0,7.64,0,-56.8,22.211,0,7516.5,4.15,0,30.8,92.22,1.35,5.41,0.24,0.24,1.215,0.2238,2.275,0
9/14/2017,20:15, ,0,LHS,0,6.2,0,25.81,0,79.8,0,6.79,0,7.63,0,-56.6,22.198,0,7552.4,4.18,0,30.68,91.85,1.29,5.17,0.23,0.23,1.215,0.2263,2.3,0
9/14/2017,20:30, ,0,LHS,0,6.2,0,19.79,0,79.7,0,6.78,0,7.63,0,-56.3,22.207,0,7598.5,4.2,0,30.49,91.3,1.22,4.9,0.17,0.18,1.228,0.2283,2.32,0
9/14/2017,20:45, ,0,LHS,0,6.2,0,21.69,0,79.8,0,6.78,0,7.62,0,-56.1,22.222,0,7647.3,4.23,0,30.14,90.25,1.21,4.85,0.18,0.19,1.224,0.2294,2.331,0
9/14/2017,21:00, ,0,LHS,0,6.2,0,19.15,0,79.8,0,6.78,0,7.62,0,-55.8,22.239,0,7705.5,4.27,0,29.94,89.63,1.21,4.85,0.21,0.22,1.226,0.2301,2.339,0
9/14/2017,21:15, ,0,LHS,0,6.2,0,18.57,0,80.1,0,6.8,0,7.62,0,-55.7,22.251,0,7754.6,4.3,0,29.83,89.3,1.22,4.89,0.23,0.23,1.222,0.2306,2.344,0
9/14/2017,21:30, ,0,LHS,0,6.2,0,16.96,0,79.8,0,6.78,0,7.61,0,-55.5,22.236,0,7758.7,4.3,0,29.84,89.33,1.22,4.89,0.21,0.21,1.215,0.2304,2.342,0
9/14/2017,21:45, ,0,LHS,0,6.2,0,17.82,0,79.9,0,6.78,0,7.61,0,-55.3,22.239,0,7795.4,4.32,0,29.68,88.86,1.24,4.97,0.21,0.22,1.223,0.2298,2.335,0
9/14/2017,22:00, ,0,LHS,0,6.2,0,15.61,0,79.8,0,6.78,0,7.61,0,-55.1,22.24,0,7825.2,4.34,0,29.68,88.85,1.22,4.91,0.19,0.2,1.225,0.2283,2.32,0
9/14/2017,22:15, ,0,LHS,0,6.2,0,16.54,0,79,0,6.71,0,7.6,0,-54.9,22.247,0,7838.4,4.35,0,29.58,88.55,1.15,4.59,0.23,0.24,1.224,0.226,2.297,0
9/14/2017,22:30, ,0,LHS,0,6.2,0,16.16,0,79.7,0,6.77,0,7.6,0,-55,22.223,0,7824.9,4.34,0,29.69,88.89,1.17,4.7,0.18,0.19,1.223,0.223,2.266,0
9/14/2017,22:45, ,0,LHS,0,6.2,0,17.1,0,79.6,0,6.76,0,7.6,0,-55,22.194,0,7819.2,4.33,0,29.63,88.7,1.13,4.54,0.19,0.2,1.22,0.219,2.225,0
9/14/2017,23:00, ,0,LHS,0,6.2,0,17.32,0,79.3,0,6.75,0,7.61,0,-55.1,22.132,0,7769.7,4.31,0,29.71,88.96,1.11,4.43,0.18,0.18,1.224,0.2135,2.169,0
9/14/2017,23:15, ,0,LHS,0,6.2,0,22.75,0,78.8,0,6.71,0,7.61,0,-55.2,22.09,0,7710.4,4.27,0,29.46,88.21,1.14,4.59,0.2,0.2,1.217,0.207,2.103,0
9/14/2017,23:30, ,0,LHS,0,6.2,0,26.17,0,78.4,0,6.69,0,7.61,0,-55.4,22.039,0,7651.9,4.24,0,29.33,87.82,1.16,4.67,0.2,0.21,1.221,0.1996,2.027,0
9/14/2017,23:45, ,0,LHS,0,6.2,0,27.47,0,78,0,6.65,0,7.61,0,-55.6,21.985,0,7584.3,4.2,0,29.12,87.18,1.17,4.7,0.24,0.25,1.217,0.1913,1.942,0
9/15/2017,0:00, ,0,LHS,0,6.2,0,38.82,0,77.9,0,6.66,0,7.62,0,-55.9,21.941,0,7520.2,4.16,0,28.65,85.76,1.22,4.91,0.22,0.23,1.222,0.1827,1.855,0
9/15/2017,0:15, ,0,LHS,0,6.2,0,42.27,0,77.4,0,6.63,0,7.62,0,-56.1,21.866,0,7425.1,4.1,0,28.72,85.99,1.24,4.96,0.23,0.24,1.215,0.1737,1.763,0
9/15/2017,0:30, ,0,LHS,0,6.1,0,50.59,0,76.9,0,6.59,0,7.62,0,-56.1,21.815,0,7361,4.06,0,28.38,84.97,1.29,5.18,0.26,0.26,1.221,0.1643,1.667,0
9/15/2017,0:45, ,0,LHS,0,6.2,0,48.37,0,76.3,0,6.55,0,7.62,0,-56,21.758,0,7294.5,4.03,0,28.28,84.65,1.3,5.2,0.3,0.3,1.217,0.1549,1.571,0
9/15/2017,1:00, ,0,LHS,0,6.1,0,55.19,0,75.9,0,6.52,0,7.62,0,-56.1,21.709,0,7238.5,3.99,0,28.52,85.4,1.36,5.44,0.29,0.3,1.223,0.1463,1.483,0
9/15/2017,1:15, ,0,LHS,0,6.1,0,47.79,0,75.3,0,6.48,0,7.62,0,-56.1,21.654,0,7195.9,3.97,0,28.89,86.5,1.33,5.32,0.33,0.33,1.216,0.1378,1.396,0
9/15/2017,1:30, ,0,LHS,0,6.1,0,50.46,0,74.1,0,6.38,0,7.61,0,-55.5,21.582,0,7178,3.96,0,29.42,88.09,1.37,5.5,0.3,0.3,1.221,0.1303,1.32,0
9/15/2017,1:45, ,0,LHS,0,6.1,0,52.94,0,72.7,0,6.28,0,7.61,0,-55.1,21.501,0,7162.3,3.95,0,29.7,88.91,1.38,5.54,0.33,0.34,1.215,0.1233,1.249,0
9/15/2017,2:00, ,0,LHS,0,6.1,0,90.67,0,71.6,0,6.19,0,7.59,0,-54.3,21.402,0,7158.1,3.95,0,30.48,91.27,1.36,5.47,0.3,0.3,1.222,0.1175,1.19,0
9/15/2017,2:15, ,0,LHS,0,6.1,0,50.73,0,70.1,0,6.07,0,7.59,0,-53.7,21.293,0,7131.4,3.93,0,31.61,94.65,1.4,5.63,0.3,0.3,1.218,0.1122,1.135,0
9/15/2017,2:30, ,0,LHS,0,6.1,0,42.65,0,68.7,0,5.97,0,7.58,0,-53.2,21.168,0,7120.9,3.93,0,33.14,99.24,1.41,5.66,0.28,0.28,1.223,0.1076,1.088,0
9/15/2017,2:45, ,0,LHS,0,6.1,0,37.46,0,67.2,0,5.85,0,7.57,0,-52.9,21.062,0,7111.6,3.92,0,34.54,103.44,1.41,5.67,0.22,0.23,1.224,0.1033,1.044,0
9/15/2017,3:00, ,0,LHS,0,6.1,0,39.53,0,65.8,0,5.74,0,7.56,0,-52.4,20.955,0,7117.9,3.92,0,35.94,107.63,1.42,5.7,0.27,0.27,1.224,0.0993,1.003,0
9/15/2017,3:15, ,0,LHS,0,6.1,0,30.39,0,64.5,0,5.64,0,7.55,0,-51.8,20.858,0,7127.3,3.93,0,36.5,109.34,1.42,5.7,0.27,0.27,1.224,0.095,0.959,0
9/15/2017,3:30, ,0,LHS,0,6.1,0,32.68,0,63.4,0,5.55,0,7.54,0,-51.2,20.752,0,7148,3.94,0,37.07,111.03,1.41,5.64,0.22,0.22,1.225,0.0905,0.914,0
9/15/2017,3:45, ,0,LHS,0,6.1,0,31.44,0,62.3,0,5.46,0,7.53,0,-50.6,20.652,0,7172.5,3.96,0,37.72,112.99,1.46,5.84,0.25,0.25,1.221,0.0859,0.867,0
9/15/2017,4:00, ,0,LHS,0,6.1,0,31.22,0,61.3,0,5.38,0,7.53,0,-50.5,20.593,0,7166,3.95,0,38.8,116.22,1.42,5.68,0.25,0.25,1.221,0.0815,0.821,0
9/15/2017,4:15, ,0,LHS,0,6.1,0,27.97,0,60.6,0,5.33,0,7.53,0,-50.3,20.525,0,7175.9,3.96,0,39.54,118.45,1.45,5.8,0.27,0.28,1.22,0.0769,0.774,0
9/15/2017,4:30, ,0,LHS,0,6.1,0,26.1,0,59.8,0,5.27,0,7.52,0,-50,20.442,0,7187.8,3.97,0,39.61,118.65,1.42,5.71,0.19,0.19,1.22,0.0724,0.728,0
9/15/2017,4:45, ,0,LHS,0,6.1,0,28.46,0,59,0,5.2,0,7.52,0,-49.7,20.39,0,7193,3.97,0,40.33,120.83,1.47,5.9,0.25,0.25,1.219,0.0688,0.692,0
9/15/2017,5:00, ,0,LHS,0,6.1,0,24.46,0,58.6,0,5.17,0,7.52,0,-49.6,20.332,0,7199.9,3.97,0,41.19,123.4,1.47,5.89,0.22,0.23,1.219,0.0653,0.657,0
9/15/2017,5:15, ,0,LHS,0,6.1,0,23.9,0,58.3,0,5.15,0,7.52,0,-49.6,20.274,0,7207.7,3.98,0,41.6,124.63,1.49,5.96,0.23,0.24,1.219,0.0627,0.63,0
9/15/2017,5:30, ,0,LHS,0,6.1,0,20.71,0,58,0,5.13,0,7.52,0,-49.6,20.228,0,7205.3,3.98,0,42.5,127.31,1.48,5.95,0.21,0.21,1.218,0.062,0.623,0
9/15/2017,5:45, ,0,LHS,0,6.1,0,20.83,0,57.7,0,5.11,0,7.52,0,-49.5,20.189,0,7210.6,3.98,0,42.51,127.35,1.52,6.1,0.24,0.25,1.226,0.0617,0.62,0
9/15/2017,6:00, ,0,LHS,0,6.1,0,19.38,0,57.6,0,5.1,0,7.52,0,-49.6,20.157,0,7212.3,3.98,0,42.67,127.84,1.51,6.06,0.21,0.22,1.234,0.0633,0.636,0
9/15/2017,6:15, ,0,LHS,0,6.1,0,19.73,0,57.6,0,5.1,0,7.52,0,-49.5,20.143,0,7214,3.98,0,42.86,128.39,1.51,6.07,0.21,0.21,1.229,0.068,0.684,0
9/15/2017,6:30, ,0,LHS,0,6.1,0,18.49,0,57.9,0,5.13,0,7.52,0,-49.7,20.169,0,7208.1,3.98,0,42.35,126.88,1.54,6.18,0.22,0.22,1.222,0.074,0.746,0
9/15/2017,6:45, ,0,LHS,0,6.1,0,20.41,0,57.9,0,5.12,0,7.52,0,-49.7,20.193,0,7203.3,3.98,0,42.31,126.76,1.52,6.1,0.23,0.24,1.215,0.0823,0.83,0
9/15/2017,7:00, ,0,LHS,0,6.1,0,21.48,0,58.5,0,5.17,0,7.52,0,-50,20.261,0,7190.3,3.97,0,41.83,125.32,1.49,5.95,0.24,0.24,1.225,0.0925,0.934,0
9/15/2017,7:15, ,0,LHS,0,6.1,0,30.27,0,60,0,5.3,0,7.54,0,-50.6,20.231,0,7179.5,3.96,0,39.86,119.41,1.57,6.3,0.27,0.27,1.223,0.1028,1.039,0
9/15/2017,7:30, ,0,LHS,0,6.1,0,36.01,0,63.4,0,5.61,0,7.57,0,-52.4,20.239,0,7133.1,3.94,0,37.24,111.53,1.59,6.36,0.27,0.28,1.227,0.1136,1.149,0
9/15/2017,7:45, ,0,LHS,0,6.1,0,37.49,0,66.2,0,5.84,0,7.59,0,-53.8,20.336,0,7077.6,3.9,0,35.93,107.62,1.58,6.33,0.3,0.31,1.221,0.1239,1.254,0
9/15/2017,8:00, ,0,LHS,0,6.1,0,35.5,0,67.7,0,5.96,0,7.6,0,-54.5,20.463,0,7014.9,3.87,0,34.76,104.11,1.56,6.24,0.27,0.27,1.218,0.134,1.357,0
9/15/2017,8:15, ,0,LHS,0,6.1,0,45.37,0,69.3,0,6.08,0,7.6,0,-54.7,20.681,0,6948.3,3.83,0,33.37,99.92,1.47,5.91,0.3,0.31,1.223,0.1438,1.458,0
9/15/2017,8:30, ,0,LHS,0,6.1,0,36.72,0,70.2,0,6.14,0,7.6,0,-54.7,20.821,0,6987.2,3.85,0,32.46,97.2,1.45,5.82,0.3,0.31,1.219,0.1536,1.558,0
9/15/2017,8:45, ,0,LHS,0,6.1,0,42.21,0,71.4,0,6.23,0,7.61,0,-54.9,20.928,0,7016.5,3.86,0,31.68,94.87,1.39,5.59,0.35,0.35,1.221,0.1624,1.648,0
9/15/2017,9:00, ,0,LHS,0,6.1,0,40.06,0,72.3,0,6.3,0,7.61,0,-55.1,21.036,0,7066.8,3.89,0,31.61,94.64,1.37,5.5,0.32,0.32,1.219,0.1704,1.729,0
9/15/2017,9:15, ,0,LHS,0,6.1,0,40.4,0,73,0,6.35,0,7.61,0,-55.2,21.102,0,7125.4,3.93,0,31.12,93.18,1.39,5.57,0.28,0.29,1.222,0.1777,1.804,0
9/15/2017,9:30, ,0,LHS,0,6.1,0,41.33,0,73.6,0,6.39,0,7.61,0,-55.4,21.161,0,7196.5,3.97,0,30.57,91.54,1.32,5.31,0.32,0.32,1.217,0.1839,1.867,0
9/15/2017,9:45, ,0,LHS,0,6.1,0,40.44,0,73.9,0,6.41,0,7.61,0,-55.4,21.197,0,7248.4,4,0,30.52,91.4,1.29,5.17,0.25,0.25,1.222,0.1891,1.92,0
9/15/2017,10:00, ,0,LHS,0,6.1,0,37.69,0,74.2,0,6.43,0,7.61,0,-55.4,21.248,0,7290.6,4.02,0,30.59,91.6,1.33,5.32,0.28,0.29,1.217,0.1931,1.961,0
9/15/2017,10:15, ,0,LHS,0,6.1,0,32.9,0,74.3,0,6.43,0,7.61,0,-55.3,21.284,0,7321.5,4.04,0,31.04,92.94,1.35,5.42,0.24,0.25,1.223,0.1964,1.994,0
9/15/2017,10:30, ,0,LHS,0,6.1,0,27.71,0,74.5,0,6.44,0,7.61,0,-55.2,21.321,0,7359.9,4.07,0,30.85,92.38,1.31,5.24,0.24,0.25,1.224,0.1987,2.018,0
9/15/2017,10:45, ,0,LHS,0,6.1,0,26.06,0,74.6,0,6.45,0,7.61,0,-55.1,21.357,0,7393.2,4.09,0,31.18,93.36,1.34,5.36,0.27,0.27,1.224,0.1999,2.03,0
9/15/2017,11:00, ,0,LHS,0,6.1,0,25.34,0,74.5,0,6.44,0,7.6,0,-54.9,21.365,0,7417.1,4.1,0,31.49,94.3,1.32,5.29,0.25,0.25,1.226,0.2004,2.035,0
9/15/2017,11:15, ,0,LHS,0,6.1,0,22.55,0,74.3,0,6.42,0,7.6,0,-54.7,21.38,0,7428.1,4.11,0,31.82,95.29,1.24,4.97,0.24,0.24,1.227,0.1999,2.03,0
9/15/2017,11:30, ,0,LHS,0,6.1,0,24.51,0,73.8,0,6.37,0,7.6,0,-54.6,21.376,0,7443,4.11,0,31.92,95.58,1.26,5.04,0.26,0.26,1.23,0.1987,2.018,0
9/15/2017,11:45, ,0,LHS,0,6.1,0,25.6,0,74.5,0,6.44,0,7.6,0,-54.7,21.376,0,7437.2,4.11,0,31.77,95.14,1.34,5.38,0.22,0.22,1.233,0.1969,2,0
9/15/2017,12:00, ,0,LHS,0,6.1,0,24.02,0,74.9,0,6.46,0,7.61,0,-55,21.434,0,7423.5,4.1,0,31.91,95.54,1.35,5.42,0.21,0.22,1.221,0.1945,1.975,0
9/15/2017,12:15, ,0,LHS,0,6.1,0,26.64,0,74.4,0,6.42,0,7.61,0,-55,21.406,0,7392.1,4.08,0,31.6,94.63,1.28,5.14,0.19,0.2,1.215,0.1914,1.944,0
9/15/2017,12:30, ,0,LHS,0,6.1,0,26.31,0,74.9,0,6.46,0,7.61,0,-55.2,21.52,0,7372.6,4.07,0,31.5,94.31,1.32,5.29,0.21,0.21,1.216,0.1877,1.906,0
9/15/2017,12:45, ,0,LHS,0,6.1,0,21.6,0,77.3,0,6.62,0,7.63,0,-56.5,21.882,0,7362.1,4.06,0,31.9,95.54,1.42,5.68,0.21,0.21,1.226,0.1833,1.861,0
9/15/2017,13:00, ,0,LHS,0,6.1,0,23.23,0,76.2,0,6.55,0,7.62,0,-56,21.719,0,7318.8,4.04,0,31.95,95.66,1.31,5.25,0.22,0.22,1.226,0.1778,1.805,0
9/15/2017,13:15, ,0,LHS,0,6.1,0,21.75,0,76.8,0,6.59,0,7.63,0,-56.3,21.802,0,7283.2,4.02,0,32.45,97.16,1.35,5.41,0.23,0.24,1.215,0.1721,1.747,0
9/15/2017,13:30, ,0,LHS,0,6.1,0,22.09,0,76.8,0,6.58,0,7.63,0,-56.4,21.847,0,7254.9,4,0,32.51,97.34,1.28,5.15,0.2,0.21,1.22,0.1656,1.68,0
9/15/2017,13:45, ,0,LHS,0,6.1,0,38.12,0,74.5,0,6.42,0,7.61,0,-55.5,21.541,0,7222.8,3.98,0,31.34,93.85,1.27,5.09,0.22,0.22,1.222,0.1589,1.612,0
9/15/2017,14:00, ,0,LHS,0,6.1,0,36.58,0,74.4,0,6.41,0,7.61,0,-55.5,21.571,0,7172.6,3.95,0,31.56,94.51,1.25,5.01,0.23,0.24,1.228,0.152,1.542,0
9/15/2017,14:15, ,0,LHS,0,6.1,0,32,0,74.3,0,6.4,0,7.61,0,-55.5,21.619,0,7143.2,3.94,0,31.54,94.44,1.31,5.27,0.24,0.25,1.221,0.145,1.47,0
9/15/2017,14:30, ,0,LHS,0,6.1,0,42.89,0,73.6,0,6.35,0,7.61,0,-55.3,21.577,0,7100.5,3.91,0,31.89,95.5,1.38,5.53,0.25,0.26,1.218,0.1381,1.4,0
9/15/2017,14:45, ,0,LHS,0,6.1,0,34.56,0,73.1,0,6.3,0,7.61,0,-55,21.587,0,7080.8,3.9,0,32.18,96.35,1.38,5.51,0.25,0.26,1.222,0.1316,1.333,0
9/15/2017,15:00, ,0,LHS,0,6.1,0,36.76,0,71.7,0,6.18,0,7.6,0,-54.4,21.572,0,7068.9,3.89,0,32.37,96.94,1.4,5.6,0.21,0.21,1.217,0.1254,1.27,0
9/15/2017,15:15, ,0,LHS,0,6.1,0,35.71,0,70.8,0,6.11,0,7.59,0,-54.1,21.498,0,7061.5,3.89,0,33.3,99.72,1.41,5.67,0.25,0.25,1.222,0.12,1.215,0
9/15/2017,15:30, ,0,LHS,0,6.1,0,32.34,0,70.2,0,6.06,0,7.59,0,-54,21.418,0,7055,3.89,0,34.2,102.43,1.47,5.91,0.23,0.24,1.215,0.1155,1.169,0
9/15/2017,15:45, ,0,LHS,0,6.1,0,31.27,0,69.1,0,5.98,0,7.58,0,-53.3,21.381,0,7080.7,3.9,0,35.04,104.93,1.47,5.89,0.26,0.26,1.221,0.1123,1.136,0
9/15/2017,16:00, ,0,LHS,0,6.1,0,29.42,0,68.2,0,5.91,0,7.57,0,-52.9,21.312,0,7095.1,3.91,0,35.96,107.7,1.53,6.15,0.24,0.25,1.216,0.1103,1.116,0
9/15/2017,16:15, ,0,LHS,0,6.1,0,29.77,0,67.2,0,5.82,0,7.56,0,-52.2,21.28,0,7117.2,3.92,0,36.5,109.32,1.5,5.99,0.22,0.23,1.223,0.1092,1.104,0
9/15/2017,16:30, ,0,LHS,0,6.1,0,25.99,0,66.4,0,5.76,0,7.55,0,-51.9,21.246,0,7131,3.93,0,37.62,112.67,1.57,6.27,0.25,0.25,1.217,0.1094,1.107,0
9/15/2017,16:45, ,0,LHS,0,6.1,0,21.03,0,65.7,0,5.7,0,7.56,0,-52,21.208,0,7133.7,3.93,0,38.65,115.77,1.58,6.34,0.25,0.25,1.221,0.1109,1.122,0
9/15/2017,17:00, ,0,LHS,0,6.1,0,20.93,0,65.4,0,5.68,0,7.56,0,-52.1,21.21,0,7130.2,3.93,0,38.4,115.01,1.53,6.14,0.24,0.25,1.217,0.1139,1.152,0
9/15/2017,17:15, ,0,LHS,0,6.1,0,30.47,0,67.5,0,5.85,0,7.57,0,-53,21.254,0,7108.5,3.92,0,38.26,114.59,1.65,6.63,0.26,0.26,1.221,0.1182,1.197,0
9/15/2017,17:30, ,0,LHS,0,6.1,0,22.39,0,67.3,0,5.84,0,7.57,0,-52.9,21.266,0,7105.5,3.92,0,38.07,114.03,1.62,6.5,0.25,0.26,1.219,0.1234,1.249,0
9/15/2017,17:45, ,0,LHS,0,6.1,0,24.01,0,69.7,0,6.03,0,7.59,0,-54,21.385,0,7074.8,3.9,0,36.74,110.05,1.62,6.49,0.23,0.23,1.223,0.1297,1.314,0
9/15/2017,18:00, ,0,LHS,0,6.1,0,40.69,0,74.7,0,6.43,0,7.63,0,-56.4,21.646,0,7102.9,3.91,0,33.96,101.7,1.67,6.71,0.32,0.33,1.219,0.1366,1.384,0
9/15/2017,18:15, ,0,LHS,0,6.1,0,29,0,77.2,0,6.62,0,7.65,0,-57.6,21.776,0,7111,3.92,0,33.28,99.67,1.68,6.73,0.26,0.27,1.224,0.1437,1.457,0
9/15/2017,18:30, ,0,LHS,0,6.1,0,30.86,0,78.6,0,6.73,0,7.66,0,-58.2,21.872,0,7128.6,3.93,0,32.8,98.21,1.67,6.7,0.29,0.29,1.219,0.1512,1.533,0
9/15/2017,18:45, ,0,LHS,0,6.1,0,30.51,0,78.7,0,6.74,0,7.66,0,-58.2,21.862,0,7126.4,3.93,0,32.33,96.82,1.68,6.72,0.35,0.35,1.222,0.1586,1.609,0
9/15/2017,19:00, ,0,LHS,0,6.1,0,30.37,0,77.8,0,6.67,0,7.65,0,-57.6,21.842,0,7154,3.94,0,32.4,97.02,1.5,6.02,0.29,0.3,1.219,0.1663,1.688,0
9/15/2017,19:15, ,0,LHS,0,6.1,0,26.91,0,77.5,0,6.65,0,7.64,0,-57.3,21.838,0,7178.6,3.96,0,32.78,98.17,1.56,6.23,0.26,0.27,1.224,0.1744,1.77,0
9/15/2017,19:30, ,0,LHS,0,6.1,0,27.39,0,77.3,0,6.63,0,7.64,0,-56.9,21.851,0,7218.3,3.98,0,32.39,96.98,1.42,5.7,0.23,0.24,1.219,0.1825,1.853,0
9/15/2017,19:45, ,0,LHS,0,6.1,0,22.46,0,77.3,0,6.62,0,7.63,0,-56.6,21.837,0,7273.8,4.01,0,31.92,95.59,1.39,5.57,0.23,0.23,1.223,0.1898,1.927,0
9/15/2017,20:00, ,0,LHS,0,6.1,0,29.22,0,77.2,0,6.62,0,7.63,0,-56.3,21.807,0,7328.1,4.04,0,31.49,94.3,1.41,5.65,0.22,0.22,1.228,0.1965,1.996,0
9/15/2017,20:15, ,0,LHS,0,6.1,0,29.2,0,77.2,0,6.62,0,7.62,0,-56.1,21.78,0,7376.2,4.07,0,31.26,93.6,1.36,5.47,0.26,0.26,1.223,0.2029,2.061,0
9/15/2017,20:30, ,0,LHS,0,6.1,0,31.1,0,77.3,0,6.63,0,7.62,0,-55.9,21.762,0,7412.8,4.1,0,31.23,93.51,1.38,5.54,0.28,0.28,1.216,0.2085,2.118,0
9/15/2017,20:45, ,0,LHS,0,6.1,0,28.28,0,77.5,0,6.65,0,7.62,0,-55.9,21.748,0,7467.8,4.13,0,30.92,92.57,1.35,5.4,0.22,0.23,1.223,0.2136,2.17,0
9/15/2017,21:00, ,0,LHS,0,6.1,0,27.46,0,77.5,0,6.65,0,7.62,0,-55.6,21.732,0,7521.8,4.16,0,30.38,90.97,1.31,5.27,0.25,0.25,1.217,0.2178,2.213,0
9/15/2017,21:15, ,0,LHS,0,6.1,0,26.38,0,77.4,0,6.64,0,7.61,0,-55.4,21.719,0,7554.8,4.18,0,30.6,91.63,1.27,5.1,0.2,0.21,1.224,0.2211,2.247,0
9/15/2017,21:30, ,0,LHS,0,6.1,0,24.79,0,77.4,0,6.64,0,7.61,0,-55.1,21.707,0,7614,4.21,0,30.17,90.32,1.25,5.02,0.2,0.2,1.219,0.2237,2.273,0
9/15/2017,21:45, ,0,LHS,0,6.1,0,23.06,0,77.4,0,6.64,0,7.6,0,-54.9,21.698,0,7649.2,4.24,0,30.01,89.84,1.26,5.05,0.22,0.23,1.224,0.2255,2.291,0
9/15/2017,22:00, ,0,LHS,0,6.1,0,22.14,0,77.7,0,6.66,0,7.6,0,-54.8,21.696,0,7695.7,4.26,0,30.1,90.13,1.24,4.96,0.19,0.19,1.221,0.2266,2.303,0
9/15/2017,22:15, ,0,LHS,0,6.1,0,20.86,0,77.8,0,6.67,0,7.6,0,-54.7,21.711,0,7733.6,4.29,0,30.06,90,1.23,4.92,0.19,0.19,1.223,0.2272,2.308,0
9/15/2017,22:30, ,0,LHS,0,6.1,0,21.44,0,78,0,6.69,0,7.6,0,-54.6,21.718,0,7773,4.31,0,29.91,89.56,1.21,4.87,0.21,0.22,1.22,0.2274,2.311,0
9/15/2017,22:45, ,0,LHS,0,6.1,0,21.18,0,77.9,0,6.69,0,7.6,0,-54.4,21.698,0,7793.8,4.32,0,29.82,89.28,1.19,4.78,0.18,0.19,1.224,0.2272,2.308,0
9/15/2017,23:00, ,0,LHS,0,6.1,0,19.19,0,78.1,0,6.69,0,7.59,0,-54.3,21.719,0,7842,4.35,0,29.48,88.25,1.18,4.75,0.19,0.19,1.215,0.2264,2.301,0
9/15/2017,23:15, ,0,LHS,0,6.1,0,17.72,0,78,0,6.68,0,7.59,0,-54.1,21.722,0,7859.6,4.36,0,29.66,88.8,1.11,4.47,0.17,0.17,1.223,0.2249,2.285,0
9/15/2017,23:30, ,0,LHS,0,6.1,0,17.98,0,77.4,0,6.63,0,7.59,0,-54.1,21.707,0,7861.4,4.36,0,29.72,88.98,1.1,4.43,0.19,0.2,1.216,0.2222,2.257,0
9/15/2017,23:45, ,0,LHS,0,6.1,0,19.28,0,77.9,0,6.68,0,7.59,0,-54,21.721,0,7864.9,4.36,0,29.4,88.03,1.13,4.54,0.22,0.23,1.224,0.2184,2.219,0
9/16/2017,0:00, ,0,LHS,0,6.1,0,19.28,0,77.6,0,6.67,0,7.59,0,-54.2,21.611,0,7801.6,4.33,0,29.82,89.28,1.13,4.52,0.16,0.16,1.218,0.2133,2.167,0
9/16/2017,0:15, ,0,LHS,0,6.1,0,23.32,0,77.4,0,6.66,0,7.6,0,-54.4,21.575,0,7760.7,4.3,0,29.59,88.59,1.11,4.45,0.14,0.14,1.222,0.207,2.102,0
9/16/2017,0:30, ,0,LHS,0,6.1,0,28.92,0,76.9,0,6.62,0,7.6,0,-54.4,21.521,0,7707.6,4.27,0,29.04,86.96,1.16,4.63,0.24,0.25,1.218,0.1995,2.026,0
9/16/2017,0:45, ,0,LHS,0,6.1,0,32.65,0,76.6,0,6.6,0,7.6,0,-54.6,21.491,0,7653.7,4.24,0,28.97,86.72,1.14,4.58,0.19,0.2,1.223,0.1911,1.941,0
9/16/2017,1:00, ,0,LHS,0,6.1,0,38.1,0,76.4,0,6.58,0,7.6,0,-54.8,21.462,0,7591.8,4.2,0,28.41,85.04,1.2,4.83,0.27,0.28,1.219,0.1821,1.848,0
9/16/2017,1:15, ,0,LHS,0,6.1,0,41.05,0,76.1,0,6.57,0,7.61,0,-55.1,21.423,0,7511.8,4.16,0,28.33,84.82,1.22,4.89,0.26,0.26,1.223,0.1726,1.752,0
9/16/2017,1:30, ,0,LHS,0,6.1,0,50.34,0,75.5,0,6.53,0,7.61,0,-55.1,21.358,0,7435.9,4.11,0,28.21,84.45,1.26,5.05,0.28,0.29,1.219,0.1629,1.652,0
9/16/2017,1:45, ,0,LHS,0,6.1,0,49.71,0,75.1,0,6.5,0,7.61,0,-55.3,21.309,0,7375.5,4.07,0,28.22,84.47,1.28,5.12,0.28,0.29,1.223,0.153,1.551,0
9/16/2017,2:00, ,0,LHS,0,6.1,0,50.8,0,74.7,0,6.47,0,7.61,0,-55.3,21.249,0,7311.1,4.04,0,28.51,85.35,1.33,5.35,0.32,0.33,1.22,0.1432,1.452,0
9/16/2017,2:15, ,0,LHS,0,6.1,0,52.37,0,74.3,0,6.45,0,7.61,0,-55.3,21.18,0,7273.1,4.01,0,29.04,86.93,1.35,5.43,0.31,0.32,1.224,0.1344,1.362,0
9/16/2017,2:30, ,0,LHS,0,6.1,0,44.22,0,73.3,0,6.37,0,7.6,0,-54.9,21.106,0,7250.3,4,0,29.29,87.69,1.39,5.58,0.32,0.33,1.219,0.1263,1.279,0
9/16/2017,2:45, ,0,LHS,0,6.1,0,49.53,0,72.2,0,6.29,0,7.6,0,-54.4,21.01,0,7236.7,3.99,0,29.91,89.54,1.38,5.54,0.32,0.32,1.222,0.1192,1.207,0
9/16/2017,3:00, ,0,LHS,0,6.1,0,49.27,0,71.2,0,6.21,0,7.59,0,-53.9,20.903,0,7216,3.98,0,30.39,90.98,1.42,5.7,0.3,0.3,1.219,0.1127,1.141,0
9/16/2017,3:15, ,0,LHS,0,6.1,0,47.96,0,70,0,6.12,0,7.58,0,-53.3,20.777,0,7198.5,3.97,0,31.9,95.52,1.41,5.64,0.23,0.23,1.223,0.1073,1.085,0
9/16/2017,3:30, ,0,LHS,0,6.1,0,40.14,0,68.5,0,6.01,0,7.57,0,-52.9,20.646,0,7183.1,3.96,0,32.94,98.65,1.45,5.81,0.29,0.3,1.217,0.102,1.031,0
9/16/2017,3:45, ,0,LHS,0,6.1,0,42.65,0,66.7,0,5.87,0,7.56,0,-52.1,20.506,0,7195.1,3.97,0,34.64,103.74,1.46,5.84,0.26,0.27,1.223,0.0977,0.987,0
9/16/2017,4:00, ,0,LHS,0,6.1,0,37.99,0,65.4,0,5.77,0,7.55,0,-51.6,20.392,0,7203.2,3.98,0,35.65,106.76,1.4,5.62,0.25,0.26,1.219,0.0937,0.946,0
9/16/2017,4:15, ,0,LHS,0,6.1,0,37.19,0,64.1,0,5.66,0,7.54,0,-51.2,20.293,0,7210.3,3.98,0,36.78,110.17,1.45,5.83,0.28,0.28,1.224,0.0898,0.906,0
9/16/2017,4:30, ,0,LHS,0,6.1,0,33.08,0,63.1,0,5.58,0,7.53,0,-50.5,20.193,0,7237.4,4,0,37.7,112.93,1.46,5.83,0.26,0.26,1.228,0.0862,0.87,0
9/16/2017,4:45, ,0,LHS,0,6.1,0,41.11,0,62.2,0,5.51,0,7.53,0,-50.4,20.119,0,7233.3,4,0,38.71,115.95,1.47,5.91,0.27,0.28,1.221,0.0821,0.828,0
9/16/2017,5:00, ,0,LHS,0,6,0,31.23,0,61.6,0,5.46,0,7.52,0,-49.9,20.047,0,7256,4.01,0,38.83,116.32,1.47,5.87,0.22,0.22,1.216,0.078,0.786,0
9/16/2017,5:15, ,0,LHS,0,6.1,0,26.89,0,61,0,5.42,0,7.52,0,-49.8,19.979,0,7260.8,4.01,0,39.76,119.11,1.44,5.77,0.22,0.23,1.222,0.0736,0.741,0
9/16/2017,5:30, ,0,LHS,0,6.1,0,31.41,0,60.4,0,5.37,0,7.52,0,-49.6,19.906,0,7269.6,4.02,0,39.78,119.17,1.45,5.83,0.2,0.2,1.217,0.069,0.694,0
9/16/2017,5:45, ,0,LHS,0,6.1,0,24.04,0,60,0,5.34,0,7.52,0,-49.6,19.855,0,7272,4.02,0,40.67,121.83,1.44,5.76,0.2,0.21,1.222,0.0654,0.657,0
9/16/2017,6:00, ,0,LHS,0,6,0,29.58,0,59.7,0,5.32,0,7.51,0,-49.3,19.797,0,7294.3,4.03,0,40.4,121.02,1.43,5.75,0.21,0.21,1.219,0.0621,0.623,0
9/16/2017,6:15, ,0,LHS,0,6.1,0,25.38,0,59.6,0,5.32,0,7.52,0,-49.9,19.753,0,7277.7,4.02,0,41.46,124.2,1.45,5.8,0.21,0.22,1.223,0.0594,0.596,0
9/16/2017,6:30, ,0,LHS,0,6,0,23.6,0,59.4,0,5.3,0,7.52,0,-49.8,19.722,0,7282,4.03,0,42.34,126.86,1.51,6.04,0.2,0.2,1.217,0.0583,0.585,0
9/16/2017,6:45, ,0,LHS,0,6.1,0,23.08,0,59.3,0,5.3,0,7.52,0,-49.9,19.679,0,7286.8,4.03,0,42.44,127.14,1.49,5.97,0.2,0.2,1.222,0.0583,0.585,0
9/16/2017,7:00, ,0,LHS,0,6,0,20.85,0,59.2,0,5.29,0,7.52,0,-49.9,19.66,0,7290.2,4.03,0,42.61,127.64,1.53,6.13,0.22,0.22,1.217,0.0605,0.607,0
9/16/2017,7:15, ,0,LHS,0,6,0,21.21,0,59.8,0,5.35,0,7.53,0,-50.1,19.647,0,7284.9,4.03,0,42.22,126.48,1.52,6.09,0.22,0.22,1.224,0.0659,0.663,0
9/16/2017,7:30, ,0,LHS,0,6,0,22.66,0,59.8,0,5.34,0,7.53,0,-50,19.699,0,7279.9,4.02,0,42.43,127.13,1.51,6.04,0.21,0.22,1.219,0.0733,0.738,0
9/16/2017,7:45, ,0,LHS,0,6.1,0,22.14,0,59.7,0,5.33,0,7.53,0,-50.1,19.748,0,7270.2,4.02,0,41.96,125.69,1.53,6.14,0.22,0.22,1.223,0.0828,0.835,0
9/16/2017,8:00, ,0,LHS,0,6,0,27.41,0,60.9,0,5.43,0,7.53,0,-50.6,19.747,0,7259.9,4.01,0,40.15,120.26,1.52,6.1,0.2,0.21,1.22,0.0937,0.946,0
9/16/2017,8:15, ,0,LHS,0,6,0,38.3,0,63.5,0,5.67,0,7.56,0,-51.8,19.724,0,7234.6,4,0,37.76,113.12,1.57,6.28,0.3,0.3,1.224,0.1047,1.058,0
9/16/2017,8:30, ,0,LHS,0,6,0,41.38,0,67.2,0,5.99,0,7.59,0,-54,19.809,0,7158.9,3.95,0,34.41,103.04,1.68,6.72,0.32,0.33,1.22,0.1159,1.173,0
9/16/2017,8:45, ,0,LHS,0,6,0,47.57,0,69.3,0,6.16,0,7.61,0,-55,19.969,0,7118.3,3.93,0,33.44,100.15,1.6,6.43,0.34,0.34,1.223,0.1271,1.287,0
9/16/2017,9:00, ,0,LHS,0,6,0,54.16,0,70.9,0,6.27,0,7.61,0,-55.2,20.198,0,7006.1,3.86,0,32.14,96.25,1.53,6.12,0.34,0.34,1.215,0.1377,1.395,0
9/16/2017,9:15, ,0,LHS,0,6,0,52.59,0,71.7,0,6.32,0,7.61,0,-55.1,20.397,0,7034,3.88,0,30.8,92.21,1.46,5.85,0.31,0.32,1.228,0.1484,1.504,0
9/16/2017,9:30, ,0,LHS,0,6,0,59.41,0,72.8,0,6.4,0,7.61,0,-55.3,20.537,0,7072.9,3.9,0,29.96,89.72,1.43,5.75,0.32,0.32,1.226,0.1587,1.609,0
9/16/2017,9:45, ,0,LHS,0,6,0,51.46,0,73.5,0,6.45,0,7.62,0,-55.5,20.658,0,7131.1,3.93,0,30.07,90.03,1.46,5.87,0.32,0.33,1.226,0.1678,1.702,0
9/16/2017,10:00, ,0,LHS,0,6,0,48.24,0,74.2,0,6.49,0,7.62,0,-55.7,20.773,0,7229.3,3.99,0,29.25,87.57,1.32,5.28,0.31,0.32,1.224,0.1765,1.791,0
9/16/2017,10:15, ,0,LHS,0,6,0,51.44,0,74.5,0,6.5,0,7.62,0,-55.6,20.831,0,7286.2,4.02,0,29.04,86.94,1.37,5.48,0.33,0.34,1.222,0.1832,1.86,0
9/16/2017,10:30, ,0,LHS,0,6,0,46.45,0,74.7,0,6.52,0,7.62,0,-55.5,20.891,0,7341,4.06,0,29.07,87.03,1.33,5.35,0.31,0.31,1.221,0.1891,1.92,0
9/16/2017,10:45, ,0,LHS,0,6,0,47.6,0,74.7,0,6.51,0,7.61,0,-55.3,20.942,0,7386,4.08,0,28.67,85.83,1.36,5.47,0.31,0.31,1.218,0.194,1.97,0
9/16/2017,11:00, ,0,LHS,0,6,0,42.25,0,75,0,6.53,0,7.61,0,-55.1,20.994,0,7431.8,4.11,0,29.21,87.45,1.38,5.52,0.27,0.28,1.218,0.1985,2.016,0
9/16/2017,11:15, ,0,LHS,0,6,0,38.27,0,75.1,0,6.53,0,7.61,0,-55.1,21.037,0,7461.7,4.13,0,29.49,88.28,1.34,5.38,0.26,0.26,1.216,0.2014,2.045,0
9/16/2017,11:30, ,0,LHS,0,6,0,31.48,0,75.4,0,6.55,0,7.61,0,-54.9,21.102,0,7506.7,4.15,0,30.01,89.84,1.3,5.22,0.27,0.28,1.228,0.2035,2.066,0
9/16/2017,11:45, ,0,LHS,0,6,0,32.67,0,75.6,0,6.56,0,7.6,0,-54.8,21.124,0,7527.5,4.17,0,30.13,90.22,1.35,5.42,0.26,0.27,1.226,0.2046,2.078,0
9/16/2017,12:00, ,0,LHS,0,6,0,28.17,0,75.6,0,6.56,0,7.6,0,-54.7,21.154,0,7548.7,4.18,0,30.72,91.99,1.29,5.18,0.25,0.26,1.227,0.2048,2.079,0
9/16/2017,12:15, ,0,LHS,0,6,0,24.77,0,74.4,0,6.45,0,7.6,0,-54.3,21.162,0,7543.9,4.18,0,31.52,94.39,1.24,4.97,0.22,0.23,1.221,0.204,2.072,0
9/16/2017,12:30, ,0,LHS,0,6,0,28.25,0,75,0,6.5,0,7.6,0,-54.6,21.158,0,7556,4.18,0,30.82,92.28,1.3,5.22,0.21,0.22,1.227,0.2027,2.059,0
9/16/2017,12:45, ,0,LHS,0,6,0,27.27,0,75.5,0,6.55,0,7.6,0,-54.6,21.165,0,7566.9,4.19,0,30.69,91.89,1.28,5.13,0.24,0.24,1.222,0.2007,2.039,0
9/16/2017,13:00, ,0,LHS,0,6,0,25.68,0,75.8,0,6.57,0,7.6,0,-54.8,21.21,0,7552.6,4.18,0,31.14,93.24,1.41,5.66,0.23,0.23,1.227,0.1983,2.014,0
9/16/2017,13:15, ,0,LHS,0,6,0,28.06,0,75.4,0,6.54,0,7.6,0,-54.7,21.176,0,7531.2,4.17,0,30.68,91.86,1.28,5.13,0.24,0.25,1.222,0.1953,1.983,0
9/16/2017,13:30, ,0,LHS,0,6,0,25.39,0,76.8,0,6.62,0,7.61,0,-55.4,21.461,0,7507.6,4.15,0,31,92.82,1.35,5.43,0.23,0.24,1.227,0.1914,1.943,0
9/16/2017,13:45, ,0,LHS,0,6,0,24.85,0,77.2,0,6.65,0,7.62,0,-55.8,21.558,0,7489.1,4.14,0,31.02,92.88,1.34,5.38,0.24,0.25,1.225,0.1862,1.891,0
9/16/2017,14:00, ,0,LHS,0,6,0,27.19,0,78.4,0,6.74,0,7.63,0,-56.5,21.663,0,7457.7,4.12,0,31.05,92.96,1.46,5.86,0.26,0.26,1.224,0.1805,1.832,0
9/16/2017,14:15, ,0,LHS,0,6,0,25.04,0,77.5,0,6.68,0,7.63,0,-56.2,21.496,0,7416.8,4.1,0,31.22,93.47,1.34,5.36,0.21,0.21,1.224,0.1741,1.767,0
9/16/2017,14:30, ,0,LHS,0,6,0,34.23,0,75.3,0,6.52,0,7.61,0,-55.4,21.243,0,7390.5,4.08,0,30.2,90.42,1.24,4.98,0.23,0.23,1.219,0.1668,1.692,0
9/16/2017,14:45, ,0,LHS,0,6,0,34.42,0,75.5,0,6.53,0,7.62,0,-55.6,21.291,0,7357.2,4.06,0,29.48,88.28,1.33,5.34,0.26,0.27,1.223,0.159,1.613,0
9/16/2017,15:00, ,0,LHS,0,6,0,44.38,0,75.7,0,6.55,0,7.62,0,-55.7,21.336,0,7323.4,4.04,0,29.24,87.54,1.36,5.44,0.3,0.31,1.216,0.1511,1.532,0
9/16/2017,15:15, ,0,LHS,0,6,0,42.47,0,75.3,0,6.52,0,7.62,0,-55.7,21.286,0,7264.9,4.01,0,29.56,88.51,1.42,5.68,0.29,0.29,1.222,0.1433,1.452,0
9/16/2017,15:30, ,0,LHS,0,6,0,53.89,0,75.1,0,6.51,0,7.62,0,-55.7,21.294,0,7231,3.99,0,29.6,88.62,1.42,5.68,0.31,0.31,1.217,0.1357,1.375,0
9/16/2017,15:45, ,0,LHS,0,6,0,45.07,0,74.6,0,6.47,0,7.62,0,-55.5,21.259,0,7191.6,3.97,0,30.4,91.02,1.47,5.88,0.31,0.31,1.223,0.1285,1.302,0
9/16/2017,16:00, ,0,LHS,0,6,0,41.91,0,73.5,0,6.38,0,7.61,0,-55,21.183,0,7170.6,3.95,0,31.19,93.39,1.42,5.68,0.27,0.27,1.219,0.1219,1.234,0
9/16/2017,16:15, ,0,LHS,0,6,0,42.89,0,72.9,0,6.33,0,7.6,0,-54.8,21.12,0,7145.8,3.94,0,31.57,94.54,1.46,5.85,0.28,0.29,1.225,0.1159,1.173,0
9/16/2017,16:30, ,0,LHS,0,6,0,47.46,0,72.3,0,6.3,0,7.6,0,-54.7,21.021,0,7121.7,3.93,0,32.63,97.72,1.52,6.08,0.32,0.33,1.222,0.1111,1.124,0
9/16/2017,16:45, ,0,LHS,0,6,0,36.13,0,71.2,0,6.21,0,7.59,0,-53.9,20.953,0,7145.1,3.94,0,33.31,99.75,1.57,6.29,0.28,0.28,1.223,0.1068,1.08,0
9/16/2017,17:00, ,0,LHS,0,6,0,42.64,0,69.9,0,6.1,0,7.57,0,-53,20.886,0,7172.9,3.96,0,34.54,103.44,1.55,6.23,0.27,0.27,1.224,0.1037,1.048,0
9/16/2017,17:15, ,0,LHS,0,6,0,44.36,0,68.8,0,6.02,0,7.57,0,-52.7,20.818,0,7186.6,3.97,0,35.93,107.6,1.59,6.39,0.28,0.28,1.225,0.1015,1.026,0
9/16/2017,17:30, ,0,LHS,0,6,0,26.27,0,67.8,0,5.93,0,7.57,0,-52.5,20.761,0,7201.3,3.97,0,36.97,110.74,1.58,6.33,0.28,0.29,1.222,0.1006,1.017,0
9/16/2017,17:45, ,0,LHS,0,6,0,26.63,0,67.1,0,5.87,0,7.56,0,-52.2,20.731,0,7210.6,3.98,0,38.61,115.67,1.62,6.49,0.24,0.24,1.223,0.101,1.021,0
9/16/2017,18:00, ,0,LHS,0,6,0,22.8,0,66.2,0,5.8,0,7.55,0,-51.7,20.719,0,7218.3,3.98,0,38.85,116.36,1.44,5.77,0.25,0.25,1.228,0.1026,1.037,0
9/16/2017,18:15, ,0,LHS,0,6,0,23.53,0,66.5,0,5.82,0,7.55,0,-51.8,20.702,0,7219.8,3.99,0,39.02,116.88,1.58,6.32,0.26,0.26,1.223,0.1056,1.067,0
9/16/2017,18:30, ,0,LHS,0,6,0,25.03,0,68,0,5.96,0,7.57,0,-52.8,20.712,0,7195.9,3.97,0,38.49,115.29,1.56,6.24,0.22,0.23,1.216,0.1101,1.113,0
9/16/2017,18:45, ,0,LHS,0,6,0,25.8,0,68,0,5.96,0,7.57,0,-52.9,20.743,0,7191.7,3.97,0,38.46,115.21,1.61,6.44,0.29,0.29,1.223,0.116,1.174,0
9/16/2017,19:00, ,0,LHS,0,6,0,26.53,0,69.9,0,6.12,0,7.59,0,-53.8,20.809,0,7163.3,3.95,0,37.01,110.86,1.58,6.32,0.27,0.28,1.215,0.1232,1.248,0
9/16/2017,19:15, ,0,LHS,0,6,0,32.58,0,73.3,0,6.4,0,7.61,0,-55.3,20.915,0,7178.8,3.96,0,34.76,104.09,1.64,6.58,0.31,0.32,1.221,0.1315,1.332,0
9/16/2017,19:30, ,0,LHS,0,6,0,37.49,0,75.8,0,6.59,0,7.63,0,-56.7,21.055,0,7192.9,3.97,0,33.14,99.24,1.61,6.45,0.3,0.3,1.216,0.1401,1.42,0
9/16/2017,19:45, ,0,LHS,0,6,0,38.3,0,77.6,0,6.73,0,7.65,0,-57.6,21.186,0,7205.4,3.97,0,32.39,97,1.64,6.57,0.33,0.33,1.222,0.1486,1.507,0
9/16/2017,20:00, ,0,LHS,0,6,0,42.47,0,77.6,0,6.73,0,7.65,0,-57.7,21.226,0,7200,3.97,0,32.32,96.79,1.56,6.27,0.31,0.31,1.215,0.1575,1.597,0
9/16/2017,20:15, ,0,LHS,0,6,0,34.6,0,77.3,0,6.69,0,7.64,0,-57.3,21.296,0,7242.2,4,0,32.25,96.56,1.49,5.97,0.3,0.3,1.221,0.1661,1.686,0
9/16/2017,20:30, ,0,LHS,0,6,0,30.4,0,77.3,0,6.68,0,7.64,0,-57,21.336,0,7279.9,4.02,0,32,95.84,1.44,5.77,0.28,0.29,1.215,0.1749,1.775,0
9/16/2017,20:45, ,0,LHS,0,6,0,31.69,0,77.4,0,6.69,0,7.63,0,-56.7,21.363,0,7329.9,4.05,0,31.29,93.69,1.38,5.53,0.3,0.3,1.222,0.1836,1.864,0
9/16/2017,21:00, ,0,LHS,0,6,0,33.15,0,77.4,0,6.69,0,7.63,0,-56.4,21.375,0,7370.8,4.07,0,30.71,91.96,1.37,5.5,0.28,0.28,1.218,0.192,1.949,0
9/16/2017,21:15, ,0,LHS,0,6,0,40.09,0,77.3,0,6.68,0,7.63,0,-56.1,21.362,0,7427.9,4.11,0,30.05,89.98,1.37,5.48,0.25,0.26,1.222,0.1995,2.026,0
9/16/2017,21:30, ,0,LHS,0,6,0,38.85,0,77.5,0,6.7,0,7.62,0,-56,21.335,0,7471.6,4.13,0,29.95,89.67,1.31,5.27,0.26,0.27,1.22,0.2061,2.094,0
9/16/2017,21:45, ,0,LHS,0,6,0,34.19,0,77.6,0,6.71,0,7.62,0,-55.8,21.319,0,7529.9,4.17,0,29.62,88.68,1.29,5.19,0.28,0.29,1.219,0.2119,2.152,0
9/16/2017,22:00, ,0,LHS,0,6,0,36.91,0,77.7,0,6.72,0,7.62,0,-55.7,21.296,0,7565.2,4.19,0,29.17,87.33,1.26,5.07,0.22,0.23,1.217,0.2168,2.202,0
9/16/2017,22:15, ,0,LHS,0,6,0,36.9,0,77.7,0,6.72,0,7.61,0,-55.4,21.306,0,7634.6,4.23,0,29.05,86.97,1.32,5.3,0.24,0.25,1.216,0.2206,2.241,0
9/16/2017,22:30, ,0,LHS,0,6,0,32.82,0,77.8,0,6.73,0,7.61,0,-55.2,21.29,0,7670.9,4.25,0,29.12,87.19,1.29,5.17,0.25,0.25,1.217,0.224,2.276,0
9/16/2017,22:45, ,0,LHS,0,6,0,41.17,0,78,0,6.74,0,7.6,0,-54.8,21.299,0,7758,4.3,0,28.57,85.52,1.25,5,0.22,0.22,1.229,0.2262,2.298,0
9/16/2017,23:00, ,0,LHS,0,6,0,29.97,0,77.9,0,6.73,0,7.6,0,-54.9,21.276,0,7760.7,4.3,0,28.89,86.48,1.24,4.99,0.28,0.28,1.226,0.2277,2.314,0
9/16/2017,23:15, ,0,LHS,0,6,0,30.56,0,77.8,0,6.73,0,7.6,0,-54.5,21.27,0,7817.7,4.34,0,28.54,85.45,1.2,4.81,0.26,0.26,1.225,0.2284,2.321,0
9/16/2017,23:30, ,0,LHS,0,6,0,27.16,0,78.2,0,6.76,0,7.6,0,-54.4,21.269,0,7864.7,4.37,0,28.39,84.99,1.18,4.74,0.23,0.23,1.221,0.2288,2.325,0
9/16/2017,23:45, ,0,LHS,0,6,0,26.46,0,78.2,0,6.76,0,7.59,0,-54.1,21.289,0,7908.3,4.39,0,28.38,84.98,1.19,4.79,0.22,0.23,1.217,0.2287,2.324,0
9/17/2017,0:00, ,0,LHS,0,6,0,25.9,0,78,0,6.75,0,7.59,0,-54,21.251,0,7912.8,4.39,0,28.54,85.44,1.19,4.79,0.2,0.21,1.215,0.2282,2.319,0
9/17/2017,0:15, ,0,LHS,0,6,0,22.97,0,78,0,6.74,0,7.59,0,-53.9,21.259,0,7932.4,4.41,0,28.57,85.53,1.12,4.5,0.18,0.18,1.234,0.2269,2.305,0
9/17/2017,0:30, ,0,LHS,0,6,0,20.07,0,76.7,0,6.63,0,7.58,0,-53.3,21.251,0,7946.2,4.41,0,28.91,86.54,1.11,4.46,0.19,0.2,1.219,0.2246,2.281,0
9/17/2017,0:45, ,0,LHS,0,6,0,27.64,0,77.9,0,6.74,0,7.59,0,-53.9,21.231,0,7925.8,4.4,0,28.04,83.95,1.15,4.59,0.23,0.24,1.223,0.221,2.245,0
9/17/2017,1:00, ,0,LHS,0,6,0,22.26,0,78.3,0,6.78,0,7.59,0,-54.1,21.216,0,7937.6,4.41,0,28.63,85.71,1.11,4.47,0.2,0.2,1.227,0.2166,2.2,0
9/17/2017,1:15, ,0,LHS,0,6,0,25.47,0,77.8,0,6.74,0,7.59,0,-54,21.186,0,7903.5,4.39,0,28.38,84.96,1.12,4.49,0.17,0.18,1.226,0.2107,2.139,0
9/17/2017,1:30, ,0,LHS,0,6,0,34.99,0,77.5,0,6.72,0,7.59,0,-54.3,21.105,0,7836.6,4.35,0,27.41,82.07,1.13,4.53,0.21,0.21,1.228,0.203,2.062,0
9/17/2017,1:45, ,0,LHS,0,6,0,37.92,0,77.1,0,6.69,0,7.6,0,-54.4,21.084,0,7782.4,4.32,0,27.33,81.82,1.16,4.63,0.22,0.23,1.222,0.1944,1.973,0
9/17/2017,2:00, ,0,LHS,0,6,0,45.88,0,76.8,0,6.67,0,7.6,0,-54.7,21.044,0,7709.2,4.27,0,26.95,80.66,1.21,4.87,0.28,0.28,1.225,0.185,1.878,0
9/17/2017,2:15, ,0,LHS,0,6,0,50.66,0,76.6,0,6.67,0,7.61,0,-54.9,21,0,7634.7,4.23,0,26.73,80.02,1.24,4.96,0.3,0.31,1.223,0.175,1.776,0
9/17/2017,2:30, ,0,LHS,0,6,0,47.15,0,76,0,6.62,0,7.61,0,-55,20.922,0,7550.6,4.18,0,26.91,80.55,1.26,5.05,0.3,0.3,1.228,0.1647,1.671,0
9/17/2017,2:45, ,0,LHS,0,6,0,58.04,0,75.5,0,6.59,0,7.61,0,-55.1,20.859,0,7487.9,4.14,0,27.14,81.25,1.28,5.12,0.31,0.31,1.222,0.1544,1.565,0
9/17/2017,3:00, ,0,LHS,0,6,0,56.12,0,74.9,0,6.55,0,7.61,0,-55,20.787,0,7431.4,4.11,0,27.05,80.98,1.31,5.27,0.35,0.35,1.219,0.1445,1.465,0
9/17/2017,3:15, ,0,LHS,0,6,0,61.94,0,74.6,0,6.53,0,7.61,0,-55.1,20.719,0,7379.3,4.08,0,27.63,82.71,1.32,5.3,0.35,0.35,1.222,0.1354,1.372,0
9/17/2017,3:30, ,0,LHS,0,6,0,69.44,0,73.7,0,6.46,0,7.6,0,-54.8,20.628,0,7350.8,4.06,0,28.31,84.77,1.38,5.55,0.33,0.33,1.219,0.127,1.286,0
9/17/2017,3:45, ,0,LHS,0,6,0,57.74,0,72.9,0,6.41,0,7.6,0,-54.7,20.527,0,7314.3,4.04,0,28.82,86.28,1.38,5.53,0.37,0.38,1.224,0.1196,1.211,0
9/17/2017,4:00, ,0,LHS,0,6,0,66.57,0,72.2,0,6.36,0,7.6,0,-54.4,20.405,0,7289,4.03,0,29.62,88.69,1.38,5.52,0.33,0.34,1.215,0.1125,1.138,0
9/17/2017,4:15, ,0,LHS,0,6,0,53.86,0,71.1,0,6.28,0,7.59,0,-54,20.276,0,7265.6,4.01,0,30.58,91.56,1.44,5.79,0.35,0.35,1.225,0.1065,1.077,0
9/17/2017,4:30, ,0,LHS,0,6,0,63.5,0,69.7,0,6.17,0,7.58,0,-53.1,20.134,0,7279.5,4.02,0,32.07,96.04,1.43,5.75,0.31,0.32,1.223,0.1015,1.025,0
9/17/2017,4:45, ,0,LHS,0,6,0,46.81,0,68.5,0,6.08,0,7.57,0,-52.6,20.006,0,7276.8,4.02,0,33.31,99.75,1.46,5.84,0.29,0.3,1.223,0.0969,0.979,0
9/17/2017,5:00, ,0,LHS,0,6,0,49.55,0,67.2,0,5.98,0,7.56,0,-52.2,19.889,0,7275.1,4.02,0,34.46,103.19,1.48,5.94,0.3,0.31,1.22,0.0926,0.935,0
9/17/2017,5:15, ,0,LHS,0,6,0,43.64,0,66.2,0,5.9,0,7.55,0,-51.6,19.776,0,7289,4.03,0,35.53,106.41,1.48,5.93,0.29,0.29,1.219,0.0887,0.895,0
9/17/2017,5:30, ,0,LHS,0,6,0,38.88,0,65.3,0,5.83,0,7.55,0,-51.4,19.69,0,7296.4,4.03,0,36.59,109.58,1.48,5.92,0.28,0.29,1.218,0.0845,0.852,0
9/17/2017,5:45, ,0,LHS,0,6,0,40.52,0,64.4,0,5.76,0,7.54,0,-51.1,19.61,0,7308.1,4.04,0,37.54,112.43,1.49,5.98,0.26,0.26,1.218,0.0811,0.817,0
9/17/2017,6:00, ,0,LHS,0,6,0,36.64,0,63.8,0,5.72,0,7.54,0,-50.7,19.528,0,7323,4.05,0,37.56,112.51,1.52,6.09,0.24,0.24,1.215,0.0765,0.771,0
9/17/2017,6:15, ,0,LHS,0,6,0,38.62,0,63.3,0,5.68,0,7.54,0,-50.6,19.46,0,7329.1,4.05,0,37.51,112.36,1.45,5.81,0.27,0.28,1.227,0.0723,0.728,0
9/17/2017,6:30, ,0,LHS,0,6,0,30.11,0,62.9,0,5.65,0,7.54,0,-50.6,19.393,0,7335.6,4.06,0,39.35,117.87,1.48,5.95,0.26,0.26,1.227,0.0685,0.689,0
9/17/2017,6:45, ,0,LHS,0,6,0,34.12,0,62.5,0,5.62,0,7.53,0,-50.4,19.334,0,7344.8,4.06,0,37.71,112.95,1.51,6.05,0.24,0.24,1.227,0.0648,0.651,0
9/17/2017,7:00, ,0,LHS,0,6,0,30.26,0,62.2,0,5.6,0,7.54,0,-50.6,19.3,0,7345.5,4.06,0,39.79,119.21,1.55,6.22,0.29,0.29,1.231,0.0617,0.619,0
9/17/2017,7:15, ,0,LHS,0,6,0,27.7,0,62.1,0,5.59,0,7.54,0,-50.8,19.263,0,7351.5,4.07,0,40.79,122.2,1.49,5.98,0.24,0.24,1.219,0.06,0.602,0
9/17/2017,7:30, ,0,LHS,0,6,0,32.41,0,62.1,0,5.6,0,7.54,0,-50.8,19.236,0,7355,4.07,0,40.9,122.51,1.53,6.13,0.24,0.24,1.221,0.0589,0.591,0
9/17/2017,7:45, ,0,LHS,0,6,0,24.92,0,62.3,0,5.62,0,7.54,0,-50.9,19.215,0,7358.4,4.07,0,41.6,124.62,1.54,6.19,0.25,0.26,1.225,0.0598,0.6,0
9/17/2017,8:00, ,0,LHS,0,6,0,25.76,0,62.9,0,5.67,0,7.55,0,-51.1,19.227,0,7360,4.07,0,41.27,123.62,1.52,6.1,0.27,0.28,1.215,0.0639,0.642,0
9/17/2017,8:15, ,0,LHS,0,6,0,25.13,0,62.7,0,5.65,0,7.54,0,-51,19.245,0,7352.3,4.07,0,41.67,124.84,1.57,6.3,0.25,0.25,1.233,0.0707,0.711,0
9/17/2017,8:30, ,0,LHS,0,6,0,23.71,0,62.3,0,5.61,0,7.54,0,-51,19.258,0,7350.5,4.07,0,41.28,123.68,1.53,6.12,0.25,0.25,1.215,0.0797,0.803,0
9/17/2017,8:45, ,0,LHS,0,6,0,33.27,0,63.7,0,5.73,0,7.55,0,-51.7,19.319,0,7332.7,4.06,0,39.36,117.9,1.54,6.19,0.26,0.27,1.219,0.0914,0.922,0
9/17/2017,9:00, ,0,LHS,0,6,0,43.17,0,65.8,0,5.93,0,7.57,0,-52.6,19.318,0,7318,4.05,0,36.76,110.1,1.57,6.31,0.32,0.32,1.225,0.1033,1.043,0
9/17/2017,9:15, ,0,LHS,0,6,0,52.28,0,70.2,0,6.3,0,7.61,0,-55.1,19.432,0,7233,4,0,33.22,99.49,1.66,6.65,0.37,0.37,1.219,0.1151,1.165,0
9/17/2017,9:30, ,0,LHS,0,6,0,58.7,0,71.6,0,6.42,0,7.62,0,-55.9,19.551,0,7203.4,3.98,0,32.69,97.9,1.64,6.58,0.35,0.36,1.222,0.1266,1.282,0
9/17/2017,9:45, ,0,LHS,0,6,0,62.42,0,73.1,0,6.52,0,7.63,0,-55.9,19.802,0,7087.2,3.91,0,30.99,92.8,1.52,6.08,0.35,0.35,1.219,0.1376,1.394,0
9/17/2017,10:00, ,0,LHS,0,6,0,53.68,0,73.5,0,6.53,0,7.62,0,-55.8,19.976,0,7115,3.93,0,30.69,91.89,1.55,6.2,0.36,0.37,1.222,0.1482,1.503,0
9/17/2017,10:15, ,0,LHS,0,6,0,54.95,0,74.3,0,6.58,0,7.62,0,-55.9,20.156,0,7163,3.95,0,29.18,87.35,1.44,5.79,0.31,0.32,1.22,0.1592,1.614,0
9/17/2017,10:30, ,0,LHS,0,6,0,57.15,0,75,0,6.62,0,7.62,0,-56,20.313,0,7242.1,4,0,28.42,85.1,1.37,5.5,0.34,0.35,1.225,0.1693,1.718,0
9/17/2017,10:45, ,0,LHS,0,6,0,59.24,0,75.4,0,6.64,0,7.62,0,-55.9,20.415,0,7315.7,4.04,0,28.33,84.82,1.43,5.72,0.35,0.35,1.225,0.1784,1.81,0
9/17/2017,11:00, ,0,LHS,0,6,0,59.4,0,75.8,0,6.66,0,7.62,0,-55.9,20.496,0,7377.4,4.08,0,28.17,84.33,1.25,5.03,0.33,0.33,1.225,0.186,1.888,0
9/17/2017,11:15, ,0,LHS,0,6,0,48.89,0,75.8,0,6.65,0,7.62,0,-55.7,20.576,0,7442.1,4.12,0,28.21,84.45,1.39,5.55,0.34,0.35,1.216,0.1924,1.953,0
9/17/2017,11:30, ,0,LHS,0,6,0,52.21,0,75.8,0,6.65,0,7.62,0,-55.4,20.633,0,7484.4,4.14,0,27.94,83.65,1.38,5.55,0.32,0.33,1.221,0.1981,2.011,0
9/17/2017,11:45, ,0,LHS,0,6,0,51.27,0,76,0,6.65,0,7.61,0,-55.3,20.69,0,7512.3,4.16,0,28.37,84.92,1.41,5.65,0.31,0.32,1.217,0.2025,2.056,0
9/17/2017,12:00, ,0,LHS,0,6,0,47.68,0,76.1,0,6.65,0,7.61,0,-55,20.735,0,7564.7,4.19,0,28.14,84.25,1.38,5.53,0.32,0.32,1.224,0.2063,2.095,0
9/17/2017,12:15, ,0,LHS,0,6,0,48.82,0,76.2,0,6.66,0,7.6,0,-54.8,20.771,0,7609.7,4.22,0,28.49,85.29,1.37,5.5,0.29,0.3,1.227,0.2087,2.119,0
9/17/2017,12:30, ,0,LHS,0,6,0,42.07,0,76.7,0,6.69,0,7.6,0,-54.9,20.844,0,7628.8,4.23,0,29.37,87.93,1.36,5.47,0.26,0.27,1.222,0.2102,2.134,0
9/17/2017,12:45, ,0,LHS,0,6,0,35.67,0,76.9,0,6.7,0,7.6,0,-54.8,20.89,0,7651.1,4.24,0,29.2,87.43,1.38,5.53,0.27,0.27,1.222,0.2108,2.141,0
9/17/2017,13:00, ,0,LHS,0,6,0,28.44,0,76.4,0,6.65,0,7.6,0,-54.6,20.9,0,7663.2,4.25,0,29.99,89.79,1.34,5.38,0.26,0.26,1.221,0.2104,2.137,0
9/17/2017,13:15, ,0,LHS,0,6,0,32.26,0,76.2,0,6.64,0,7.6,0,-54.7,20.916,0,7666.2,4.25,0,29.55,88.48,1.36,5.47,0.25,0.25,1.218,0.2094,2.127,0
9/17/2017,13:30, ,0,LHS,0,6,0,30.96,0,76.9,0,6.7,0,7.6,0,-54.7,20.919,0,7677.5,4.26,0,29.49,88.3,1.3,5.21,0.24,0.25,1.228,0.2075,2.107,0
9/17/2017,13:45, ,0,LHS,0,6,0,32.45,0,77,0,6.71,0,7.6,0,-54.8,20.929,0,7676.3,4.25,0,29.64,88.75,1.3,5.21,0.22,0.22,1.224,0.2053,2.085,0
9/17/2017,14:00, ,0,LHS,0,6,0,29.09,0,77.3,0,6.72,0,7.61,0,-54.9,21.009,0,7663.9,4.25,0,30.01,89.84,1.36,5.46,0.25,0.25,1.227,0.2018,2.049,0
9/17/2017,14:15, ,0,LHS,0,6,0,35.7,0,78.3,0,6.79,0,7.62,0,-55.5,21.127,0,7637.4,4.23,0,27.82,83.29,1.4,5.63,0.29,0.29,1.222,0.1978,2.009,0
9/17/2017,14:30, ,0,LHS,0,6,0,26.6,0,79.5,0,6.87,0,7.63,0,-56.3,21.291,0,7610.5,4.21,0,30.47,91.23,1.44,5.76,0.3,0.3,1.227,0.1926,1.955,0
9/17/2017,14:45, ,0,LHS,0,6,0,25.96,0,79.3,0,6.87,0,7.63,0,-56.4,21.244,0,7576.3,4.19,0,30.72,91.98,1.43,5.72,0.27,0.28,1.222,0.1865,1.893,0
9/17/2017,15:00, ,0,LHS,0,6,0,37.9,0,76.7,0,6.68,0,7.61,0,-55.3,20.956,0,7547.7,4.18,0,29.21,87.45,1.28,5.12,0.29,0.29,1.227,0.1793,1.82,0
9/17/2017,15:15, ,0,LHS,0,6,0,40.25,0,76.9,0,6.69,0,7.62,0,-55.6,21.001,0,7509.9,4.16,0,29.08,87.07,1.27,5.11,0.31,0.31,1.224,0.1716,1.741,0
9/17/2017,15:30, ,0,LHS,0,6,0,45.79,0,76.8,0,6.69,0,7.62,0,-55.7,20.993,0,7473.7,4.13,0,28.43,85.11,1.31,5.26,0.27,0.28,1.217,0.1633,1.657,0
9/17/2017,15:45, ,0,LHS,0,6,0,47.58,0,77.1,0,6.71,0,7.63,0,-56.1,20.993,0,7429.1,4.11,0,28.61,85.65,1.4,5.6,0.27,0.28,1.221,0.1545,1.567,0
9/17/2017,16:00, ,0,LHS,0,6,0,49.74,0,76.9,0,6.7,0,7.62,0,-56,20.977,0,7389.2,4.08,0,28.5,85.31,1.36,5.44,0.29,0.3,1.225,0.146,1.48,0
9/17/2017,16:15, ,0,LHS,0,6,0,54.83,0,76.7,0,6.69,0,7.63,0,-56.1,20.926,0,7338.4,4.05,0,28.67,85.82,1.48,5.92,0.33,0.34,1.215,0.1374,1.393,0
9/17/2017,16:30, ,0,LHS,0,6,0,51.7,0,76.2,0,6.65,0,7.62,0,-55.9,20.878,0,7314.1,4.04,0,29.17,87.34,1.46,5.84,0.29,0.3,1.232,0.1295,1.312,0
9/17/2017,16:45, ,0,LHS,0,6,0,50.12,0,75.2,0,6.57,0,7.62,0,-55.5,20.801,0,7278.1,4.02,0,29.77,89.14,1.43,5.75,0.32,0.33,1.224,0.1223,1.238,0
9/17/2017,17:00, ,0,LHS,0,6,0,52.68,0,75.1,0,6.58,0,7.62,0,-55.9,20.699,0,7224.9,3.99,0,30.48,91.25,1.49,5.96,0.33,0.34,1.219,0.1155,1.169,0
9/17/2017,17:15, ,0,LHS,0,6,0,54.01,0,74.4,0,6.53,0,7.61,0,-55.3,20.607,0,7226.3,3.99,0,31,92.83,1.51,6.07,0.34,0.35,1.215,0.1102,1.114,0
9/17/2017,17:30, ,0,LHS,0,6,0,57.59,0,73.5,0,6.47,0,7.6,0,-54.8,20.507,0,7236.8,4,0,32.4,97.04,1.55,6.2,0.31,0.32,1.217,0.1052,1.064,0
9/17/2017,17:45, ,0,LHS,0,6,0,44.03,0,72.3,0,6.37,0,7.59,0,-54.1,20.419,0,7251.7,4,0,33.33,99.81,1.59,6.39,0.34,0.35,1.231,0.1013,1.023,0
9/17/2017,18:00, ,0,LHS,0,6,0,41.43,0,71.4,0,6.29,0,7.59,0,-53.9,20.349,0,7262.1,4.01,0,35.03,104.92,1.57,6.28,0.34,0.34,1.224,0.0984,0.994,0
9/17/2017,18:15, ,0,LHS,0,6,0,37.18,0,70.3,0,6.21,0,7.58,0,-53.2,20.302,0,7284.4,4.02,0,36.03,107.91,1.61,6.45,0.25,0.25,1.215,0.0966,0.976,0
9/17/2017,18:30, ,0,LHS,0,6,0,39.98,0,69.6,0,6.15,0,7.57,0,-53,20.256,0,7295.6,4.03,0,37.07,111.03,1.62,6.51,0.29,0.29,1.224,0.0964,0.974,0
9/17/2017,18:45, ,0,LHS,0,6,0,41.66,0,69.1,0,6.11,0,7.57,0,-52.8,20.226,0,7303.3,4.04,0,38.54,115.44,1.51,6.06,0.25,0.26,1.225,0.0971,0.981,0
9/17/2017,19:00, ,0,LHS,0,6,0,24.89,0,67.9,0,6.01,0,7.57,0,-52.7,20.203,0,7306,4.04,0,39.11,117.14,1.48,5.92,0.21,0.22,1.227,0.099,1.001,0
9/17/2017,19:15, ,0,LHS,0,6,0,29.6,0,69.6,0,6.15,0,7.58,0,-53.3,20.187,0,7293.9,4.03,0,37.97,113.75,1.62,6.48,0.26,0.26,1.233,0.1024,1.035,0
9/17/2017,19:30, ,0,LHS,0,6,0,28.26,0,70.3,0,6.22,0,7.59,0,-53.9,20.213,0,7279.7,4.02,0,38.59,115.6,1.65,6.61,0.29,0.3,1.224,0.107,1.082,0
9/17/2017,19:45, ,0,LHS,0,6,0,44.04,0,70.4,0,6.23,0,7.59,0,-54.1,20.198,0,7274.6,4.02,0,38.45,115.17,1.59,6.37,0.23,0.23,1.226,0.1132,1.145,0
9/17/2017,20:00, ,0,LHS,0,6,0,28.75,0,70.8,0,6.25,0,7.6,0,-54.2,20.258,0,7262.7,4.01,0,37.02,110.88,1.57,6.3,0.31,0.32,1.222,0.1203,1.217,0
9/17/2017,20:15, ,0,LHS,0,6,0,35.94,0,74.6,0,6.59,0,7.63,0,-56.2,20.299,0,7281.5,4.02,0,34.78,104.16,1.58,6.34,0.32,0.32,1.227,0.1285,1.302,0
9/17/2017,20:30, ,0,LHS,0,6,0,39.55,0,76.5,0,6.74,0,7.65,0,-57.2,20.42,0,7289.4,4.03,0,33.19,99.4,1.6,6.4,0.33,0.33,1.222,0.1372,1.39,0
9/17/2017,20:45, ,0,LHS,0,6,0,38.74,0,77.5,0,6.8,0,7.65,0,-57.7,20.551,0,7281.1,4.02,0,32.8,98.23,1.59,6.39,0.31,0.31,1.22,0.1462,1.482,0
9/17/2017,21:00, ,0,LHS,0,6,0,34.5,0,78.1,0,6.84,0,7.66,0,-57.9,20.669,0,7292.9,4.03,0,32.26,96.62,1.55,6.21,0.35,0.36,1.229,0.1555,1.577,0
9/17/2017,21:15, ,0,LHS,0,6,0,36.6,0,78.1,0,6.83,0,7.65,0,-57.7,20.785,0,7315.8,4.04,0,31.95,95.68,1.43,5.74,0.29,0.29,1.226,0.1649,1.672,0
9/17/2017,21:30, ,0,LHS,0,6,0,36.72,0,77.9,0,6.8,0,7.65,0,-57.4,20.86,0,7343.9,4.06,0,31.48,94.25,1.41,5.65,0.28,0.28,1.224,0.1744,1.77,0
9/17/2017,21:45, ,0,LHS,0,6,0,37.35,0,77.9,0,6.79,0,7.64,0,-56.9,20.916,0,7387.6,4.08,0,30.79,92.19,1.4,5.62,0.29,0.3,1.222,0.1838,1.865,0
9/17/2017,22:00, ,0,LHS,0,6,0,47.67,0,78,0,6.79,0,7.63,0,-56.6,20.965,0,7446.5,4.12,0,29.25,87.59,1.39,5.58,0.32,0.33,1.218,0.1926,1.956,0
9/17/2017,22:15, ,0,LHS,0,6,0,49.55,0,77.9,0,6.78,0,7.63,0,-56.3,20.978,0,7489.4,4.14,0,29.5,88.33,1.4,5.63,0.26,0.27,1.216,0.2008,2.039,0
9/17/2017,22:30, ,0,LHS,0,6,0,44.9,0,78,0,6.79,0,7.63,0,-56.1,20.967,0,7532.6,4.17,0,29.05,86.97,1.39,5.56,0.29,0.29,1.215,0.2079,2.111,0
9/17/2017,22:45, ,0,LHS,0,6,0,45.16,0,78.2,0,6.8,0,7.62,0,-55.8,20.984,0,7605.6,4.21,0,27.84,83.36,1.34,5.38,0.27,0.27,1.216,0.2141,2.175,0
9/17/2017,23:00, ,0,LHS,0,6,0,46.86,0,78.2,0,6.8,0,7.62,0,-55.6,20.986,0,7651.6,4.24,0,28.31,84.76,1.3,5.22,0.3,0.3,1.226,0.2192,2.227,0
9/17/2017,23:15, ,0,LHS,0,6,0,40.3,0,78.3,0,6.81,0,7.61,0,-55.3,20.983,0,7696,4.27,0,27.91,83.56,1.29,5.18,0.28,0.28,1.221,0.2233,2.269,0
9/17/2017,23:30, ,0,LHS,0,6,0,40.12,0,78.4,0,6.82,0,7.61,0,-55.1,20.979,0,7743.7,4.29,0,27.57,82.55,1.29,5.17,0.31,0.31,1.222,0.2261,2.297,0
9/17/2017,23:45, ,0,LHS,0,6,0,41.02,0,78.4,0,6.82,0,7.61,0,-54.9,20.97,0,7768.2,4.31,0,28.21,84.47,1.27,5.1,0.3,0.3,1.223,0.2284,2.32,0
9/18/2017,0:00, ,0,LHS,0,6,0,37.24,0,78.5,0,6.83,0,7.6,0,-54.6,20.967,0,7839.7,4.35,0,27.52,82.39,1.24,4.95,0.25,0.26,1.215,0.2294,2.331,0
9/18/2017,0:15, ,0,LHS,0,6,0,35.76,0,78.5,0,6.83,0,7.59,0,-54.2,20.973,0,7887.8,4.38,0,27.5,82.32,1.23,4.91,0.26,0.26,1.219,0.2303,2.34,0
9/18/2017,0:30, ,0,LHS,0,6,0,33.82,0,78.5,0,6.82,0,7.59,0,-53.9,20.982,0,7935.3,4.41,0,27.37,81.93,1.19,4.78,0.19,0.2,1.221,0.2306,2.343,0
9/18/2017,0:45, ,0,LHS,0,6,0,29.46,0,78.6,0,6.83,0,7.59,0,-53.8,20.989,0,7971.1,4.43,0,27.56,82.5,1.19,4.77,0.25,0.25,1.215,0.2305,2.342,0
9/18/2017,1:00, ,0,LHS,0,5.9,0,34.14,0,78.6,0,6.83,0,7.59,0,-53.8,20.944,0,7968.6,4.43,0,27.72,82.99,1.25,5,0.26,0.27,1.224,0.2298,2.334,0
9/18/2017,1:15, ,0,LHS,0,6,0,24.22,0,78.2,0,6.8,0,7.58,0,-53.6,20.966,0,7998.4,4.45,0,27.68,82.88,1.07,4.29,0.22,0.23,1.224,0.2282,2.318,0
9/18/2017,1:30, ,0,LHS,0,6,0,25.49,0,77.4,0,6.73,0,7.58,0,-53.3,20.95,0,7991.7,4.44,0,28.2,84.42,1.17,4.7,0.25,0.25,1.226,0.2254,2.289,0
9/18/2017,1:45, ,0,LHS,0,6,0,28.67,0,78.3,0,6.8,0,7.58,0,-53.6,20.976,0,8013.1,4.45,0,27.46,82.21,1.16,4.67,0.23,0.24,1.23,0.2213,2.248,0
9/18/2017,2:00, ,0,LHS,0,6,0,30.68,0,78.3,0,6.81,0,7.58,0,-53.7,20.952,0,7988.1,4.44,0,27.64,82.75,1.1,4.43,0.2,0.21,1.231,0.2159,2.192,0
9/18/2017,2:15, ,0,LHS,0,6,0,34.27,0,77.9,0,6.78,0,7.59,0,-53.7,20.91,0,7949.4,4.42,0,26.8,80.21,1.14,4.59,0.23,0.23,1.233,0.209,2.123,0
9/18/2017,2:30, ,0,LHS,0,5.9,0,43.48,0,77.6,0,6.76,0,7.59,0,-53.8,20.859,0,7896,4.39,0,25.91,77.56,1.17,4.7,0.26,0.27,1.231,0.2008,2.039,0
9/18/2017,2:45, ,0,LHS,0,6,0,45.33,0,77.4,0,6.75,0,7.59,0,-54.2,20.831,0,7821.8,4.34,0,26.12,78.19,1.2,4.8,0.3,0.3,1.233,0.1918,1.947,0
9/18/2017,3:00, ,0,LHS,0,5.9,0,52.26,0,77.2,0,6.74,0,7.6,0,-54.6,20.797,0,7752.1,4.3,0,25.9,77.51,1.23,4.94,0.27,0.28,1.221,0.1821,1.848,0
9/18/2017,3:15, ,0,LHS,0,6,0,55.44,0,76.7,0,6.7,0,7.6,0,-54.8,20.735,0,7664.8,4.25,0,25.83,77.32,1.26,5.07,0.33,0.33,1.215,0.1723,1.748,0
9/18/2017,3:30, ,0,LHS,0,5.9,0,70.77,0,76.2,0,6.67,0,7.6,0,-54.8,20.675,0,7604.1,4.21,0,26.12,78.18,1.32,5.3,0.34,0.34,1.224,0.162,1.643,0
9/18/2017,3:45, ,0,LHS,0,6,0,58.61,0,75.6,0,6.63,0,7.61,0,-54.8,20.608,0,7544.1,4.18,0,26.11,78.16,1.36,5.45,0.35,0.36,1.225,0.1519,1.54,0
9/18/2017,4:00, ,0,LHS,0,5.9,0,63.8,0,75.2,0,6.61,0,7.61,0,-55,20.531,0,7488.1,4.14,0,26.57,79.54,1.39,5.56,0.37,0.37,1.224,0.1421,1.44,0
9/18/2017,4:15, ,0,LHS,0,6,0,61.51,0,74.8,0,6.58,0,7.61,0,-54.9,20.46,0,7460.9,4.13,0,26.87,80.44,1.4,5.63,0.38,0.38,1.223,0.1321,1.338,0
9/18/2017,4:30, ,0,LHS,0,5.9,0,64.52,0,73.7,0,6.49,0,7.6,0,-54.5,20.372,0,7431.7,4.11,0,27.6,82.62,1.41,5.65,0.37,0.37,1.228,0.1237,1.253,0
9/18/2017,4:45, ,0,LHS,0,5.9,0,57.16,0,73.2,0,6.47,0,7.6,0,-54.7,20.259,0,7387.3,4.09,0,28.42,85.09,1.42,5.67,0.31,0.31,1.225,0.1158,1.171,0
9/18/2017,5:00, ,0,LHS,0,5.9,0,61.04,0,72.4,0,6.41,0,7.59,0,-54.2,20.136,0,7380.5,4.08,0,29.17,87.33,1.43,5.72,0.34,0.35,1.224,0.1089,1.102,0
9/18/2017,5:15, ,0,LHS,0,5.9,0,70.23,0,71.4,0,6.33,0,7.59,0,-53.9,20.002,0,7352.8,4.07,0,30.45,91.18,1.47,5.89,0.32,0.33,1.224,0.1032,1.043,0
9/18/2017,5:30, ,0,LHS,0,5.9,0,59.6,0,70.3,0,6.25,0,7.58,0,-53.3,19.873,0,7356.5,4.07,0,32.09,96.09,1.45,5.82,0.31,0.32,1.215,0.0982,0.992,0
9/18/2017,5:45, ,0,LHS,0,5.9,0,50.21,0,69.1,0,6.16,0,7.57,0,-52.8,19.768,0,7361.2,4.07,0,33.3,99.72,1.49,5.98,0.31,0.32,1.226,0.0938,0.947,0
9/18/2017,6:00, ,0,LHS,0,5.9,0,48.81,0,68,0,6.07,0,7.57,0,-52.6,19.671,0,7354.9,4.07,0,34.01,101.86,1.49,5.97,0.35,0.35,1.226,0.09,0.908,0
9/18/2017,6:15, ,0,LHS,0,5.9,0,53.29,0,67,0,6,0,7.56,0,-52.3,19.599,0,7361,4.07,0,35.55,106.47,1.47,5.88,0.29,0.29,1.226,0.0863,0.871,0
9/18/2017,6:30, ,0,LHS,0,5.9,0,54.74,0,66.2,0,5.93,0,7.56,0,-52.2,19.53,0,7368.5,4.08,0,36.97,110.75,1.47,5.88,0.26,0.26,1.225,0.0825,0.832,0
9/18/2017,6:45, ,0,LHS,0,5.9,0,35.47,0,65.5,0,5.87,0,7.55,0,-51.6,19.488,0,7386.4,4.09,0,37.65,112.77,1.46,5.87,0.29,0.3,1.228,0.0788,0.794,0
9/18/2017,7:00, ,0,LHS,0,5.9,0,39.73,0,64.9,0,5.83,0,7.55,0,-51.2,19.457,0,7400.3,4.1,0,36.83,110.31,1.47,5.88,0.28,0.28,1.228,0.0747,0.752,0
9/18/2017,7:15, ,0,LHS,0,5.9,0,35.76,0,64.5,0,5.79,0,7.54,0,-51.1,19.428,0,7409.9,4.1,0,38.68,115.86,1.51,6.04,0.28,0.28,1.229,0.0705,0.71,0
9/18/2017,7:30, ,0,LHS,0,5.9,0,33.4,0,64.1,0,5.75,0,7.53,0,-50.5,19.423,0,7426.6,4.11,0,38.7,115.93,1.49,5.99,0.27,0.28,1.229,0.0673,0.677,0
9/18/2017,7:45, ,0,LHS,0,5.9,0,30.55,0,64.1,0,5.76,0,7.55,0,-51.2,19.39,0,7418.9,4.11,0,39.32,117.79,1.49,5.97,0.26,0.27,1.228,0.0645,0.648,0
9/18/2017,8:00, ,0,LHS,0,5.9,0,35.34,0,63.8,0,5.73,0,7.54,0,-51,19.372,0,7434.4,4.12,0,38.9,116.54,1.48,5.92,0.26,0.26,1.226,0.0625,0.627,0
9/18/2017,8:15, ,0,LHS,0,5.9,0,28.02,0,63.6,0,5.72,0,7.54,0,-50.9,19.354,0,7437,4.12,0,39.7,118.91,1.52,6.08,0.25,0.25,1.226,0.062,0.622,0
9/18/2017,8:30, ,0,LHS,0,5.9,0,26.56,0,63.3,0,5.69,0,7.54,0,-50.7,19.363,0,7445.8,4.12,0,40.63,121.73,1.52,6.1,0.21,0.22,1.224,0.0639,0.642,0
9/18/2017,8:45, ,0,LHS,0,5.9,0,27,0,64,0,5.74,0,7.55,0,-51.3,19.476,0,7442,4.12,0,40.53,121.41,1.51,6.06,0.23,0.23,1.223,0.0684,0.688,0
9/18/2017,9:00, ,0,LHS,0,5.9,0,24.6,0,64.2,0,5.76,0,7.55,0,-51.6,19.428,0,7423.1,4.11,0,41.15,123.28,1.57,6.3,0.21,0.21,1.228,0.075,0.756,0
9/18/2017,9:15, ,0,LHS,0,5.9,0,25.68,0,63.8,0,5.73,0,7.55,0,-51.5,19.399,0,7421,4.11,0,40.88,122.47,1.51,6.05,0.26,0.27,1.228,0.0845,0.852,0
9/18/2017,9:30, ,0,LHS,0,5.9,0,30.85,0,65.8,0,5.9,0,7.57,0,-52.5,19.535,0,7404.6,4.1,0,38.56,115.5,1.52,6.09,0.26,0.26,1.227,0.0959,0.969,0
9/18/2017,9:45, ,0,LHS,0,5.9,0,41.85,0,68.1,0,6.09,0,7.58,0,-53.3,19.616,0,7388.9,4.09,0,36.32,108.79,1.54,6.17,0.29,0.3,1.228,0.1076,1.088,0
9/18/2017,10:00, ,0,LHS,0,5.9,0,47.84,0,71.9,0,6.41,0,7.62,0,-55.5,19.786,0,7315.9,4.04,0,33.16,99.29,1.7,6.81,0.33,0.34,1.228,0.1197,1.212,0
9/18/2017,10:15, ,0,LHS,0,5.9,0,54.14,0,73.4,0,6.52,0,7.63,0,-55.9,19.953,0,7248.3,4,0,31.21,93.46,1.57,6.29,0.37,0.37,1.228,0.1323,1.34,0
9/18/2017,10:30, ,0,LHS,0,5.9,0,65.41,0,73.8,0,6.54,0,7.62,0,-55.5,20.142,0,7082.6,3.91,0,30.4,91.03,1.55,6.22,0.37,0.37,1.229,0.1433,1.452,0
9/18/2017,10:45, ,0,LHS,0,5.9,0,59.22,0,74.2,0,6.56,0,7.61,0,-55.2,20.271,0,7152.6,3.95,0,28.53,85.41,1.49,5.96,0.34,0.35,1.231,0.1545,1.567,0
9/18/2017,11:00, ,0,LHS,0,5.9,0,67.19,0,74.9,0,6.6,0,7.61,0,-55.3,20.393,0,7224.2,3.99,0,28.22,84.47,1.52,6.08,0.37,0.37,1.231,0.1654,1.678,0
9/18/2017,11:15, ,0,LHS,0,5.9,0,59.49,0,75.7,0,6.65,0,7.62,0,-55.5,20.515,0,7305.6,4.04,0,28.26,84.6,1.42,5.69,0.34,0.34,1.233,0.175,1.776,0
9/18/2017,11:30, ,0,LHS,0,5.9,0,56.73,0,76.1,0,6.68,0,7.62,0,-55.6,20.602,0,7373.7,4.08,0,28.15,84.29,1.45,5.81,0.37,0.37,1.233,0.1841,1.868,0
9/18/2017,11:45, ,0,LHS,0,5.9,0,59.42,0,76.7,0,6.72,0,7.62,0,-55.5,20.678,0,7445.3,4.12,0,27.59,82.6,1.43,5.73,0.37,0.38,1.233,0.1922,1.952,0
9/18/2017,12:00, ,0,LHS,0,5.9,0,57.5,0,76.4,0,6.68,0,7.61,0,-55,20.726,0,7518,4.16,0,27.29,81.7,1.44,5.76,0.32,0.33,1.233,0.1992,2.023,0
9/18/2017,12:15, ,0,LHS,0,5.9,0,53.14,0,76.5,0,6.68,0,7.6,0,-54.7,20.779,0,7556.8,4.18,0,27.87,83.43,1.42,5.71,0.37,0.38,1.233,0.2051,2.082,0
9/18/2017,12:30, ,0,LHS,0,5.9,0,50.93,0,76.9,0,6.71,0,7.6,0,-54.5,20.835,0,7629.2,4.23,0,27.77,83.13,1.39,5.57,0.28,0.29,1.221,0.2096,2.128,0
9/18/2017,12:45, ,0,LHS,0,5.9,0,45.26,0,77.3,0,6.74,0,7.6,0,-54.5,20.871,0,7674.2,4.25,0,27.88,83.46,1.43,5.75,0.29,0.3,1.215,0.2131,2.165,0
9/18/2017,13:00, ,0,LHS,0,5.9,0,45.63,0,77.6,0,6.76,0,7.6,0,-54.5,20.927,0,7703.5,4.27,0,28.29,84.7,1.37,5.5,0.28,0.29,1.228,0.2153,2.186,0
9/18/2017,13:15, ,0,LHS,0,5.9,0,39.06,0,78,0,6.79,0,7.6,0,-54.6,20.995,0,7725,4.28,0,28.51,85.36,1.36,5.46,0.24,0.25,1.23,0.2166,2.201,0
9/18/2017,13:30, ,0,LHS,0,5.9,0,39.95,0,78.2,0,6.79,0,7.6,0,-54.5,21.032,0,7738.9,4.29,0,28.77,86.13,1.38,5.52,0.24,0.25,1.229,0.2174,2.208,0
9/18/2017,13:45, ,0,LHS,0,5.9,0,33.71,0,78.4,0,6.81,0,7.6,0,-54.5,21.062,0,7775.5,4.31,0,28.77,86.13,1.35,5.42,0.24,0.25,1.228,0.217,2.204,0
9/18/2017,14:00, ,0,LHS,0,5.9,0,30.96,0,77.8,0,6.76,0,7.6,0,-54.5,21.067,0,7769.4,4.31,0,29.8,89.24,1.28,5.14,0.27,0.28,1.228,0.2159,2.193,0
9/18/2017,14:15, ,0,LHS,0,5.9,0,32.31,0,78.1,0,6.78,0,7.6,0,-54.6,21.069,0,7775.1,4.31,0,28.38,84.97,1.4,5.6,0.27,0.27,1.23,0.2142,2.176,0
9/18/2017,14:30, ,0,LHS,0,5.9,0,29.42,0,78.6,0,6.82,0,7.6,0,-54.7,21.073,0,7770.2,4.31,0,29.18,87.38,1.38,5.53,0.24,0.24,1.233,0.2119,2.152,0
9/18/2017,14:45, ,0,LHS,0,5.9,0,32.98,0,79.2,0,6.87,0,7.61,0,-55.2,21.148,0,7759.8,4.3,0,29.09,87.1,1.4,5.62,0.26,0.27,1.223,0.2085,2.118,0
9/18/2017,15:00, ,0,LHS,0,5.9,0,30.65,0,79.4,0,6.88,0,7.61,0,-55.3,21.172,0,7740.1,4.29,0,29.2,87.41,1.34,5.36,0.27,0.28,1.218,0.2041,2.073,0
9/18/2017,15:15, ,0,LHS,0,5.9,0,31.91,0,80.1,0,6.93,0,7.62,0,-55.8,21.232,0,7715.7,4.28,0,29.39,88,1.34,5.36,0.26,0.27,1.223,0.1985,2.016,0
9/18/2017,15:30, ,0,LHS,0,5.9,0,48.93,0,78.2,0,6.79,0,7.61,0,-54.9,21.069,0,7701.4,4.27,0,27.7,82.91,1.27,5.09,0.27,0.27,1.225,0.1917,1.946,0
9/18/2017,15:45, ,0,LHS,0,5.9,0,45.96,0,78.4,0,6.8,0,7.61,0,-55.2,21.098,0,7658.1,4.24,0,27.77,83.13,1.32,5.28,0.3,0.3,1.227,0.1837,1.865,0
9/18/2017,16:00, ,0,LHS,0,5.9,0,55.18,0,78.3,0,6.8,0,7.61,0,-55.5,21.103,0,7604.9,4.21,0,27.29,81.7,1.35,5.39,0.28,0.29,1.224,0.1758,1.784,0
9/18/2017,16:15, ,0,LHS,0,5.9,0,55.94,0,78.3,0,6.8,0,7.62,0,-55.7,21.104,0,7556.1,4.18,0,27.36,81.91,1.42,5.7,0.35,0.35,1.227,0.1669,1.693,0
9/18/2017,16:30, ,0,LHS,0,5.9,0,55.77,0,78.2,0,6.79,0,7.62,0,-55.9,21.078,0,7499.8,4.15,0,27.44,82.14,1.42,5.7,0.32,0.33,1.226,0.1584,1.606,0
9/18/2017,16:45, ,0,LHS,0,5.9,0,57.09,0,78.1,0,6.79,0,7.62,0,-56.1,21.045,0,7449.4,4.12,0,27.69,82.9,1.42,5.69,0.31,0.32,1.215,0.1491,1.512,0
9/18/2017,17:00, ,0,LHS,0,5.9,0,60.84,0,77.8,0,6.77,0,7.63,0,-56.1,20.996,0,7394.5,4.09,0,28.2,84.43,1.41,5.67,0.36,0.37,1.222,0.1397,1.416,0
9/18/2017,17:15, ,0,LHS,0,5.9,0,55.89,0,77.3,0,6.74,0,7.62,0,-56,20.933,0,7351.4,4.06,0,28.84,86.34,1.41,5.67,0.29,0.29,1.217,0.1311,1.328,0
9/18/2017,17:30, ,0,LHS,0,5.9,0,53.16,0,76.4,0,6.67,0,7.62,0,-55.5,20.866,0,7335.8,4.05,0,28.98,86.77,1.45,5.82,0.34,0.35,1.224,0.1231,1.246,0
9/18/2017,17:45, ,0,LHS,0,5.9,0,60.71,0,76.1,0,6.65,0,7.62,0,-55.6,20.788,0,7284.9,4.02,0,29.3,87.73,1.46,5.86,0.36,0.36,1.216,0.1161,1.175,0
9/18/2017,18:00, ,0,LHS,0,5.9,0,54.6,0,75.5,0,6.61,0,7.61,0,-55.4,20.698,0,7273,4.02,0,30.15,90.27,1.5,6.03,0.34,0.34,1.221,0.1096,1.109,0
9/18/2017,18:15, ,0,LHS,0,5.9,0,65.68,0,74.3,0,6.52,0,7.6,0,-54.5,20.606,0,7295.7,4.03,0,31.51,94.35,1.5,6.03,0.31,0.31,1.216,0.1036,1.048,0
9/18/2017,18:30, ,0,LHS,0,5.9,0,49.75,0,73.3,0,6.44,0,7.6,0,-54.3,20.537,0,7311.8,4.04,0,32.53,97.4,1.64,6.58,0.36,0.36,1.223,0.0991,1.001,0
9/18/2017,18:45, ,0,LHS,0,5.9,0,44.77,0,72.5,0,6.38,0,7.59,0,-54.2,20.473,0,7329.7,4.05,0,34.1,102.12,1.61,6.47,0.34,0.35,1.22,0.0968,0.978,0
9/18/2017,19:00, ,0,LHS,0,5.9,0,36.71,0,71.8,0,6.32,0,7.59,0,-53.9,20.417,0,7349.9,4.06,0,36.21,108.45,1.6,6.42,0.21,0.21,1.224,0.0944,0.953,0
9/18/2017,19:15, ,0,LHS,0,5.9,0,37.68,0,71.4,0,6.29,0,7.59,0,-53.9,20.361,0,7362.9,4.07,0,37.07,111.04,1.65,6.6,0.28,0.29,1.227,0.0951,0.96,0
9/18/2017,19:30, ,0,LHS,0,5.9,0,30.73,0,71,0,6.26,0,7.59,0,-53.9,20.341,0,7374.3,4.08,0,38.46,115.22,1.61,6.44,0.23,0.23,1.224,0.0951,0.961,0
9/18/2017,19:45, ,0,LHS,0,5.9,0,27.33,0,70.7,0,6.24,0,7.59,0,-53.8,20.299,0,7381.3,4.08,0,38.86,116.42,1.52,6.1,0.25,0.25,1.227,0.0949,0.959,0
9/18/2017,20:00, ,0,LHS,0,5.9,0,23.93,0,69.5,0,6.14,0,7.58,0,-53.5,20.265,0,7388,4.09,0,39.4,118.04,1.58,6.33,0.23,0.24,1.222,0.0972,0.981,0
9/18/2017,20:15, ,0,LHS,0,5.9,0,25.14,0,70.8,0,6.25,0,7.59,0,-53.9,20.23,0,7381.3,4.08,0,39.6,118.63,1.64,6.59,0.24,0.25,1.226,0.0996,1.006,0
9/18/2017,20:30, ,0,LHS,0,5.9,0,24.42,0,71.5,0,6.32,0,7.6,0,-54.4,20.248,0,7362.5,4.07,0,38.8,116.22,1.59,6.36,0.22,0.22,1.223,0.1045,1.056,0
9/18/2017,20:45, ,0,LHS,0,5.9,0,27.34,0,71.2,0,6.29,0,7.6,0,-54.3,20.257,0,7362.3,4.07,0,38.72,115.99,1.55,6.2,0.26,0.26,1.224,0.1099,1.112,0
9/18/2017,21:00, ,0,LHS,0,5.9,0,25.85,0,71.7,0,6.33,0,7.6,0,-54.5,20.307,0,7343.5,4.06,0,38.48,115.26,1.58,6.31,0.27,0.28,1.225,0.1173,1.187,0
9/18/2017,21:15, ,0,LHS,0,5.9,0,37.06,0,75.4,0,6.68,0,7.63,0,-56.5,20.146,0,7339,4.06,0,34.82,104.3,1.52,6.1,0.31,0.32,1.225,0.126,1.276,0
9/18/2017,21:30, ,0,LHS,0,5.9,0,49.57,0,77.3,0,6.84,0,7.66,0,-57.8,20.168,0,7331,4.05,0,32.48,97.26,1.6,6.41,0.35,0.36,1.224,0.1355,1.373,0
9/18/2017,21:45, ,0,LHS,0,5.9,0,38.96,0,78.7,0,6.95,0,7.67,0,-58.5,20.295,0,7322.2,4.05,0,32.8,98.22,1.61,6.45,0.32,0.33,1.228,0.1456,1.475,0
9/18/2017,22:00, ,0,LHS,0,5.9,0,46.7,0,79.3,0,6.97,0,7.67,0,-58.7,20.454,0,7332.6,4.05,0,31.74,95.05,1.56,6.26,0.32,0.33,1.225,0.1557,1.579,0
9/18/2017,22:15, ,0,LHS,0,5.9,0,38.32,0,79.4,0,6.96,0,7.66,0,-58.4,20.594,0,7341.8,4.06,0,32.1,96.11,1.49,5.96,0.28,0.29,1.228,0.1658,1.682,0
9/18/2017,22:30, ,0,LHS,0,5.9,0,41.73,0,79.2,0,6.94,0,7.66,0,-57.9,20.665,0,7382.3,4.08,0,30.54,91.44,1.48,5.93,0.34,0.34,1.231,0.1759,1.785,0
9/18/2017,22:45, ,0,LHS,0,5.9,0,53.78,0,79.3,0,6.95,0,7.65,0,-57.7,20.695,0,7434.5,4.11,0,30.09,90.09,1.46,5.84,0.36,0.37,1.218,0.1853,1.881,0
9/18/2017,23:00, ,0,LHS,0,5.9,0,57.45,0,79.5,0,6.95,0,7.65,0,-57.6,20.711,0,7475.9,4.14,0,29.46,88.2,1.42,5.69,0.31,0.31,1.222,0.1945,1.974,0
9/18/2017,23:15, ,0,LHS,0,5.9,0,46.59,0,79.8,0,6.98,0,7.65,0,-57.5,20.723,0,7540,4.17,0,29.15,87.27,1.41,5.64,0.32,0.33,1.225,0.2023,2.054,0
9/18/2017,23:30, ,0,LHS,0,5.9,0,47.8,0,80.1,0,7.01,0,7.65,0,-57.3,20.722,0,7590.1,4.2,0,28.72,85.99,1.41,5.64,0.28,0.28,1.224,0.209,2.123,0
9/18/2017,23:45, ,0,LHS,0,5.9,0,53.43,0,80.1,0,7.01,0,7.64,0,-57.2,20.714,0,7619.8,4.22,0,28.37,84.92,1.38,5.53,0.34,0.35,1.224,0.2152,2.185,0
9/19/2017,0:00, ,0,LHS,0,5.9,0,44.97,0,80,0,6.99,0,7.64,0,-56.8,20.719,0,7666.9,4.25,0,28.65,85.78,1.41,5.64,0.33,0.34,1.224,0.22,2.235,0
9/19/2017,0:15, ,0,LHS,0,5.9,0,36.98,0,79.9,0,6.99,0,7.63,0,-56.5,20.719,0,7714.4,4.28,0,28.99,86.8,1.36,5.45,0.23,0.23,1.225,0.2237,2.273,0
9/19/2017,0:30, ,0,LHS,0,5.9,0,43.42,0,80,0,6.99,0,7.63,0,-56.2,20.724,0,7766.1,4.31,0,27.8,83.24,1.33,5.34,0.3,0.31,1.227,0.2266,2.302,0
9/19/2017,0:45, ,0,LHS,0,5.9,0,43,0,80,0,6.99,0,7.62,0,-56,20.708,0,7805.4,4.33,0,27.99,83.81,1.35,5.4,0.32,0.33,1.225,0.2285,2.322,0
9/19/2017,1:00, ,0,LHS,0,5.9,0,39.72,0,80,0,6.99,0,7.62,0,-55.9,20.699,0,7826.4,4.34,0,28.49,85.3,1.34,5.39,0.26,0.27,1.227,0.2294,2.331,0
9/19/2017,1:15, ,0,LHS,0,5.9,0,34.29,0,79.9,0,6.98,0,7.62,0,-55.5,20.685,0,7881,4.38,0,28.41,85.06,1.3,5.23,0.27,0.27,1.223,0.2296,2.333,0
9/19/2017,1:30, ,0,LHS,0,5.9,0,32.9,0,79.9,0,6.98,0,7.61,0,-55.3,20.686,0,7906.8,4.39,0,27.92,83.59,1.29,5.16,0.25,0.26,1.219,0.2294,2.331,0
9/19/2017,1:45, ,0,LHS,0,5.9,0,31.18,0,79.9,0,6.99,0,7.61,0,-55.3,20.666,0,7930,4.41,0,28.24,84.53,1.24,4.99,0.22,0.23,1.222,0.2285,2.321,0
9/19/2017,2:00, ,0,LHS,0,5.9,0,23.15,0,79.6,0,6.96,0,7.61,0,-55.1,20.643,0,7930.6,4.41,0,28.84,86.36,1.16,4.66,0.22,0.22,1.222,0.2268,2.304,0
9/19/2017,2:15, ,0,LHS,0,5.9,0,26.04,0,79.5,0,6.95,0,7.61,0,-55.1,20.653,0,7943.3,4.41,0,28.83,86.3,1.13,4.54,0.22,0.22,1.223,0.2244,2.279,0
9/19/2017,2:30, ,0,LHS,0,5.9,0,29.69,0,79.5,0,6.96,0,7.61,0,-55.2,20.636,0,7928,4.41,0,28.17,84.35,1.21,4.86,0.27,0.28,1.22,0.2207,2.242,0
9/19/2017,2:45, ,0,LHS,0,5.9,0,28.88,0,79.2,0,6.94,0,7.61,0,-55,20.59,0,7916.9,4.4,0,28.44,85.14,1.2,4.8,0.23,0.23,1.223,0.2158,2.191,0
9/19/2017,3:00, ,0,LHS,0,5.9,0,33.71,0,79.1,0,6.93,0,7.61,0,-55.1,20.561,0,7888.8,4.38,0,28.04,83.95,1.16,4.66,0.25,0.26,1.22,0.2093,2.125,0
9/19/2017,3:15, ,0,LHS,0,5.9,0,47.37,0,78.8,0,6.91,0,7.61,0,-55.2,20.515,0,7835.7,4.35,0,26.6,79.61,1.24,4.96,0.26,0.26,1.224,0.2014,2.044,0
9/19/2017,3:30, ,0,LHS,0,5.9,0,47.13,0,78.9,0,6.92,0,7.62,0,-55.7,20.512,0,7770.8,4.31,0,27.17,81.33,1.26,5.07,0.24,0.25,1.228,0.1925,1.954,0
9/19/2017,3:45, ,0,LHS,0,5.9,0,55.87,0,78.6,0,6.9,0,7.62,0,-55.9,20.48,0,7723.5,4.28,0,26.77,80.14,1.28,5.14,0.32,0.33,1.224,0.1828,1.855,0
9/19/2017,4:00, ,0,LHS,0,5.9,0,56.59,0,78.2,0,6.88,0,7.63,0,-56.1,20.417,0,7648.3,4.24,0,26.93,80.62,1.33,5.31,0.32,0.32,1.215,0.1725,1.75,0
9/19/2017,4:15, ,0,LHS,0,5.9,0,55.23,0,77.8,0,6.85,0,7.63,0,-56.2,20.337,0,7595.5,4.21,0,27.19,81.4,1.35,5.41,0.34,0.35,1.222,0.1618,1.641,0
9/19/2017,4:30, ,0,LHS,0,5.9,0,59.47,0,77.3,0,6.82,0,7.63,0,-56.3,20.262,0,7537.5,4.17,0,27.53,82.41,1.36,5.44,0.34,0.34,1.225,0.1511,1.532,0
9/19/2017,4:45, ,0,LHS,0,5.9,0,60.03,0,76.6,0,6.78,0,7.63,0,-56.2,20.173,0,7484.2,4.14,0,27.81,83.27,1.37,5.5,0.34,0.34,1.226,0.1412,1.43,0
9/19/2017,5:00, ,0,LHS,0,5.9,0,52.7,0,75.8,0,6.72,0,7.62,0,-55.8,20.082,0,7468.1,4.13,0,28.2,84.43,1.38,5.55,0.35,0.35,1.228,0.1319,1.336,0
9/19/2017,5:15, ,0,LHS,0,5.9,0,58.43,0,74.8,0,6.64,0,7.62,0,-55.6,19.955,0,7435.1,4.11,0,29.08,87.06,1.4,5.63,0.37,0.37,1.228,0.1232,1.247,0
9/19/2017,5:30, ,0,LHS,0,5.9,0,58.1,0,74.3,0,6.62,0,7.62,0,-55.5,19.834,0,7409,4.1,0,30.13,90.22,1.42,5.69,0.32,0.33,1.228,0.1159,1.172,0
9/19/2017,5:45, ,0,LHS,0,5.9,0,52.12,0,73.2,0,6.53,0,7.61,0,-55.1,19.71,0,7389.8,4.09,0,31.01,92.84,1.45,5.83,0.3,0.31,1.229,0.1091,1.103,0
9/19/2017,6:00, ,0,LHS,0,5.9,0,55.04,0,72,0,6.44,0,7.61,0,-54.8,19.604,0,7381.8,4.08,0,32.15,96.27,1.45,5.83,0.31,0.31,1.229,0.1034,1.045,0
9/19/2017,6:15, ,0,LHS,0,5.9,0,62.95,0,70.7,0,6.33,0,7.59,0,-54,19.499,0,7396.4,4.09,0,33.54,100.45,1.45,5.83,0.3,0.3,1.23,0.0983,0.993,0
9/19/2017,6:30, ,0,LHS,0,5.9,0,52.56,0,69.4,0,6.23,0,7.59,0,-53.6,19.42,0,7406.1,4.1,0,34.92,104.58,1.45,5.81,0.3,0.31,1.228,0.0941,0.949,0
9/19/2017,6:45, ,0,LHS,0,5.9,0,43.45,0,68.3,0,6.14,0,7.58,0,-53.1,19.351,0,7416.6,4.11,0,36.12,108.18,1.42,5.7,0.3,0.3,1.231,0.0899,0.908,0
9/19/2017,7:00, ,0,LHS,0,5.9,0,35.85,0,67.3,0,6.05,0,7.57,0,-52.7,19.287,0,7430.6,4.11,0,37.32,111.77,1.48,5.92,0.28,0.28,1.232,0.0864,0.871,0
9/19/2017,7:15, ,0,LHS,0,5.9,0,29.32,0,66.5,0,6,0,7.57,0,-52.3,19.242,0,7446.3,4.12,0,38.34,114.85,1.48,5.92,0.25,0.25,1.234,0.0827,0.834,0
9/19/2017,7:30, ,0,LHS,0,5.9,0,33.22,0,66,0,5.95,0,7.56,0,-52.2,19.209,0,7452.6,4.13,0,38.75,116.08,1.46,5.86,0.25,0.25,1.222,0.079,0.796,0
9/19/2017,7:45, ,0,LHS,0,5.9,0,32.07,0,65.4,0,5.9,0,7.56,0,-52,19.172,0,7466.9,4.14,0,39.36,117.9,1.46,5.86,0.21,0.22,1.215,0.0754,0.759,0
9/19/2017,8:00, ,0,LHS,0,5.9,0,31.92,0,64.9,0,5.86,0,7.56,0,-51.9,19.152,0,7474,4.14,0,39.86,119.41,1.51,6.04,0.24,0.25,1.224,0.0722,0.726,0
9/19/2017,8:15, ,0,LHS,0,5.9,0,27.6,0,64.4,0,5.82,0,7.56,0,-51.8,19.132,0,7483,4.15,0,40.31,120.75,1.49,5.96,0.24,0.24,1.224,0.0689,0.693,0
9/19/2017,8:30, ,0,LHS,0,5.9,0,26.64,0,64.1,0,5.79,0,7.56,0,-51.7,19.123,0,7489.6,4.15,0,40.88,122.46,1.49,5.96,0.24,0.25,1.224,0.0664,0.667,0
9/19/2017,8:45, ,0,LHS,0,5.9,0,26.97,0,63.9,0,5.77,0,7.56,0,-51.8,19.129,0,7497.6,4.15,0,40.84,122.34,1.55,6.2,0.21,0.21,1.222,0.065,0.653,0
9/19/2017,9:00, ,0,LHS,0,5.9,0,20.58,0,63.6,0,5.74,0,7.55,0,-51.5,19.109,0,7504.2,4.16,0,41.59,124.6,1.56,6.24,0.22,0.22,1.215,0.065,0.653,0
9/19/2017,9:15, ,0,LHS,0,5.9,0,21.91,0,63.5,0,5.74,0,7.56,0,-51.8,19.138,0,7504.3,4.16,0,41.87,125.45,1.54,6.17,0.21,0.21,1.222,0.0669,0.673,0
9/19/2017,9:30, ,0,LHS,0,5.9,0,20.64,0,64.2,0,5.79,0,7.56,0,-52,19.239,0,7502.5,4.16,0,41.85,125.38,1.55,6.23,0.23,0.23,1.217,0.0718,0.722,0
9/19/2017,9:45, ,0,LHS,0,5.9,0,23.47,0,64.1,0,5.78,0,7.56,0,-52.1,19.224,0,7488.6,4.15,0,41.54,124.45,1.5,6.02,0.23,0.23,1.223,0.0795,0.801,0
9/19/2017,10:00, ,0,LHS,0,5.9,0,27.47,0,64.3,0,5.79,0,7.57,0,-52.3,19.205,0,7478.6,4.14,0,40.65,121.76,1.51,6.04,0.23,0.23,1.227,0.09,0.908,0
9/19/2017,10:15, ,0,LHS,0,5.9,0,32.3,0,65.3,0,5.87,0,7.57,0,-52.6,19.321,0,7471.3,4.14,0,39.5,118.33,1.53,6.13,0.19,0.2,1.222,0.1016,1.026,0
9/19/2017,10:30, ,0,LHS,0,5.9,0,39.48,0,68.4,0,6.14,0,7.59,0,-53.9,19.417,0,7437.2,4.12,0,36.28,108.67,1.51,6.04,0.3,0.3,1.222,0.1136,1.149,0
9/19/2017,10:45, ,0,LHS,0,5.9,0,37.74,0,71,0,6.36,0,7.61,0,-55,19.539,0,7380.7,4.08,0,34.43,103.11,1.6,6.4,0.31,0.31,1.224,0.1258,1.273,0
9/19/2017,11:00, ,0,LHS,0,5.9,0,51.47,0,72.4,0,6.47,0,7.62,0,-55.6,19.693,0,7309.9,4.04,0,31.99,95.78,1.57,6.29,0.35,0.36,1.223,0.1371,1.389,0
9/19/2017,11:15, ,0,LHS,0,5.9,0,57.35,0,73.3,0,6.53,0,7.62,0,-55.4,19.834,0,7168.6,3.96,0,30.73,92,1.57,6.28,0.34,0.35,1.224,0.1483,1.503,0
9/19/2017,11:30, ,0,LHS,0,5.9,0,61.22,0,74.2,0,6.6,0,7.62,0,-55.5,19.948,0,7244.7,4,0,29.07,87.02,1.42,5.68,0.28,0.29,1.215,0.159,1.612,0
9/19/2017,11:45, ,0,LHS,0,5.9,0,55.28,0,75,0,6.65,0,7.62,0,-55.7,20.054,0,7291.9,4.03,0,29.16,87.29,1.51,6.05,0.36,0.37,1.226,0.1698,1.723,0
9/19/2017,12:00, ,0,LHS,0,5.9,0,61.56,0,75.6,0,6.69,0,7.62,0,-55.8,20.147,0,7370.3,4.08,0,27.34,81.85,1.45,5.8,0.38,0.38,1.226,0.1792,1.818,0
9/19/2017,12:15, ,0,LHS,0,5.9,0,57.88,0,76.2,0,6.73,0,7.62,0,-55.8,20.242,0,7441,4.12,0,27.37,81.92,1.45,5.83,0.39,0.39,1.227,0.1878,1.906,0
9/19/2017,12:30, ,0,LHS,0,5.9,0,64.4,0,76.2,0,6.72,0,7.62,0,-55.5,20.298,0,7500.3,4.15,0,27.9,83.53,1.45,5.81,0.32,0.33,1.226,0.195,1.979,0
9/19/2017,12:45, ,0,LHS,0,5.9,0,63.44,0,75.7,0,6.67,0,7.6,0,-54.7,20.336,0,7566,4.19,0,26.83,80.31,1.46,5.86,0.36,0.36,1.223,0.201,2.041,0
9/19/2017,13:00, ,0,LHS,0,5.9,0,63.62,0,75.7,0,6.66,0,7.6,0,-54.3,20.383,0,7628.3,4.23,0,27.08,81.08,1.51,6.04,0.36,0.37,1.221,0.2059,2.091,0
9/19/2017,13:15, ,0,LHS,0,5.9,0,53.57,0,76,0,6.68,0,7.6,0,-54.3,20.431,0,7656.8,4.24,0,28.49,85.3,1.51,6.04,0.32,0.32,1.221,0.2097,2.129,0
9/19/2017,13:30, ,0,LHS,0,5.9,0,59.9,0,76.3,0,6.7,0,7.6,0,-54.3,20.484,0,7684.1,4.26,0,28.47,85.23,1.44,5.77,0.32,0.32,1.217,0.2125,2.158,0
9/19/2017,13:45, ,0,LHS,0,5.9,0,40.52,0,76.6,0,6.72,0,7.6,0,-54.3,20.532,0,7698.7,4.27,0,29.15,87.28,1.48,5.91,0.32,0.32,1.216,0.2146,2.18,0
9/19/2017,14:00, ,0,LHS,0,5.9,0,41.37,0,76.8,0,6.74,0,7.59,0,-54.2,20.539,0,7747.5,4.3,0,28.37,84.93,1.46,5.84,0.27,0.28,1.215,0.2155,2.189,0
9/19/2017,14:15, ,0,LHS,0,5.9,0,30.73,0,77.3,0,6.77,0,7.6,0,-54.4,20.655,0,7742.9,4.3,0,29.58,88.57,1.45,5.81,0.28,0.28,1.223,0.2154,2.187,0
9/19/2017,14:30, ,0,LHS,0,5.9,0,30.29,0,77,0,6.74,0,7.6,0,-54.3,20.66,0,7755,4.3,0,30.18,90.37,1.34,5.39,0.26,0.27,1.219,0.2145,2.178,0
9/19/2017,14:45, ,0,LHS,0,5.9,0,40.25,0,75.4,0,6.6,0,7.58,0,-53.5,20.63,0,7775.2,4.31,0,29.59,88.59,1.24,4.98,0.26,0.26,1.222,0.213,2.163,0
9/19/2017,15:00, ,0,LHS,0,5.9,0,34.38,0,77,0,6.74,0,7.6,0,-54.3,20.63,0,7756.3,4.3,0,30.04,89.93,1.39,5.58,0.27,0.28,1.22,0.2108,2.141,0
9/19/2017,15:15, ,0,LHS,0,5.9,0,28.82,0,77.6,0,6.79,0,7.6,0,-54.5,20.67,0,7762.9,4.31,0,30.29,90.7,1.44,5.76,0.2,0.21,1.223,0.2076,2.108,0
9/19/2017,15:30, ,0,LHS,0,5.9,0,30.67,0,77,0,6.74,0,7.6,0,-54.4,20.67,0,7740,4.29,0,30.14,90.26,1.34,5.39,0.25,0.25,1.227,0.2034,2.065,0
9/19/2017,15:45, ,0,LHS,0,5.9,0,28.7,0,78.5,0,6.85,0,7.61,0,-55.4,20.834,0,7698.4,4.27,0,30.52,91.38,1.43,5.75,0.27,0.27,1.225,0.198,2.01,0
9/19/2017,16:00, ,0,LHS,0,5.9,0,41.81,0,76.4,0,6.69,0,7.6,0,-54.3,20.626,0,7688.5,4.26,0,28.8,86.24,1.43,5.73,0.32,0.33,1.224,0.191,1.939,0
9/19/2017,16:15, ,0,LHS,0,5.9,0,46.71,0,76.2,0,6.68,0,7.6,0,-54.4,20.635,0,7648.7,4.24,0,28.62,85.7,1.46,5.87,0.31,0.31,1.223,0.1832,1.859,0
9/19/2017,16:30, ,0,LHS,0,5.9,0,51.69,0,76.2,0,6.67,0,7.6,0,-54.5,20.645,0,7615,4.22,0,28.02,83.87,1.49,5.98,0.32,0.33,1.228,0.1745,1.77,0
9/19/2017,16:45, ,0,LHS,0,5.9,0,46.14,0,76.2,0,6.68,0,7.61,0,-54.9,20.636,0,7556.2,4.18,0,28.99,86.81,1.44,5.79,0.33,0.34,1.221,0.1658,1.681,0
9/19/2017,17:00, ,0,LHS,0,5.9,0,56.63,0,76.1,0,6.67,0,7.61,0,-55.1,20.622,0,7515.2,4.16,0,28.24,84.55,1.45,5.8,0.35,0.35,1.218,0.1567,1.589,0
9/19/2017,17:15, ,0,LHS,0,5.9,0,54.3,0,76,0,6.66,0,7.62,0,-55.4,20.592,0,7454,4.12,0,28.57,85.52,1.41,5.64,0.31,0.31,1.223,0.1473,1.493,0
9/19/2017,17:30, ,0,LHS,0,5.9,0,53.59,0,75.7,0,6.65,0,7.62,0,-55.5,20.546,0,7416,4.1,0,29.01,86.85,1.44,5.78,0.32,0.33,1.222,0.1383,1.401,0
9/19/2017,17:45, ,0,LHS,0,5.9,0,55.92,0,75,0,6.59,0,7.61,0,-55.2,20.49,0,7370.4,4.07,0,29.34,87.83,1.5,6.02,0.31,0.32,1.224,0.1292,1.309,0
9/19/2017,18:00, ,0,LHS,0,5.9,0,54.17,0,74,0,6.51,0,7.61,0,-54.8,20.425,0,7346.3,4.06,0,29.59,88.61,1.52,6.1,0.28,0.28,1.215,0.1206,1.221,0
9/19/2017,18:15, ,0,LHS,0,5.9,0,51.85,0,73.2,0,6.45,0,7.6,0,-54.6,20.361,0,7320.3,4.05,0,30.1,90.13,1.49,5.97,0.31,0.32,1.227,0.1134,1.147,0
9/19/2017,18:30, ,0,LHS,0,5.9,0,69.02,0,72.4,0,6.39,0,7.6,0,-54.3,20.288,0,7331,4.05,0,31.28,93.67,1.56,6.24,0.29,0.3,1.227,0.1066,1.078,0
9/19/2017,18:45, ,0,LHS,0,5.9,0,59.47,0,71,0,6.28,0,7.58,0,-53.3,20.214,0,7363.8,4.07,0,32.64,97.73,1.59,6.36,0.31,0.32,1.226,0.1016,1.027,0
9/19/2017,19:00, ,0,LHS,0,5.9,0,66.69,0,69.9,0,6.19,0,7.58,0,-53.3,20.156,0,7383.1,4.08,0,33.95,101.66,1.59,6.39,0.32,0.32,1.226,0.0966,0.976,0
9/19/2017,19:15, ,0,LHS,0,5.9,0,43.78,0,68.8,0,6.09,0,7.57,0,-52.8,20.101,0,7408.6,4.1,0,35.47,106.24,1.54,6.18,0.28,0.28,1.227,0.093,0.939,0
9/19/2017,19:30, ,0,LHS,0,5.9,0,41.7,0,67.8,0,6.01,0,7.57,0,-52.6,20.061,0,7429.3,4.11,0,36.67,109.85,1.55,6.22,0.3,0.3,1.225,0.0902,0.91,0
9/19/2017,19:45, ,0,LHS,0,5.9,0,34.59,0,66.9,0,5.93,0,7.56,0,-52,20.02,0,7449.5,4.12,0,37.88,113.45,1.57,6.3,0.26,0.26,1.224,0.0879,0.887,0
9/19/2017,20:00, ,0,LHS,0,5.9,0,57,0,66.2,0,5.88,0,7.55,0,-51.6,19.985,0,7463.1,4.13,0,38.66,115.79,1.6,6.42,0.25,0.25,1.22,0.0859,0.866,0
9/19/2017,20:15, ,0,LHS,0,5.9,0,29.21,0,65.7,0,5.84,0,7.55,0,-51.3,19.945,0,7473.4,4.14,0,39.32,117.79,1.59,6.36,0.25,0.26,1.22,0.0843,0.85,0
9/19/2017,20:30, ,0,LHS,0,5.9,0,25.76,0,65.3,0,5.81,0,7.55,0,-51.3,19.912,0,7485.2,4.14,0,40.11,120.17,1.57,6.31,0.26,0.26,1.229,0.0827,0.834,0
9/19/2017,20:45, ,0,LHS,0,5.9,0,22.6,0,64.9,0,5.77,0,7.54,0,-51.1,19.879,0,7492.2,4.15,0,40.65,121.78,1.57,6.3,0.24,0.25,1.224,0.0817,0.824,0
9/19/2017,21:00, ,0,LHS,0,5.9,0,36.22,0,64.6,0,5.74,0,7.54,0,-51.1,19.864,0,7499.6,4.15,0,41.28,123.66,1.6,6.4,0.24,0.25,1.222,0.0824,0.831,0
9/19/2017,21:15, ,0,LHS,0,5.9,0,17.47,0,63.8,0,5.67,0,7.54,0,-51,19.847,0,7502.4,4.16,0,41.7,124.93,1.47,5.89,0.24,0.25,1.219,0.0849,0.856,0
9/19/2017,21:30, ,0,LHS,0,5.9,0,21.84,0,64.7,0,5.76,0,7.55,0,-51.4,19.819,0,7495.3,4.15,0,40.9,122.53,1.53,6.13,0.19,0.2,1.217,0.0894,0.902,0
9/19/2017,21:45, ,0,LHS,0,5.9,0,23.07,0,65.1,0,5.79,0,7.55,0,-51.7,19.857,0,7483.4,4.14,0,40.83,122.3,1.56,6.23,0.26,0.26,1.215,0.0966,0.975,0
9/19/2017,22:00, ,0,LHS,0,5.9,0,23.43,0,65.7,0,5.84,0,7.56,0,-52,19.904,0,7463.3,4.13,0,40.11,120.15,1.54,6.16,0.28,0.29,1.234,0.1062,1.074,0
9/19/2017,22:15, ,0,LHS,0,5.9,0,33.4,0,67.2,0,5.98,0,7.57,0,-52.8,19.885,0,7440.5,4.12,0,37.38,111.97,1.54,6.16,0.28,0.28,1.223,0.1168,1.182,0
9/19/2017,22:30, ,0,LHS,0,5.9,0,35.02,0,70.2,0,6.24,0,7.59,0,-54.1,19.954,0,7412.6,4.1,0,35.35,105.88,1.57,6.31,0.3,0.31,1.222,0.1279,1.295,0
9/19/2017,22:45, ,0,LHS,0,5.9,0,34.04,0,72.2,0,6.4,0,7.61,0,-54.9,20.073,0,7376.3,4.08,0,33.43,100.12,1.59,6.39,0.35,0.36,1.218,0.139,1.408,0
9/19/2017,23:00, ,0,LHS,0,5.9,0,56.1,0,73.6,0,6.51,0,7.62,0,-55.4,20.193,0,7291.8,4.03,0,31.2,93.44,1.51,6.05,0.33,0.33,1.225,0.1497,1.517,0
9/19/2017,23:15, ,0,LHS,0,5.9,0,53.33,0,74.4,0,6.57,0,7.62,0,-55.5,20.317,0,7283.3,4.02,0,30.7,91.93,1.49,5.98,0.31,0.32,1.223,0.1609,1.631,0
9/19/2017,23:30, ,0,LHS,0,5.9,0,56.62,0,75.1,0,6.61,0,7.62,0,-55.6,20.377,0,7351.2,4.06,0,29.52,88.38,1.5,6.01,0.36,0.37,1.22,0.1714,1.739,0
9/19/2017,23:45, ,0,LHS,0,5.9,0,50.5,0,75.7,0,6.66,0,7.62,0,-55.7,20.402,0,7420.5,4.1,0,29.57,88.53,1.47,5.91,0.34,0.35,1.215,0.1809,1.836,0
9/20/2017,0:00, ,0,LHS,0,5.9,0,54.89,0,75.8,0,6.67,0,7.62,0,-55.5,20.425,0,7478,4.14,0,29.21,87.46,1.48,5.95,0.32,0.33,1.226,0.1896,1.925,0
9/20/2017,0:15, ,0,LHS,0,5.9,0,56.39,0,76,0,6.68,0,7.61,0,-55.3,20.428,0,7534.1,4.17,0,28.14,84.23,1.45,5.83,0.34,0.35,1.224,0.1976,2.006,0
9/20/2017,0:30, ,0,LHS,0,5.9,0,53.85,0,76,0,6.68,0,7.61,0,-54.9,20.432,0,7583.8,4.2,0,28.62,85.68,1.49,5.99,0.35,0.35,1.224,0.2043,2.075,0
9/20/2017,0:45, ,0,LHS,0,5.9,0,58.69,0,75.7,0,6.66,0,7.6,0,-54.3,20.429,0,7623.4,4.22,0,28.71,85.96,1.51,6.07,0.37,0.37,1.224,0.21,2.132,0
9/20/2017,1:00, ,0,LHS,0,5.9,0,47.81,0,75.7,0,6.65,0,7.59,0,-53.9,20.435,0,7666.6,4.25,0,28.86,86.4,1.5,6,0.3,0.31,1.221,0.2149,2.182,0
9/20/2017,1:15, ,0,LHS,0,5.9,0,39.97,0,75.8,0,6.66,0,7.59,0,-53.8,20.432,0,7697.8,4.27,0,29,86.83,1.48,5.93,0.32,0.33,1.223,0.2188,2.222,0
9/20/2017,1:30, ,0,LHS,0,5.9,0,43.83,0,76,0,6.68,0,7.59,0,-53.6,20.43,0,7746.2,4.3,0,28.54,85.44,1.44,5.77,0.34,0.34,1.216,0.221,2.245,0
9/20/2017,1:45, ,0,LHS,0,5.9,0,44.05,0,76,0,6.68,0,7.59,0,-53.6,20.426,0,7762.9,4.31,0,29.08,87.07,1.43,5.73,0.32,0.32,1.229,0.2225,2.26,0
9/20/2017,2:00, ,0,LHS,0,5.9,0,37.6,0,76.2,0,6.7,0,7.58,0,-53.5,20.418,0,7796.9,4.33,0,28.82,86.3,1.39,5.58,0.27,0.28,1.23,0.2234,2.269,0
9/20/2017,2:15, ,0,LHS,0,5.9,0,33.68,0,76.3,0,6.71,0,7.58,0,-53.5,20.41,0,7812.1,4.34,0,28.99,86.79,1.38,5.54,0.28,0.29,1.229,0.2232,2.268,0
9/20/2017,2:30, ,0,LHS,0,5.9,0,31.12,0,76.2,0,6.7,0,7.58,0,-53.4,20.409,0,7828.2,4.35,0,29.33,87.81,1.33,5.32,0.26,0.26,1.229,0.2223,2.258,0
9/20/2017,2:45, ,0,LHS,0,5.9,0,27.46,0,76.2,0,6.7,0,7.58,0,-53.4,20.412,0,7847.9,4.36,0,29.79,89.19,1.26,5.06,0.22,0.22,1.229,0.2205,2.24,0
9/20/2017,3:00, ,0,LHS,0,5.9,0,34.8,0,75.6,0,6.65,0,7.58,0,-53.1,20.382,0,7832.4,4.35,0,29.72,88.99,1.35,5.4,0.24,0.24,1.229,0.2179,2.213,0
9/20/2017,3:15, ,0,LHS,0,5.9,0,33.19,0,76.3,0,6.71,0,7.58,0,-53.4,20.419,0,7855.6,4.36,0,29.01,86.84,1.29,5.18,0.26,0.27,1.228,0.2142,2.175,0
9/20/2017,3:30, ,0,LHS,0,5.9,0,34.11,0,75.9,0,6.68,0,7.58,0,-53.3,20.354,0,7816.6,4.34,0,29.21,87.47,1.29,5.17,0.22,0.23,1.227,0.2087,2.119,0
9/20/2017,3:45, ,0,LHS,0,5.9,0,42.82,0,75.6,0,6.66,0,7.58,0,-53.4,20.33,0,7787.5,4.32,0,28.09,84.11,1.28,5.13,0.3,0.3,1.225,0.2018,2.048,0
9/20/2017,4:00, ,0,LHS,0,5.9,0,51.1,0,75.2,0,6.63,0,7.58,0,-53.4,20.268,0,7749.5,4.3,0,27.44,82.15,1.34,5.36,0.27,0.27,1.226,0.1936,1.965,0
9/20/2017,4:15, ,0,LHS,0,5.9,0,51.92,0,74.9,0,6.61,0,7.58,0,-53.5,20.241,0,7709.3,4.28,0,27.41,82.06,1.34,5.36,0.34,0.34,1.224,0.1852,1.879,0
9/20/2017,4:30, ,0,LHS,0,5.9,0,55.4,0,74.8,0,6.61,0,7.59,0,-53.8,20.221,0,7655.7,4.24,0,27.38,81.95,1.42,5.67,0.34,0.34,1.222,0.1757,1.783,0
9/20/2017,4:45, ,0,LHS,0,5.9,0,57.39,0,74.6,0,6.6,0,7.59,0,-54,20.161,0,7602.9,4.21,0,27.42,82.08,1.4,5.61,0.36,0.37,1.219,0.1657,1.681,0
9/20/2017,5:00, ,0,LHS,0,5.9,0,57.27,0,74.3,0,6.58,0,7.6,0,-54.4,20.086,0,7548.1,4.18,0,28.11,84.16,1.38,5.53,0.33,0.34,1.219,0.1558,1.579,0
9/20/2017,5:15, ,0,LHS,0,5.9,0,59.97,0,74.1,0,6.57,0,7.6,0,-54.4,20.017,0,7514.8,4.16,0,28.22,84.49,1.4,5.63,0.33,0.33,1.217,0.1453,1.472,0
9/20/2017,5:30, ,0,LHS,0,5.9,0,60.79,0,73.5,0,6.53,0,7.6,0,-54.5,19.943,0,7469.9,4.14,0,28.37,84.93,1.46,5.84,0.35,0.35,1.226,0.1353,1.371,0
9/20/2017,5:45, ,0,LHS,0,5.9,0,60.88,0,72.7,0,6.47,0,7.6,0,-54.2,19.852,0,7434,4.11,0,28.49,85.3,1.45,5.81,0.35,0.35,1.234,0.1258,1.273,0
9/20/2017,6:00, ,0,LHS,0,5.9,0,66.19,0,71.9,0,6.42,0,7.59,0,-54.1,19.743,0,7399.6,4.09,0,29,86.81,1.41,5.65,0.34,0.35,1.228,0.1171,1.185,0
9/20/2017,6:15, ,0,LHS,0,5.9,0,57.56,0,71,0,6.35,0,7.59,0,-53.7,19.632,0,7385,4.09,0,30.06,90,1.44,5.76,0.32,0.33,1.223,0.1097,1.109,0
9/20/2017,6:30, ,0,LHS,0,5.9,0,69.17,0,69.7,0,6.24,0,7.58,0,-53.2,19.523,0,7390.2,4.09,0,31.1,93.12,1.47,5.9,0.35,0.36,1.215,0.1026,1.036,0
9/20/2017,6:45, ,0,LHS,0,5.9,0,48.01,0,68.3,0,6.13,0,7.57,0,-52.5,19.418,0,7413.9,4.1,0,32.57,97.53,1.41,5.67,0.32,0.32,1.224,0.0963,0.973,0
9/20/2017,7:00, ,0,LHS,0,5.8,0,50.7,0,67.3,0,6.05,0,7.56,0,-52.1,19.334,0,7434.5,4.12,0,33.86,101.41,1.48,5.93,0.29,0.3,1.223,0.0914,0.923,0
9/20/2017,7:15, ,0,LHS,0,5.9,0,50.43,0,66.2,0,5.96,0,7.56,0,-51.7,19.266,0,7455.5,4.13,0,34.72,103.98,1.46,5.84,0.27,0.28,1.228,0.0862,0.869,0
9/20/2017,7:30, ,0,LHS,0,5.8,0,47.55,0,65.3,0,5.88,0,7.55,0,-51.5,19.204,0,7475.4,4.14,0,36.4,109.01,1.46,5.83,0.26,0.26,1.221,0.082,0.826,0
9/20/2017,7:45, ,0,LHS,0,5.8,0,38.05,0,64.6,0,5.83,0,7.54,0,-51,19.164,0,7492.6,4.15,0,37.17,111.34,1.52,6.1,0.31,0.31,1.216,0.0782,0.788,0
9/20/2017,8:00, ,0,LHS,0,5.8,0,38.75,0,64.1,0,5.78,0,7.54,0,-51.1,19.129,0,7504.6,4.16,0,38.03,113.91,1.46,5.85,0.25,0.26,1.223,0.0752,0.757,0
9/20/2017,8:15, ,0,LHS,0,5.8,0,46.15,0,63.7,0,5.75,0,7.54,0,-51,19.111,0,7515.1,4.16,0,38.39,115.01,1.46,5.83,0.28,0.29,1.22,0.0723,0.727,0
9/20/2017,8:30, ,0,LHS,0,5.8,0,37.44,0,63.4,0,5.72,0,7.54,0,-51,19.094,0,7522.5,4.17,0,38.24,114.55,1.46,5.84,0.26,0.26,1.222,0.0702,0.706,0
9/20/2017,8:45, ,0,LHS,0,5.9,0,41.6,0,63.4,0,5.73,0,7.55,0,-51.1,19.085,0,7530.4,4.17,0,38.62,115.69,1.48,5.94,0.26,0.26,1.222,0.0678,0.682,0
9/20/2017,9:00, ,0,LHS,0,5.8,0,34.82,0,63.6,0,5.74,0,7.55,0,-51.1,19.108,0,7535.7,4.18,0,38.53,115.43,1.51,6.06,0.28,0.28,1.223,0.0662,0.665,0
9/20/2017,9:15, ,0,LHS,0,5.8,0,33.61,0,63.9,0,5.77,0,7.55,0,-51.3,19.126,0,7540.6,4.18,0,38.8,116.23,1.52,6.11,0.3,0.3,1.215,0.0655,0.659,0
9/20/2017,9:30, ,0,LHS,0,5.8,0,34.3,0,63.9,0,5.77,0,7.55,0,-51.4,19.156,0,7542.8,4.18,0,38.89,116.48,1.53,6.15,0.21,0.21,1.225,0.066,0.663,0
9/20/2017,9:45, ,0,LHS,0,5.9,0,27.75,0,64,0,5.77,0,7.55,0,-51.4,19.164,0,7547,4.18,0,40.56,121.49,1.58,6.35,0.24,0.24,1.231,0.0683,0.686,0
9/20/2017,10:00, ,0,LHS,0,5.8,0,29.14,0,64.6,0,5.82,0,7.56,0,-51.8,19.23,0,7541.6,4.18,0,39.76,119.1,1.53,6.15,0.29,0.3,1.234,0.0731,0.735,0
9/20/2017,10:15, ,0,LHS,0,5.8,0,28.35,0,63.7,0,5.75,0,7.55,0,-51.5,19.151,0,7535.2,4.18,0,39.96,119.71,1.49,5.99,0.28,0.28,1.225,0.0811,0.817,0
9/20/2017,10:30, ,0,LHS,0,5.8,0,35.12,0,64.9,0,5.84,0,7.56,0,-52,19.257,0,7521.6,4.17,0,39.15,117.28,1.53,6.14,0.28,0.29,1.216,0.0902,0.91,0
9/20/2017,10:45, ,0,LHS,0,5.8,0,50.45,0,70.2,0,6.3,0,7.6,0,-54.4,19.451,0,7506.9,4.16,0,34.81,104.24,1.61,6.46,0.31,0.31,1.223,0.1017,1.028,0
9/20/2017,11:00, ,0,LHS,0,5.8,0,73.79,0,74.4,0,6.64,0,7.63,0,-56.4,19.687,0,7461.6,4.13,0,31.55,94.49,1.66,6.66,0.41,0.42,1.226,0.1136,1.149,0
