Site,Bottle,datetime,Deployment,ID,EC_uScm,pH,Turbidity_ntu,TP_mgL,TDP_mgL,PO4P_mgL,TN_mgL,TDN_mgL,DON_mgL,NH4N_mgL,NO3N_mgL,DOC_mgL,TSS_mgL,VSS_mgL,ID2,datetime_DLS
FM,1,2017-06-12T08:25:00Z,1,CMP 1,2.05,8.33,66.7,0.593,0.395,0.328,2.9,2.74,1.76,0.04,0.95,13.1,57.8,9.9,1,2017-06-12T08:30:00Z
FM,2,2017-06-12T09:25:00Z,1,CMP 2,2.21,8.27,63.5,0.602,0.395,0.344,2.61,2.55,1.63,0.04,0.89,13.8,52.4,8.8,2,2017-06-12T09:30:00Z
FM,3,2017-06-12T10:25:00Z,1,CMP 3,2.52,8.25,70.1,0.593,0.365,0.328,2.51,2.34,1.6,0.04,0.7,14.5,60.4,9,3,2017-06-12T10:30:00Z
FM,4,2017-06-12T11:25:00Z,1,CMP 4,2.71,8.22,73.5,0.62,0.346,0.314,2.31,2.24,1.63,0.04,0.57,14.9,57.8,8.3,4,2017-06-12T11:30:00Z
FM,5,2017-06-12T12:25:00Z,1,CMP 5,2.78,8.35,75.4,0.593,0.358,0.31,2.46,2.36,1.78,0.04,0.55,15.5,54.3,8.3,5,2017-06-12T12:30:00Z
FM,6,2017-06-12T13:25:00Z,1,CMP 6,2.48,8.18,144,0.804,0.358,0.31,2.6,2.36,1.62,0.03,0.71,14.2,121.7,16.2,6,2017-06-12T13:30:00Z
FM,7,2017-06-12T14:25:00Z,1,CMP 7,2,8.34,81.5,0.758,0.475,0.431,2.72,2.52,1.17,0.05,1.3,13.3,84.4,11.1,7,2017-06-12T14:30:00Z
FM,8,2017-06-12T15:25:00Z,1,CMP 8,1.9,8.19,67.9,0.565,0.297,0.262,2.64,2.12,1.35,0.04,0.73,12.4,62.5,8.2,8,2017-06-12T15:30:00Z
FM,9,2017-06-12T16:25:00Z,1,CMP 9,1.41,7.99,113,0.427,0.125,0.098,1.98,1.76,1.48,0.03,0.25,10.3,100.2,13.7,9,2017-06-12T16:30:00Z
FM,10,2017-06-12T17:25:00Z,1,CMP 10,1.26,7.89,81.4,0.335,0.094,0.074,1.6,1.54,1.29,0.04,0.21,10,69.7,10.3,10,2017-06-12T17:30:00Z
FM,11,2017-06-12T18:25:00Z,1,CMP 11,1.42,8.01,77.6,0.353,0.119,0.096,1.72,1.68,1.39,0.03,0.26,10.3,65.9,10.2,11,2017-06-12T18:30:00Z
FM,12,2017-06-12T19:25:00Z,1,CMP 12,1.39,8.04,60.1,0.298,0.125,0.103,1.77,1.65,1.36,0.04,0.25,10.5,43.6,7.7,12,2017-06-12T19:30:00Z
FM,13,2017-06-12T20:25:00Z,1,CMP 13,1.64,8.11,60.9,0.381,0.174,0.162,2.34,1.85,1.42,0.03,0.39,11.1,48.1,7.9,13,2017-06-12T20:30:00Z
FM,14,2017-06-12T21:25:00Z,1,CMP 14,1.9,8.23,57.1,0.538,0.309,0.268,2.77,2.57,1.8,0.04,0.73,12.6,50.7,7.8,14,2017-06-12T21:30:00Z
FM,15,2017-06-12T22:25:00Z,1,CMP 15,2,8.45,53.5,0.593,0.401,0.349,2.9,2.52,1.46,0.05,1.01,13,48.6,7.9,15,2017-06-12T22:30:00Z
FM,16,2017-06-12T23:25:00Z,1,CMP 16,2,8.29,57.4,0.584,0.395,0.358,2.87,2.37,1.31,0.06,1.01,12.8,46.7,6.6,16,2017-06-12T23:30:00Z
FM,17,2017-06-13T00:25:00Z,1,CMP 17,1.78,8.32,55.4,0.464,0.279,0.242,2.48,2.07,1.38,0.04,0.65,11.9,43.8,7.2,17,2017-06-13T00:30:00Z
FM,18,2017-06-13T01:25:00Z,1,CMP 18,1.66,8.07,58.6,0.399,0.223,0.196,2.21,1.96,1.39,0.05,0.52,11.3,43.1,6.8,18,2017-06-13T01:30:00Z
FM,19,2017-06-13T02:25:00Z,1,CMP 19,1.44,8.06,61.2,0.363,0.18,0.145,2.18,2.07,1.57,0.06,0.44,11.2,46.3,7.3,19,2017-06-13T02:30:00Z
FM,20,2017-06-13T03:25:00Z,1,CMP 20,1.31,7.99,53.5,0.289,0.131,0.108,2.1,1.95,1.57,0.04,0.34,9.8,45.4,6,20,2017-06-13T03:30:00Z
FM,21,2017-06-13T04:25:00Z,1,CMP 21,1.33,8,52.6,0.353,0.15,0.125,1.95,1.72,1.31,0.04,0.37,9.9,41.1,7,21,2017-06-13T04:30:00Z
FM,22,2017-06-13T05:25:00Z,1,CMP 22,1.4,7.99,62.6,0.372,0.168,0.143,1.79,1.72,1.31,0.05,0.36,10.6,45.7,7.3,22,2017-06-13T05:30:00Z
FM,23,2017-06-13T06:25:00Z,1,CMP 23,1.47,8.18,70,0.399,0.18,0.15,2.04,1.97,1.48,0.06,0.43,10.6,56.2,9.2,23,2017-06-13T06:30:00Z
FM,24,2017-06-13T07:25:00Z,1,CMP 24,1.61,8.08,71.6,0.446,0.223,0.192,2.05,1.99,1.42,0.06,0.51,11.4,67.4,11,24,2017-06-13T07:30:00Z
FM,1,2017-06-22T11:15:00Z,2,CMP 128,2.2,7.69,71.3,0.668,0.338,0.26,1.42,0.96,0.93,0.02,0,17.7,66.4,11.1,128,2017-06-22T11:15:00Z
FM,2,2017-06-22T12:15:00Z,2,CMP 129,1.63,7.65,172,0.905,0.179,0.131,1.32,0.93,0.69,0.03,0.2,12.4,159.5,27.3,129,2017-06-22T12:15:00Z
FM,3,2017-06-22T13:15:00Z,2,CMP 130,1.43,7.53,105,0.535,0.122,0.073,1.01,0.68,0.64,0.04,0,12.5,108,14.2,130,2017-06-22T13:15:00Z
FM,4,2017-06-22T14:15:00Z,2,CMP 131,1.44,7.63,77.7,0.411,0.141,0.09,1.01,0.83,0.66,0.03,0.15,11.2,72.9,9.3,131,2017-06-22T14:15:00Z
FM,5,2017-06-22T15:15:00Z,2,CMP 132,1.64,7.62,267,1.144,0.166,0.112,1.34,0.78,0.7,0.02,0.06,14.7,230,39.5,132,2017-06-22T15:15:00Z
FM,6,2017-06-22T16:15:00Z,2,CMP 133,1.88,7.65,73.4,0.535,0.274,0.214,1.45,1.26,0.75,0.02,0.49,15.1,74.2,11.2,133,2017-06-22T16:15:00Z
FM,7,2017-06-22T17:15:00Z,2,CMP 134,2.08,7.77,238,1.182,0.401,0.337,2.09,1.81,0.83,0.03,0.96,16,246.9,30,134,2017-06-22T17:15:00Z
FM,8,2017-06-22T18:15:00Z,2,CMP 135,2.12,7.85,334,1.533,0.484,0.387,2.32,2.1,0.9,0.02,1.17,15.7,314.7,48.4,135,2017-06-22T18:15:00Z
FM,9,2017-06-22T19:15:00Z,2,CMP 136,1.98,7.81,99.7,0.744,0.401,0.334,2.03,1.9,0.87,0.03,0.99,15.4,84,10,136,2017-06-22T19:15:00Z
FM,10,2017-06-22T20:15:00Z,2,CMP 137,1.83,7.77,102,0.754,0.312,0.26,2.04,1.78,0.86,0.03,0.9,14.7,116.4,16.8,137,2017-06-22T20:15:00Z
FM,11,2017-06-22T21:15:00Z,2,CMP 138,1.75,7.99,98.8,0.744,0.445,0.361,2.29,2.09,0.79,0.02,1.28,12.8,93.8,13.1,138,2017-06-22T21:15:00Z
FM,12,2017-06-22T22:15:00Z,2,CMP 139,1.81,7.87,84.6,0.659,0.382,0.319,2.04,1.77,0.72,0.02,1.02,14.1,82,11.7,139,2017-06-22T22:15:00Z
FM,13,2017-06-22T23:15:00Z,2,CMP 140,1.58,8.08,216,0.811,0.23,0.189,1.5,1.24,0.54,0.02,0.68,10.3,204.2,24.7,140,2017-06-22T23:15:00Z
FM,14,2017-06-23T00:15:00Z,2,CMP 141,1.91,7.82,216.9,0.759,0.141,0.1,0.95,0.78,0.42,0.01,0.34,7.9,207.4,24.9,141,2017-06-23T00:15:00Z
FM,15,2017-06-23T01:15:00Z,2,CMP 142,2.53,7.79,131,0.449,0.109,0.081,0.82,0.74,0.45,0.01,0.28,7,135,17,142,2017-06-23T01:15:00Z
FM,16,2017-06-23T02:15:00Z,2,CMP 143,2.66,7.66,66.6,0.297,0.103,0.089,0.7,0.65,0.38,0.02,0.24,6.8,57.4,8.5,143,2017-06-23T02:15:00Z
FM,17,2017-06-23T03:15:00Z,2,CMP 144,2.14,7.6,150,0.544,0.134,0.102,1,0.73,0.41,0.02,0.3,7.8,147.3,19,144,2017-06-23T03:15:00Z
FM,18,2017-06-23T04:15:00Z,2,CMP 145,1.79,7.62,235,0.954,0.23,0.184,1.46,1.05,0.5,0.02,0.53,9.2,237.9,42.4,145,2017-06-23T04:15:00Z
FM,19,2017-06-23T05:15:00Z,2,CMP 146,1.89,7.62,160,0.858,0.344,0.267,1.84,1.49,0.73,0.03,0.73,12.7,156.3,23.2,146,2017-06-23T05:15:00Z
FM,20,2017-06-23T06:15:00Z,2,CMP 147,2.04,7.69,92.5,0.697,0.363,0.302,1.75,1.47,0.74,0.03,0.7,14.7,86.8,13.8,147,2017-06-23T06:15:00Z
FM,21,2017-06-23T07:15:00Z,2,CMP 148,2.29,7.68,64.8,0.668,0.388,0.32,1.9,1.43,0.79,0.02,0.63,16.7,54.3,10,148,2017-06-23T07:15:00Z
FM,22,2017-06-23T08:15:00Z,2,CMP 149,2.5,7.69,87.7,0.839,0.395,0.328,2.14,1.47,0.88,0.02,0.56,18.1,81.4,15.3,149,2017-06-23T08:15:00Z
FM,23,2017-06-23T09:15:00Z,2,CMP 150,2.58,7.93,123,0.839,0.388,0.332,1.85,1.48,0.94,0.04,0.5,18.4,116.4,16.9,150,2017-06-23T09:15:00Z
FM,24,2017-06-23T10:15:00Z,2,CMP 151,2.5,7.71,85.9,0.725,0.42,0.326,1.84,1.56,0.97,0.02,0.57,18.1,77.9,12.8,151,2017-06-23T10:15:00Z
FM,1,2017-07-17T11:30:00Z,3,CMP 225,2.31,8.06,78.2,0.659,0.395,0.332,1.5,1.65,0.62,0.09,0.95,12.7,61.4,11.9,225,2017-07-17T11:30:00Z
FM,1,2017-07-17T12:30:00Z,3,CMP 228,2.89,8.2,69.1,0.693,0.397,0.376,2.67,1.97,0.61,0.02,1.34,12.6,62.7,13.3,228,2017-07-17T12:30:00Z
FM,2,2017-07-17T13:30:00Z,3,CMP 229,2.79,8.23,65.9,0.739,0.465,0.441,3.06,2.18,0.58,0.02,1.58,12,63.3,11.6,229,2017-07-17T13:30:00Z
FM,3,2017-07-17T14:30:00Z,3,CMP 230,2.82,8.22,58.3,0.656,0.459,0.438,2.67,2.17,0.62,0.03,1.52,13.4,53.6,10.8,230,2017-07-17T14:30:00Z
FM,4,2017-07-17T15:30:00Z,3,CMP 231,2.9,8.26,92.3,0.749,0.465,0.443,2.44,1.95,0.59,0.01,1.35,13,88.4,13.5,231,2017-07-17T15:30:00Z
FM,5,2017-07-17T16:30:00Z,3,CMP 232,2.87,8.19,130,0.841,0.446,0.414,2.58,2.05,0.68,0.02,1.35,13.8,126.3,19.9,232,2017-07-17T16:30:00Z
FM,6,2017-07-17T17:30:00Z,3,CMP 233,2.75,8.25,211,1.034,0.41,0.384,2.56,2,0.55,0.02,1.42,11.9,207.9,29.5,233,2017-07-17T17:30:00Z
FM,7,2017-07-17T18:30:00Z,3,CMP 234,2.75,8.23,352,1.357,0.453,0.436,3.02,2.18,0.52,0.03,1.63,11.6,333.7,48,234,2017-07-17T18:30:00Z
FM,8,2017-07-17T19:30:00Z,3,CMP 235,2.76,8.27,158,0.868,0.428,0.406,2.61,2.13,0.55,0.02,1.55,11.1,147.2,21.7,235,2017-07-17T19:30:00Z
FM,9,2017-07-17T20:30:00Z,3,CMP 236,2.79,8.28,175,0.933,0.446,0.419,2.99,2.09,0.59,0.02,1.48,12.4,161.8,24.1,236,2017-07-17T20:30:00Z
FM,10,2017-07-17T21:30:00Z,3,CMP 237,2.56,8.24,128,0.656,0.288,0.267,2.38,1.51,0.54,0.02,0.95,10.6,127.8,17.1,237,2017-07-17T21:30:00Z
FM,11,2017-07-17T22:30:00Z,3,CMP 238,2.85,8.18,69.5,0.592,0.317,0.295,2.35,1.64,0.51,0.03,1.1,9.9,69.6,9.9,238,2017-07-17T22:30:00Z
FM,12,2017-07-17T23:30:00Z,3,CMP 239,3.09,8.18,72.2,0.362,0.207,0.184,1.39,1.1,0.38,0.03,0.69,8,67.2,10.8,239,2017-07-17T23:30:00Z
FM,13,2017-07-18T00:30:00Z,3,CMP 240,2.74,8.21,48.1,0.463,0.331,0.305,1.94,1.6,0.47,0.02,1.11,10.6,42.1,8.5,240,2017-07-18T00:30:00Z
FM,14,2017-07-18T01:30:00Z,3,CMP 241,2.7,8.24,56.5,0.592,0.397,0.374,2.49,1.92,0.57,0.01,1.34,11.3,51.2,9.4,241,2017-07-18T01:30:00Z
FM,15,2017-07-18T02:30:00Z,3,CMP 242,2.75,8.28,60.2,0.629,0.489,0.419,2.44,2.05,0.51,0.02,1.52,11.3,53.5,10,242,2017-07-18T02:30:00Z
FM,16,2017-07-18T03:30:00Z,3,CMP 243,2.84,8.34,52.9,0.601,0.459,0.436,2.43,2.07,0.54,0.02,1.51,11.6,47.3,9.4,243,2017-07-18T03:30:00Z
FM,17,2017-07-18T04:30:00Z,3,CMP 244,2.88,8.24,52.4,0.629,0.454,0.432,2.55,1.99,0.55,0.03,1.4,12.2,50.4,10.4,244,2017-07-18T04:30:00Z
FM,18,2017-07-18T05:30:00Z,3,CMP 245,2.9,8.29,56.2,0.62,0.446,0.419,2.51,1.97,0.64,0.02,1.3,12.4,52.5,11.2,245,2017-07-18T05:30:00Z
FM,19,2017-07-18T06:30:00Z,3,CMP 246,2.94,8.27,85.2,0.73,0.45,0.425,2.56,1.97,0.67,0.04,1.26,12.9,86.4,12.6,246,2017-07-18T06:30:00Z
FM,20,2017-07-18T07:30:00Z,3,CMP 247,3,8.19,360,1.404,0.428,0.39,3.15,1.94,0.7,0.03,1.22,12.8,348.3,45.7,247,2017-07-18T07:30:00Z
FM,21,2017-07-18T08:30:00Z,3,CMP 248,2.79,8.25,422,1.569,0.556,0.53,3.77,2.7,0.69,0.04,1.96,12.5,386.2,47.7,248,2017-07-18T08:30:00Z
FM,22,2017-07-18T09:30:00Z,3,CMP 249,2.8,8.27,253,1.246,0.502,0.478,2.95,2.37,0.65,0.03,1.69,12.1,231.2,31.2,249,2017-07-18T09:30:00Z
FM,23,2017-07-18T10:30:00Z,3,CMP 250,2.75,8.24,150,0.822,0.41,0.376,2.22,1.94,0.57,0.02,1.35,11.7,133.4,21.8,250,2017-07-18T10:30:00Z
FM,24,2017-07-18T11:30:00Z,3,CMP 251,2.6,8.2,119,0.592,0.287,0.262,1.89,1.57,0.61,0.03,0.93,10.9,110.4,18.1,251,2017-07-18T11:30:00Z
FM,1,2017-07-26T08:03:00Z,4,CMP 396,3.86,7.94,84.3,0.574,0.341,0.314,1.92,1.5,0.67,0.01,0.81,12.4,78.4,11.3,396,2017-07-26T08:00:00Z
FM,2,2017-07-26T09:03:00Z,4,CMP 397,3.9,8.03,113,0.666,0.319,0.3,1.87,1.43,0.63,0.03,0.78,11.9,112.6,15.7,397,2017-07-26T09:00:00Z
FM,3,2017-07-26T10:03:00Z,4,CMP 398,3.84,8.06,80.1,0.555,0.315,0.294,1.76,1.42,0.65,0.01,0.77,12.2,79.7,12.2,398,2017-07-26T10:00:00Z
FM,4,2017-07-26T11:03:00Z,4,CMP 399,3.89,8.09,111,0.656,0.327,0.314,1.8,1.43,0.63,0.01,0.79,12.6,107.1,15.3,399,2017-07-26T11:00:00Z
FM,5,2017-07-26T12:03:00Z,4,CMP 400,3.85,8.13,89.4,0.629,0.358,0.325,1.69,1.42,0.59,0,0.82,12.7,89.6,13.5,400,2017-07-26T12:00:00Z
FM,6,2017-07-26T13:03:00Z,4,CMP 401,3.98,8.15,70.6,0.52,0.278,0.228,1.6,1.15,0.67,0,0.48,12.3,64,14.5,401,2017-07-26T13:00:00Z
FM,7,2017-07-26T14:03:00Z,4,CMP 402,3.54,8.16,115,0.641,0.266,0.226,2.24,2.04,0.64,0.01,1.4,12.6,106.1,15.4,402,2017-07-26T14:00:00Z
FM,8,2017-07-26T15:03:00Z,4,CMP 403,3.62,8.17,178,0.933,0.498,0.471,2.23,2.06,0.59,0,1.47,12,160.8,23.1,403,2017-07-26T15:00:00Z
FM,9,2017-07-26T16:03:00Z,4,CMP 404,3.7,8.12,98.8,0.712,0.427,0.401,2,1.79,0.54,0.01,1.24,11.3,85.5,12.9,404,2017-07-26T16:00:00Z
FM,10,2017-07-26T17:03:00Z,4,CMP 405,3.85,8.11,91.4,0.564,0.296,0.284,1.43,1.4,0.58,0.01,0.81,10.8,90.6,13.7,405,2017-07-26T17:00:00Z
FM,11,2017-07-26T18:03:00Z,4,CMP 406,3.99,7.94,72.1,0.38,0.143,0.137,0.91,0.87,0.49,0,0.37,9.6,65.7,7,406,2017-07-26T18:00:00Z
FM,12,2017-07-26T19:03:00Z,4,CMP 407,4.61,7.93,133,0.5,0.149,0.14,1.27,0.93,0.48,0,0.45,8.7,126.7,16.8,407,2017-07-26T19:00:00Z
FM,13,2017-07-26T20:03:00Z,4,CMP 408,4.22,7.83,171,0.54,0.13,0.12,1.24,0.65,0.57,0,0.08,9.5,164.8,21.2,408,2017-07-26T20:00:00Z
FM,14,2017-07-26T21:03:00Z,4,CMP 409,4.02,7.95,92.1,0.435,0.162,0.121,1.01,0.72,0.61,0,0.11,10.4,92.3,13.2,409,2017-07-26T21:00:00Z
FM,15,2017-07-26T22:03:00Z,4,CMP 410,3.83,8.06,138,0.673,0.245,0.179,1.3,0.99,0.77,0,0.21,11.9,136,19.1,410,2017-07-26T22:00:00Z
FM,16,2017-07-26T23:03:00Z,4,CMP 411,3.85,8.11,62,0.527,0.348,0.314,1.22,0.94,0.75,0,0.18,12.1,55,9.6,411,2017-07-26T23:00:00Z
FM,17,2017-07-27T00:03:00Z,4,CMP 412,3.79,8.06,92.1,0.647,0.389,0.316,1.33,0.95,0.71,0.01,0.23,11.8,88.5,13.7,412,2017-07-27T00:00:00Z
FM,18,2017-07-27T01:03:00Z,4,CMP 413,3.74,8.07,63,0.592,0.407,0.37,1.27,0.93,0.68,0,0.25,11.8,53,11.1,413,2017-07-27T01:00:00Z
FM,19,2017-07-27T02:03:00Z,4,CMP 414,3.89,8.11,60.9,0.564,0.389,0.354,1.31,1.03,0.8,0,0.23,11.1,55.2,9.8,414,2017-07-27T02:00:00Z
FM,20,2017-07-27T03:03:00Z,4,CMP 415,4.05,8.13,73.2,0.574,0.401,0.351,1.33,1.01,0.74,0.01,0.26,10.6,69.2,10.1,415,2017-07-27T03:00:00Z
FM,21,2017-07-27T04:03:00Z,4,CMP 416,4.06,8.13,62.1,0.564,0.395,0.373,1.42,0.99,0.72,0.02,0.25,10.3,57,8,416,2017-07-27T04:00:00Z
FM,22,2017-07-27T05:03:00Z,4,CMP 417,4.11,8.2,65.1,0.546,0.358,0.351,1.26,0.95,0.71,0,0.24,10.3,60,8.9,417,2017-07-27T05:00:00Z
FM,23,2017-07-27T06:03:00Z,4,CMP 418,4.94,7.99,59.6,0.389,0.21,0.201,1.18,0.72,0.55,0.01,0.16,7.6,58.3,7.2,418,2017-07-27T06:00:00Z
FM,24,2017-07-27T07:03:00Z,4,CMP 419,4.64,7.88,71.3,0.306,0.14,0.135,0.67,0.61,0.51,0.01,0.1,8.3,61.2,8.2,419,2017-07-27T07:00:00Z
FM,1,2017-08-23T13:50:00Z,5,CMP 540,6.92,8.3,61.2,0.64,0.445,0.422,1.98,1.77,0.66,0.01,1.1,12.1,56,7.3,540,2017-08-23T13:45:00Z
FM,2,2017-08-23T14:50:00Z,5,CMP 541,7.41,8.13,164,0.714,0.255,0.233,1.71,1.3,0.7,0,0.6,10.1,130.5,15.8,541,2017-08-23T14:45:00Z
FM,3,2017-08-23T15:50:00Z,5,CMP 542,7.81,8.12,86.4,0.335,0.089,0.08,1.12,0.79,0.61,0,0.18,8,81.3,9.6,542,2017-08-23T15:45:00Z
FM,4,2017-08-23T16:50:00Z,5,CMP 543,7.67,8.05,57,0.253,0.144,0.134,1.24,1.02,0.69,0,0.33,9.2,53.3,7,543,2017-08-23T16:45:00Z
FM,5,2017-08-23T17:50:00Z,5,CMP 544,7.78,8.03,49.7,0.198,0.12,0.09,1.14,0.86,0.62,0,0.24,8,43.2,5.5,544,2017-08-23T17:45:00Z
FM,6,2017-08-23T18:50:00Z,5,CMP 545,7.5,8.06,52,0.229,0.147,0.115,1.21,0.96,0.65,0,0.31,8.6,43.1,7,545,2017-08-23T18:45:00Z
FM,7,2017-08-23T19:50:00Z,5,CMP 546,7.3,8.19,49.1,0.484,0.316,0.283,1.63,1.39,0.65,0,0.74,10.3,37.1,6.1,546,2017-08-23T19:45:00Z
FM,8,2017-08-23T20:50:00Z,5,CMP 547,6.93,8.28,40.4,0.561,0.433,0.415,1.9,1.7,0.55,0,1.14,10.6,36,5.3,547,2017-08-23T20:45:00Z
FM,9,2017-08-23T21:50:00Z,5,CMP 548,6.87,8.32,36.5,0.548,0.482,0.426,1.87,1.73,0.62,0,1.12,11.3,33,5,548,2017-08-23T21:45:00Z
FM,10,2017-08-23T22:50:00Z,5,CMP 549,6.94,8.23,103.6,0.733,0.427,0.402,1.99,1.63,0.54,0,1.09,11.1,101,12.5,549,2017-08-23T22:45:00Z
FM,11,2017-08-23T23:50:00Z,5,CMP 550,6.97,8.19,140.2,0.855,0.396,0.385,2.02,1.59,0.56,0,1.03,11.3,133,16,550,2017-08-23T23:45:00Z
FM,12,2017-08-24T00:50:00Z,5,CMP 551,7.08,8.3,95.7,0.683,0.385,0.364,1.85,1.54,0.53,0,1.01,10.4,87.3,10.7,551,2017-08-24T00:45:00Z
FM,13,2017-08-24T01:50:00Z,5,CMP 552,7.15,8.28,67,0.622,0.384,0.379,1.85,1.57,0.48,0,1.09,10,62.7,7.9,552,2017-08-24T01:45:00Z
FM,14,2017-08-24T02:50:00Z,5,CMP 553,7.23,8.1,127.5,0.634,0.31,0.295,1.7,1.4,0.58,0,0.82,10.7,115,13.8,553,2017-08-24T02:45:00Z
FM,15,2017-08-24T03:50:00Z,5,CMP 554,7.61,8.05,92.3,0.432,0.166,0.153,1.36,1.01,0.58,0,0.43,9.2,70,10.3,554,2017-08-24T03:45:00Z
FM,16,2017-08-24T04:50:00Z,5,CMP 555,8.4,8.12,133.1,0.654,0.238,0.221,1.61,1.12,0.47,0,0.65,7.3,129,15.2,555,2017-08-24T04:45:00Z
FM,17,2017-08-24T05:50:00Z,5,CMP 556,7.54,8.19,40.6,0.481,0.316,0.298,1.88,1.39,0.53,0,0.86,9.5,37.8,5.4,556,2017-08-24T05:45:00Z
FM,18,2017-08-24T06:50:00Z,5,CMP 557,7.35,8.13,43.9,0.456,0.31,0.259,1.74,1.4,0.47,0,0.93,10,37.5,5.7,557,2017-08-24T06:45:00Z
FM,19,2017-08-24T07:50:00Z,5,CMP 558,7.13,8.25,49.3,0.585,0.402,0.362,1.77,1.58,0.54,0.01,1.03,10.4,41.7,6.4,558,2017-08-24T07:45:00Z
FM,20,2017-08-24T08:50:00Z,5,CMP 559,7.09,8.25,55.2,0.604,0.421,0.358,1.86,1.58,0.57,0.01,1.01,11.1,44.4,7.2,559,2017-08-24T08:45:00Z
FM,21,2017-08-24T09:50:00Z,5,CMP 560,7.04,8.16,54.8,0.602,0.372,0.337,1.79,1.52,0.62,0.02,0.87,11.5,52.8,7.5,560,2017-08-24T09:45:00Z
FM,22,2017-08-24T10:50:00Z,5,CMP 561,7.24,8.2,74.7,0.591,0.347,0.325,1.63,1.46,0.66,0.02,0.78,11.9,74.1,9.8,561,2017-08-24T10:45:00Z
FM,23,2017-08-24T11:50:00Z,5,CMP 562,7.25,8.2,122,0.708,0.322,0.302,1.71,1.41,0.71,0.02,0.68,12.6,121.6,14.6,562,2017-08-24T11:45:00Z
FM,24,2017-08-24T12:50:00Z,5,CMP 563,7.27,8.23,114,0.694,0.332,0.31,1.88,1.49,0.72,0,0.77,12.6,97.6,12,563,2017-08-24T12:45:00Z
FM,1,2017-08-28T11:02:00Z,6,CMP 588,7.39,8.19,51.1,0.542,0.316,0.235,1.98,1.83,0.84,0.1,0.89,12.6,43.2,6.8,588,2017-08-28T11:00:00Z
FM,2,2017-08-28T12:02:00Z,6,CMP 589,7.33,8.28,282,1.292,0.353,0.272,2.41,1.81,0.82,0.04,0.94,10.3,244.7,24.8,589,2017-08-28T12:00:00Z
FM,3,2017-08-28T13:02:00Z,6,CMP 590,7.28,8.31,58.8,0.619,0.353,0.287,2.1,1.63,0.71,0.03,0.89,9.7,56.7,7.2,590,2017-08-28T13:00:00Z
FM,4,2017-08-28T14:02:00Z,6,CMP 591,7.25,8.29,55.8,0.505,0.343,0.259,2.05,1.57,0.7,0.03,0.83,10.1,54,7.3,591,2017-08-28T14:00:00Z
FM,5,2017-08-28T15:02:00Z,6,CMP 592,7.44,8.3,53.8,0.567,0.318,0.216,1.98,1.52,0.7,0.02,0.8,8.9,49.2,5.6,592,2017-08-28T15:00:00Z
FM,6,2017-08-28T16:02:00Z,6,CMP 593,7.41,8.29,71.5,0.561,0.304,0.186,2.08,1.49,0.68,0.03,0.78,8.6,58.6,8.2,593,2017-08-28T16:00:00Z
FM,7,2017-08-28T17:02:00Z,6,CMP 594,7.58,8.33,50.4,0.487,0.283,0.192,1.83,1.43,0.68,0.02,0.73,8.2,38.3,6.8,594,2017-08-28T17:00:00Z
FM,8,2017-08-28T18:02:00Z,6,CMP 595,8.07,8.16,52.3,0.241,0.109,0.051,1.37,0.82,0.56,0.02,0.24,7,28.7,7.1,595,2017-08-28T18:00:00Z
FM,9,2017-08-28T19:02:00Z,6,CMP 596,8.03,8.09,45.5,0.198,0.058,0.02,1.32,0.68,0.52,0.03,0.14,6.8,29.9,5.9,596,2017-08-28T19:00:00Z
FM,10,2017-08-28T20:02:00Z,6,CMP 597,8.02,8.19,33.7,0.333,0.15,0.081,1.57,0.95,0.54,0.03,0.38,7,28.1,3.9,597,2017-08-28T20:00:00Z
FM,11,2017-08-28T21:02:00Z,6,CMP 598,7.89,8.13,59.2,0.376,0.14,0.069,1.45,0.93,0.57,0.03,0.33,7.2,56.6,7.2,598,2017-08-28T21:00:00Z
FM,12,2017-08-28T22:02:00Z,6,CMP 599,7.97,8.14,47.3,0.235,0.092,0.038,1.39,0.75,0.51,0.03,0.21,6.9,42.3,9.5,599,2017-08-28T22:00:00Z
FM,13,2017-08-28T23:02:00Z,6,CMP 600,7.73,8.2,44,0.339,0.196,0.112,1.62,1.11,0.57,0.02,0.52,7.4,31.4,4.7,600,2017-08-28T23:00:00Z
FM,14,2017-08-29T00:02:00Z,6,CMP 601,7.54,8.22,46,0.425,0.274,0.161,1.85,1.34,0.64,0.01,0.69,8.3,32.4,4.3,601,2017-08-29T00:00:00Z
FM,15,2017-08-29T01:02:00Z,6,CMP 602,7.44,8.22,81.9,0.628,0.301,0.229,1.96,1.58,0.78,0.02,0.78,10.8,70.4,10.4,602,2017-08-29T01:00:00Z
FM,16,2017-08-29T02:02:00Z,6,CMP 603,7.37,8.2,48.4,0.499,0.313,0.229,1.79,1.42,0.66,0.01,0.74,9.4,40.8,5.3,603,2017-08-29T02:00:00Z
FM,17,2017-08-29T03:02:00Z,6,CMP 604,7.35,8.24,62.1,0.456,0.307,0.235,1.75,1.46,0.77,0.02,0.66,9.8,38.6,7.6,604,2017-08-29T03:00:00Z
FM,18,2017-08-29T04:02:00Z,6,CMP 605,7.37,8.17,44.5,0.547,0.308,0.21,1.95,1.41,0.76,0.04,0.61,9.5,38.6,6.6,605,2017-08-29T04:00:00Z
FM,19,2017-08-29T05:02:00Z,6,CMP 606,7.43,8.18,87.7,0.561,0.293,0.223,1.9,1.38,0.72,0.01,0.65,9.4,72.7,9.5,606,2017-08-29T05:00:00Z
FM,20,2017-08-29T06:02:00Z,6,CMP 607,7.1,8.27,57,0.591,0.426,0.296,2.2,1.78,0.73,0.01,1.03,11.3,44.5,12,607,2017-08-29T06:00:00Z
FM,21,2017-08-29T07:02:00Z,6,CMP 608,7.28,8.08,46.1,0.554,0.34,0.232,1.96,1.58,0.69,0.02,0.87,10,39.4,5.9,608,2017-08-29T07:00:00Z
FM,22,2017-08-29T08:02:00Z,6,CMP 609,7.48,8.19,50.5,0.462,0.257,0.186,1.79,1.38,0.7,0.01,0.68,8.3,47.7,5.1,609,2017-08-29T08:00:00Z
FM,23,2017-08-29T09:02:00Z,6,CMP 610,7.81,8.08,51.6,0.287,0.153,0.087,1.54,1.05,0.63,0,0.41,7.4,35,7.5,610,2017-08-29T09:00:00Z
FM,24,2017-08-29T10:02:00Z,6,CMP 611,7.81,8.02,43.1,0.266,0.143,0.075,1.46,0.94,0.57,0.01,0.36,7.2,35.2,7.9,611,2017-08-29T10:00:00Z
FM,1,2017-09-12T16:29:00Z,7,CMP 756,7.83,8.27,72.4,0.53,0.361,0.278,1.74,1.59,0.57,0.01,1.02,8.1,67.5,8.9,756,2017-09-12T16:30:00Z
FM,2,2017-09-12T17:29:00Z,7,CMP 757,7.88,8.11,62.3,0.401,0.286,0.155,1.48,1.35,0.54,0.01,0.8,7.6,60.1,7.6,757,2017-09-12T17:30:00Z
FM,3,2017-09-12T18:29:00Z,7,CMP 758,8.4,8.18,58.5,0.389,0.223,0.112,1.39,1.12,0.43,0.01,0.67,6.5,54.2,7.3,758,2017-09-12T18:30:00Z
FM,4,2017-09-12T19:29:00Z,7,CMP 759,8.96,8.05,83.8,0.339,0.142,0.069,1.17,0.9,0.44,0.01,0.46,4.9,77.9,9.5,759,2017-09-12T19:30:00Z
FM,5,2017-09-12T20:29:00Z,7,CMP 760,9.1,8,68.9,0.235,0.117,0.038,1.05,0.73,0.36,0,0.37,4.3,58.6,8.1,760,2017-09-12T20:30:00Z
FM,6,2017-09-12T21:29:00Z,7,CMP 761,8.97,7.97,53,0.273,0.177,0.124,1.1,0.91,0.4,0.08,0.43,4.9,46.9,6.5,761,2017-09-12T21:30:00Z
FM,7,2017-09-12T22:29:00Z,7,CMP 762,8.3,8.03,71.4,0.456,0.248,0.173,1.42,1.32,0.57,0.02,0.73,7.1,65.1,8.8,762,2017-09-12T22:30:00Z
FM,8,2017-09-12T23:29:00Z,7,CMP 763,8.02,8.05,45.7,0.438,0.317,0.216,1.68,1.46,0.57,0.02,0.87,8.3,38.6,6,763,2017-09-12T23:30:00Z
FM,9,2017-09-13T00:29:00Z,7,CMP 764,8.02,8.07,36.5,0.403,0.332,0.198,1.62,1.46,0.58,0.01,0.86,9.3,31.6,6.1,764,2017-09-13T00:30:00Z
FM,10,2017-09-13T01:29:00Z,7,CMP 765,8.12,8.01,144.7,0.69,0.328,0.229,1.58,1.45,0.65,0.01,0.8,10,122,16.5,765,2017-09-13T01:30:00Z
FM,11,2017-09-13T02:29:00Z,7,CMP 766,8.26,8.02,178.6,0.929,0.323,0.284,1.73,1.58,0.84,0.01,0.73,11.1,151.2,25,766,2017-09-13T02:30:00Z
FM,12,2017-09-13T03:29:00Z,7,CMP 767,8.4,8.07,173,0.793,0.316,0.204,1.56,1.45,0.73,0.04,0.68,11.8,152.2,27.6,767,2017-09-13T03:30:00Z
FM,13,2017-09-13T04:29:00Z,7,CMP 768,8.32,7.91,149.4,0.69,0.322,0.247,1.58,1.38,0.65,0.01,0.71,11.7,137.4,23.6,768,2017-09-13T04:30:00Z
FM,14,2017-09-13T05:29:00Z,7,CMP 769,7.69,8.15,65.3,0.591,0.462,0.352,1.91,1.77,0.51,0.01,1.26,9.2,61.9,9.2,769,2017-09-13T05:30:00Z
FM,15,2017-09-13T06:29:00Z,7,CMP 770,7.69,8.1,48.2,0.579,0.446,0.345,2.07,1.77,0.52,0.01,1.24,9,41.6,6.4,770,2017-09-13T06:30:00Z
FM,16,2017-09-13T07:29:00Z,7,CMP 771,8.14,7.96,90.2,0.456,0.301,0.235,1.65,1.52,0.69,0.01,0.83,11.8,54.4,7.2,771,2017-09-13T07:30:00Z
FM,17,2017-09-13T08:29:00Z,7,CMP 772,8.31,7.96,124,0.358,0.177,0.1,1.27,1.13,0.63,0.01,0.5,10.6,104.9,13.7,772,2017-09-13T08:30:00Z
FM,18,2017-09-13T09:29:00Z,7,CMP 773,8.39,7.88,151.5,0.45,0.12,0.044,1.13,0.93,0.59,0.01,0.32,9.1,153.7,17.5,773,2017-09-13T09:30:00Z
FM,19,2017-09-13T10:29:00Z,7,CMP 774,8.34,7.92,61.1,0.278,0.162,0.1,1.2,1.1,0.63,0.01,0.46,9.6,49.8,6.9,774,2017-09-13T10:30:00Z
FM,20,2017-09-13T11:29:00Z,7,CMP 775,8.22,7.97,93.3,0.407,0.25,0.18,1.44,1.38,0.68,0.01,0.68,10.6,90.5,12.2,775,2017-09-13T11:30:00Z
FM,21,2017-09-13T12:29:00Z,7,CMP 776,8.02,8,100.4,0.518,0.35,0.281,1.8,1.66,0.72,0.01,0.93,11.5,98.1,12.8,776,2017-09-13T12:30:00Z
FM,22,2017-09-13T13:29:00Z,7,CMP 777,7.8,8.08,354,1.574,0.416,0.29,2.11,1.87,0.7,0.01,1.17,11.1,303.1,45.1,777,2017-09-13T13:30:00Z
FM,23,2017-09-13T14:29:00Z,7,CMP 778,7.81,8.02,225,1.027,0.419,0.376,2.02,1.92,0.72,0.01,1.19,11.2,218.7,26.2,778,2017-09-13T14:30:00Z
FM,24,2017-09-13T15:29:00Z,7,CMP 779,8.11,8.03,93,0.536,0.304,0.21,1.55,1.46,0.61,0.01,0.84,10.8,84.2,14.1,779,2017-09-13T15:30:00Z
FM,1,2017-09-19T13:15:00Z,8,CMP 876,8.66,7.91,114.6,0.475,0.136,0.069,1.28,0.95,0.55,0.02,0.38,7.5,98.9,14.6,876,2017-09-19T13:15:00Z
FM,2,2017-09-19T14:15:00Z,8,CMP 877,8.63,7.9,125.8,0.413,0.073,0.026,0.95,0.71,0.5,0.01,0.21,6.2,113,15.7,877,2017-09-19T14:15:00Z
FM,3,2017-09-19T15:15:00Z,8,CMP 878,8.62,7.85,76.6,0.318,0.063,0.02,0.97,0.72,0.52,0.02,0.18,6.4,56.5,9.7,878,2017-09-19T15:15:00Z
FM,4,2017-09-19T16:15:00Z,8,CMP 879,8.63,7.86,60.5,0.321,0.089,0.032,1.07,0.77,0.48,0.01,0.28,6.5,41.5,8,879,2017-09-19T16:15:00Z
FM,5,2017-09-19T17:15:00Z,8,CMP 880,8.58,7.91,57.9,0.358,0.17,0.087,1.18,1.06,0.55,0.01,0.49,7.7,39.9,8.2,880,2017-09-19T17:15:00Z
FM,6,2017-09-19T18:15:00Z,8,CMP 881,8.42,8.03,52.3,0.505,0.289,0.198,1.59,1.43,0.6,0.01,0.82,8.9,31.4,7.9,881,2017-09-19T18:15:00Z
FM,7,2017-09-19T19:15:00Z,8,CMP 882,8.26,8.1,48.4,0.493,0.372,0.266,1.75,1.58,0.53,0.01,1.04,9.3,32.4,7.1,882,2017-09-19T19:15:00Z
FM,8,2017-09-19T20:15:00Z,8,CMP 883,8.42,8.15,44.2,0.562,0.361,0.309,1.71,1.61,0.61,0.01,0.98,9.6,31.8,7.1,883,2017-09-19T20:15:00Z
FM,9,2017-09-19T21:15:00Z,8,CMP 884,8.55,8.09,43.7,0.504,0.305,0.229,1.56,1.5,0.58,0.01,0.9,10.2,34.5,6.6,884,2017-09-19T21:15:00Z
FM,10,2017-09-19T22:15:00Z,8,CMP 885,8.4,8.1,53.5,0.516,0.298,0.21,1.64,1.56,0.61,0.02,0.93,9.7,43.7,8,885,2017-09-19T22:15:00Z
FM,11,2017-09-19T23:15:00Z,8,CMP 886,8.08,8.13,52.2,0.591,0.411,0.352,2.01,1.86,0.61,0.02,1.23,8.8,51.7,6.9,886,2017-09-19T23:15:00Z
FM,12,2017-09-20T00:15:00Z,8,CMP 887,8.33,8.14,58,0.514,0.329,0.204,1.63,1.53,0.53,0.01,0.98,8.9,46.8,9.4,887,2017-09-20T00:15:00Z
FM,13,2017-09-20T01:15:00Z,8,CMP 888,8.62,7.96,145.3,0.518,0.106,0.044,0.92,0.79,0.42,0.01,0.36,6.7,129,19,888,2017-09-20T01:15:00Z
FM,14,2017-09-20T02:15:00Z,8,CMP 889,8.57,7.97,83.2,0.302,0.065,0.02,0.92,0.71,0.46,0,0.24,5.8,74.1,10.4,889,2017-09-20T02:15:00Z
FM,15,2017-09-20T03:15:00Z,8,CMP 890,8.51,7.93,45.9,0.272,0.12,0.038,1.04,0.92,0.51,0.01,0.41,6.5,36.8,6.3,890,2017-09-20T03:15:00Z
FM,16,2017-09-20T04:15:00Z,8,CMP 891,8.55,7.89,41.7,0.223,0.079,0.038,0.93,0.73,0.45,0.02,0.27,6.1,33.3,6.1,891,2017-09-20T04:15:00Z
FM,17,2017-09-20T05:15:00Z,8,CMP 892,8.45,7.97,33.1,0.315,0.202,0.149,1.34,1.22,0.57,0.03,0.63,9.8,27.2,5.8,892,2017-09-20T05:15:00Z
FM,18,2017-09-20T06:15:00Z,8,CMP 893,8.19,8.09,43.4,0.468,0.304,0.21,1.78,1.66,0.59,0.04,1.02,10.1,28.8,6.9,893,2017-09-20T06:15:00Z
FM,19,2017-09-20T07:15:00Z,8,CMP 894,8.31,8.06,48.9,0.487,0.258,0.198,1.84,1.74,0.71,0.03,1,11.2,37.1,7.9,894,2017-09-20T07:15:00Z
FM,20,2017-09-20T08:15:00Z,8,CMP 895,8.5,8.03,52.4,0.542,0.341,0.284,1.76,1.62,0.7,0.02,0.9,11.5,41.7,8.3,895,2017-09-20T08:15:00Z
FM,21,2017-09-20T09:15:00Z,8,CMP 896,8.67,8.11,75.6,0.586,0.289,0.204,1.77,1.69,0.88,0.02,0.78,12.1,65,9.8,896,2017-09-20T09:15:00Z
FM,22,2017-09-20T10:15:00Z,8,CMP 897,8.69,8,72.5,0.563,0.302,0.216,1.58,1.49,0.74,0.01,0.74,12.1,58.4,11.4,897,2017-09-20T10:15:00Z
FM,23,2017-09-20T11:15:00Z,8,CMP 898,8.02,8.08,79.3,0.671,0.446,0.364,2.07,1.96,0.62,0.04,1.29,11,68.1,10.3,898,2017-09-20T11:15:00Z
FM,24,2017-09-20T12:15:00Z,8,CMP 899,7.96,8.04,129.1,0.828,0.451,0.284,2.14,2,0.62,0.03,1.34,10.8,120,16.1,899,2017-09-20T12:15:00Z
