Bottle,Date,Time,Site,ID,EC_uScm,pH,Turbidity_ntu,filter_mL,filter_g,60C_g,510C_g,Notes,Entered By,QA/QC
1,4/18/2018,8:00:00 AM,FM,CMP 1,2.907,7.82,77.1,305,0.1278,0.1542,,,CN,CN
2,4/18/2018,9:00:00 AM,FM,CMP 2,2.801,7.93,82.6,308,0.1284,0.1556,,,CN,CN
3,4/18/2018,10:00:00 AM,FM,CMP 3,2.983,7.93,120,265,0.1281,0.153,,,CN,CN
7,4/18/2018,2:00:00 PM,FM,CMP 4,2.765,8.05,143,286,0.1296,0.1734,,,CN,CN
8,4/18/2018,3:00:00 PM,FM,CMP 5,2.926,7.88,171,209,0.1278,0.1691,,,CN,CN
9,4/18/2018,4:00:00 PM,FM,CMP 6,2.372,7.87,169,219,0.1286,0.1951,,,CN,CN
10,4/18/2018,5:00:00 PM,FM,CMP 7,1.66,7.85,174,193,0.1273,0.1762,,,CN,CN
11,4/18/2018,6:00:00 PM,FM,CMP 8,1.711,7.81,124,210,0.1268,0.1577,,,CN,CN
12,4/18/2018,7:00:00 PM,FM,CMP 9,2.104,7.91,118,268,0.1257,0.1607,,,CN,CN
13,4/18/2018,8:00:00 PM,FM,CMP 10,2.544,7.85,103,250,0.1272,0.1553,,,CN,CN
14,4/18/2018,9:00:00 PM,FM,CMP 11,2.816,7.91,91,600,0.1269,0.1607,0.15,,CN,CN
15,4/18/2018,10:00:00 PM,FM,CMP 12,2.82,7.99,75,505,0.1282,0.1558,0.15,,CN,CN
16,4/18/2018,11:00:00 PM,FM,CMP 13,2.905,7.94,81,515,0.1283,0.1679,0.1593,,CN,CN
17,4/18/2018,12:00:00 AM,FM,CMP 14,2.941,7.92,90,530,0.1261,0.1689,0.1661,,CN,CN
18,4/18/2018,1:00:00 AM,FM,CMP 15,2.61,7.96,87,520,0.1292,0.1682,0.1635,,CN,CN
19,4/18/2018,2:00:00 AM,FM,CMP 16,2.712,7.94,78,475,0.1267,0.1595,0.1532,,CN,CN
20,4/18/2018,3:00:00 AM,FM,CMP 17,1.76,7.95,97,490,0.1275,0.1758,0.1513,,CN,CN
21,4/18/2018,4:00:00 AM,FM,CMP 18,1.547,7.84,95,395,0.1293,0.1732,0.149,,CN,CN
22,4/18/2018,5:00:00 AM,FM,CMP 19,2.07,7.8,95,450,0.1277,0.161,0.1527,,CN,CN
23,4/18/2018,6:00:00 AM,FM,CMP 20,2.364,7.82,75,455,0.1293,0.1661,0.1595,,CN,CN
24,4/18/2018,7:00:00 AM,FM,CMP 21,1.749,7.86,72,450,0.1287,0.1625,0.1577,,CN,CN
1,4/18/2018,9:30:00 AM,PT,CMP 22,2.286,8.19,60,490,0.128,0.1654,0.1605,,CN,CN
2,4/18/2018,10:30:00 AM,PT,CMP 23,2.173,8.27,41,590,0.1276,0.1577,0.155,,CN,CN
3,4/18/2018,11:30:00 AM,PT,CMP 24,2.079,8.29,34,490,0.1271,0.1537,0.1668,,CN,CN
4,4/18/2018,12:30:00 PM,PT,CMP 25,2.041,8.35,32,520,0.1279,0.1561,0.1538,,CN,CN
5,4/18/2018,1:30:00 PM,PT,CMP 26,2.073,8.35,42,480,0.1288,0.1578,0.1541,,CN,CN
6,4/18/2018,2:30:00 PM,PT,CMP 27,2.556,8.11,66,430,0.1285,0.1699,0.1619,,CN,CN
7,4/18/2018,3:30:00 PM,PT,CMP 28,2.648,8.04,64,440,0.1267,0.1727,0.1626,,CN,CN
8,4/18/2018,4:30:00 PM,PT,CMP 29,2.664,8.01,62,500,0.127,0.1656,0.1616,,CN,CN
9,4/18/2018,5:30:00 PM,PT,CMP 30,2.702,8.06,97,286,0.1301,0.1539,0.1508,,CN,CN
10,4/18/2018,6:30:00 PM,PT,CMP 31,2.758,8.02,101,300,0.1287,0.1546,0.155,,CN,CN
11,4/18/2018,7:30:00 PM,PT,CMP 32,2.781,8.01,91,266,0.1276,0.1519,,,CN,CN
12,4/18/2018,8:30:00 PM,PT,CMP 33,2.807,8.04,71,322,0.129,0.1519,,,CN,CN
13,4/18/2018,9:30:00 PM,PT,CMP 34,2.597,8.06,72,384,0.1277,0.1532,,,CN,CN
14,4/18/2018,10:30:00 PM,PT,CMP 35,2.527,8.12,69,379,0.1263,0.1493,,,CN,CN
15,4/18/2018,11:30:00 PM,PT,CMP 36,2.458,8.17,62,345,0.1257,0.1465,,,CN,CN
16,4/18/2018,12:30:00 AM,PT,CMP 37,2.556,8.13,62,339,0.1254,0.147,,,CN,CN
17,4/18/2018,1:30:00 AM,PT,CMP 38,2.607,8.07,70,421,0.1273,0.1548,,,CN,CN
18,4/18/2018,2:30:00 AM,PT,CMP 39,2.653,8.08,107,400,0.1267,0.1577,,,CN,CN
19,4/18/2018,3:30:00 AM,PT,CMP 40,2.708,8.04,129,318,0.1293,0.1527,,,CN,CN
20,4/18/2018,4:30:00 AM,PT,CMP 41,2.717,8.02,111,317,0.1233,0.1538,,,CN,CN
21,4/18/2018,5:30:00 AM,PT,CMP 42,2.765,7.96,92,291,0.1282,0.1539,,,CN,CN
22,4/18/2018,6:30:00 AM,PT,CMP 43,2.767,7.95,85,369,0.1274,0.1535,,,CN,CN
23,4/18/2018,7:30:00 AM,PT,CMP 44,2.691,8.05,116,296,0.1275,0.1584,,,CN,CN
24,4/18/2018,8:30:00 AM,PT,CMP 45,2.618,8.04,119,430,0.1257,0.1716,,,CN,CN
1,4/18/2018,8:30:00 AM,SD,CMP 46,2.812,7.89,178,369,0.125,0.1762,0.1697,,CN,CN
2,4/18/2018,9:30:00 AM,SD,CMP 47,2.908,7.95,153,410,0.1271,0.1671,0.1611,,CN,CN
3,4/18/2018,10:30:00 AM,SD,CMP 48,2.948,7.89,138,403,0.1268,0.1645,0.1585,,CN,CN
4,4/18/2018,11:30:00 AM,SD,CMP 49,3.668,7.84,169,382,0.1262,0.1744,0.1665,,CN,CN
5,4/18/2018,12:30:00 PM,SD,CMP 50,4.634,7.76,174,458,0.1265,0.1833,0.1734,,CN,CN
6,4/18/2018,1:30:00 PM,SD,CMP 51,4.393,7.77,150,387,0.1282,0.17,0.1628,,CN,CN
7,4/18/2018,2:30:00 PM,SD,CMP 52,2.755,7.99,135,398,0.1286,0.1751,0.1679,,CN,CN
8,4/18/2018,3:30:00 PM,SD,CMP 53,2.89,7.96,139,407,0.127,0.165,0.1591,,CN,CN
9,4/18/2018,4:30:00 PM,SD,CMP 54,2.823,7.82,123,351,0.1292,0.1642,0.1584,,CN,CN
10,4/18/2018,5:30:00 PM,SD,CMP 55,2.791,7.82,125,367,0.1284,0.1621,0.1569,,CN,CN
11,4/18/2018,6:30:00 PM,SD,CMP 56,2.758,7.98,151,296,0.1283,0.1603,0.1557,,CN,CN
12,4/18/2018,7:30:00 PM,SD,CMP 57,2.812,7.94,104,404,0.1285,0.1592,0.1542,,CN,CN
13,4/18/2018,8:30:00 PM,SD,CMP 58,2.818,7.91,112,351,0.1286,0.1554,0.1509,,CN,CN
14,4/18/2018,9:30:00 PM,SD,CMP 59,2.856,7.88,115,419,0.1287,0.1644,0.1586,,CN,CN
15,4/18/2018,10:30:00 PM,SD,CMP 60,2.885,7.99,128,307,0.1285,0.1536,0.1494,,CN,CN
16,4/18/2018,11:30:00 PM,SD,CMP 61,2.847,7.93,141,306,0.1274,0.1602,0.1553,,CN,CN
17,4/18/2018,12:30:00 AM,SD,CMP 62,2.756,7.97,110,405,0.1298,0.161,0.1562,,CN,CN
18,4/18/2018,1:30:00 AM,SD,CMP 63,2.809,7.96,103,344,0.1301,0.1513,0.1466,,CN,CN
19,4/18/2018,2:30:00 AM,SD,CMP 64,2.783,7.93,122,368,0.1273,0.1631,0.1578,,CN,CN
20,4/18/2018,3:30:00 AM,SD,CMP 65,,7.85,140,350,0.1272,0.1685,0.1631,,CN,CN
21,4/18/2018,4:30:00 AM,SD,CMP 66,2.698,7.9,129,315,0.1272,0.1632,0.122,,CN,CN
22,4/18/2018,5:30:00 AM,SD,CMP 67,2.67,7.82,144,287,0.128,0.1629,0.1635,,CN,CN
23,4/18/2018,6:30:00 AM,SD,CMP 68,2.692,7.82,114,361,0.1284,0.1602,0.1691,,CN,CN
24,4/18/2018,7:30:00 AM,SD,CMP 69,2.682,7.83,115,319,0.1301,0.158,0.1568,,CN,CN
1,4/18/2018,9:15:00 AM,HL,CMP 70,2.476,7.92,110,360,0.128,0.156,0.1525,,CN,CN
2,4/18/2018,10:15:00 AM,HL,CMP 71,2.57,8.11,71,355,0.1297,0.1586,0.1556,,CN,CN
6,4/18/2018,2:15:00 PM,HL,CMP 72,2.558,8.16,68,400,0.1303,0.1518,0.1462,,CN,CN
7,4/18/2018,3:15:00 PM,HL,CMP 73,2.662,8.19,99,400,0.1265,0.1604,0.1472,,CN,CN
8,4/18/2018,4:15:00 PM,HL,CMP 74,2.645,8.19,107,390,0.1294,0.1649,0.151,,CN,CN
9,4/18/2018,5:15:00 PM,HL,CMP 75,2.686,8.08,100,470,0.1277,0.1621,0.1442,,CN,CN
10,4/18/2018,6:15:00 PM,HL,CMP 76,2.676,8.1,94,450,0.1278,0.1604,0.1491,,CN,CN
11,4/18/2018,7:15:00 PM,HL,CMP 77,2.69,8.05,77,440,0.1281,0.1578,0.151,,CN,CN
12,4/18/2018,8:15:00 PM,HL,CMP 78,2.67,8.11,78,410,0.1272,0.156,0.1446,,CN,CN
13,4/18/2018,9:15:00 PM,HL,CMP 79,2.626,8.1,75,410,0.1298,0.1544,0.154,,CN,CN
14,4/18/2018,10:15:00 PM,HL,CMP 80,2.632,8.12,68,410,0.1276,0.1522,0.1565,,CN,CN
15,4/18/2018,11:15:00 PM,HL,CMP 81,2.609,8.14,64,470,0.1284,0.1538,0.1433,,CN,CN
16,4/18/2018,12:15:00 AM,HL,CMP 82,2.609,8.14,48,550,0.1291,0.1489,0.1441,,CN,CN
17,4/18/2018,1:15:00 AM,HL,CMP 83,2.584,8.14,65,560,0.1278,0.1462,0.1381,,CN,CN
18,4/18/2018,2:15:00 AM,HL,CMP 84,2.637,8.13,78,382,0.13,0.1546,0.1515,,CN,CN
19,4/18/2018,3:15:00 AM,HL,CMP 85,2.677,8.03,83,410,0.1279,0.1538,0.1406,,CN,CN
20,4/18/2018,4:15:00 AM,HL,CMP 86,2.735,7.94,90,379,0.0925,0.1503,0.1454,,CN,CN
21,4/18/2018,5:15:00 AM,HL,CMP 87,2.787,7.96,85,370,0.1083,0.1479,0.1502,,CN,CN
22,4/18/2018,6:15:00 AM,HL,CMP 88,2.776,7.92,87,306,0.1148,0.1427,0.1307,,CN,CN
23,4/18/2018,7:15:00 AM,HL,CMP 89,2.773,7.91,80,448,0.1163,0.1442,0.1501,,CN,CN
24,4/18/2018,8:15:00 AM,HL,CMP 90,2.696,7.99,95,361,0.1065,0.1418,0.1525,,CN,CN
1,4/24/2018,11:40:00 AM,FM,CMP 91,2.279,7.82,86,406,0.1068,0.1689,0.1532,,CN,CN
2,4/24/2018,12:40:00 PM,FM,CMP 92,2.57,7.84,110,388,0.1147,0.1581,0.1628,,CN,CN
3,4/24/2018,1:40:00 PM,FM,CMP 93,2.454,7.88,111,378,0.1133,0.1508,0.1462,,CN,CN
4,4/24/2018,2:40:00 PM,FM,CMP 94,2.722,7.96,103,296,0.1008,0.1322,0.1375,,CN,CN
5,4/24/2018,3:40:00 PM,FM,CMP 95,2.883,7.89,114,334,0.1113,0.1425,0.1486,,CN,CN
6,4/24/2018,4:40:00 PM,FM,CMP 96,3.061,7.97,215,282,0.1087,0.1466,0.1577,,CN,CN
7,4/24/2018,5:40:00 PM,FM,CMP 97,3.128,7.93,203,266,0.1056,0.1315,0.1549,,CN,CN
8,4/24/2018,6:40:00 PM,FM,CMP 98,3.037,7.96,181,323,0.1053,0.1407,0.1476,,CN,CN
9,4/24/2018,7:40:00 PM,FM,CMP 99,2.796,7.97,186,306,0.1178,0.1371,0.1626,,CN,CN
10,4/24/2018,8:40:00 PM,FM,CMP 100,2.789,8,132,359,0.0951,0.122,0.1405,,CN,CN
11,4/24/2018,9:40:00 PM,FM,CMP 101,2.374,7.87,293,297,0.0383,0.1551,0.1647,,CN,CN
12,4/24/2018,10:40:00 PM,FM,CMP 102,1.641,7.68,164,308,0.0961,0.1466,0.1509,,CN,CN
13,4/24/2018,11:40:00 PM,FM,CMP 103,1.58,7.84,101,346,0.0964,0.1303,0.1533,,CN,CN
14,4/24/2018,12:40:00 AM,FM,CMP 104,1.584,7.54,99,335,0.0978,0.1297,0.153,,CN,CN
15,4/24/2018,1:40:00 AM,FM,CMP 105,1.696,7.64,92,433,0.0906,0.1396,0.1536,,CN,CN
16,4/24/2018,2:40:00 AM,FM,CMP 106,2.358,7.78,95,338,0.1236,0.1517,0.1608,,CN,CN
17,4/24/2018,3:40:00 AM,FM,CMP 107,2.763,7.87,96,329,0.1239,0.1518,0.1475,,CN,CN
18,4/24/2018,4:40:00 AM,FM,CMP 108,2.864,7.9,88,375,0.1226,0.1522,0.1474,,CN,CN
19,4/24/2018,5:40:00 AM,FM,CMP 109,2.893,7.99,98,350,0.1229,0.1547,0.1477,,CN,CN
20,4/24/2018,6:40:00 AM,FM,CMP 110,2.809,7.88,101,335,0.1217,0.152,0.15,,CN,CN
21,4/24/2018,7:40:00 AM,FM,CMP 111,2.488,7.81,108,347,0.1223,0.1568,0.1473,,CN,CN
22,4/24/2018,8:40:00 AM,FM,CMP 112,2.715,7.78,123,324,0.1221,0.1535,0.1518,,CN,CN
23,4/24/2018,9:40:00 AM,FM,CMP 113,2.729,7.84,99,371,0.1238,0.1546,0.1554,,CN,CN
24,4/24/2018,10:40:00 AM,FM,CMP 114,2.128,7.86,113,340,0.1213,0.1649,0.1493,,CN,CN
1,4/24/2018,1:15:00 PM,PT,CMP 115,2.844,7.96,112,389,0.1233,0.165,0.1498,,CN,CN
2,4/24/2018,2:15:00 PM,PT,CMP 116,2.806,7.99,99,308,0.1232,0.1545,0.1585,,CN,CN
3,4/24/2018,3:15:00 PM,PT,CMP 117,2.718,8.04,82,326,0.1211,0.1521,0.1496,,CN,CN
4,4/24/2018,4:15:00 PM,PT,CMP 118,2.535,8.16,112,430,0.1213,0.163,0.1467,,CN,CN
5,4/24/2018,5:15:00 PM,PT,CMP 119,2.391,8.24,86,470,0.1208,0.1644,0.1562,,CN,CN
6,4/24/2018,6:15:00 PM,PT,CMP 120,2.362,8.29,163,410,0.1245,0.1787,0.1573,,CN,CN
7,4/24/2018,7:15:00 PM,PT,CMP 121,2.381,8.24,124,380,0.1237,0.1658,0.1701,,CN,CN
8,4/24/2018,8:15:00 PM,PT,CMP 122,2.838,8.03,181,400,0.1222,0.1792,0.159,,CN,CN
9,4/24/2018,9:15:00 PM,PT,CMP 123,2.343,7.96,228,400,0.1231,0.198,0.1704,,CN,CN
10,4/24/2018,10:15:00 PM,PT,CMP 124,2.8,7.92,233,400,0.1231,0.2033,0.1866,,CN,CN
11,4/24/2018,11:15:00 PM,PT,CMP 125,2.448,7.91,111,480,0.1234,0.1689,0.1911,,CN,CN
12,4/24/2018,12:15:00 AM,PT,CMP 126,2.8,8,81,320,0.1182,0.1525,0.1454,,CN,CN
13,4/24/2018,1:15:00 AM,PT,CMP 127,2.815,7.92,71,350,0.1061,0.1343,0.1394,,CN,CN
14,4/24/2018,2:15:00 AM,PT,CMP 128,2.408,7.91,90,360,0.1096,0.153,0.15,,CN,CN
15,4/24/2018,3:15:00 AM,PT,CMP 129,2.846,7.95,91,380,0.1053,0.1366,0.1524,,CN,CN
16,4/24/2018,4:15:00 AM,PT,CMP 130,2.832,8.01,113,505,0.1077,0.1533,0.159,,CN,CN
17,4/24/2018,5:15:00 AM,PT,CMP 131,2.76,8,116,455,0.1117,0.142,0.1638,,CN,CN
18,4/24/2018,6:15:00 AM,PT,CMP 132,2.755,7.95,118,350,0.1455,0.1358,0.1547,,CN,CN
19,4/24/2018,7:15:00 AM,PT,CMP 133,2.721,8,173,370,0.114,0.172,0.1643,,CN,CN
20,4/24/2018,8:15:00 AM,PT,CMP 134,2.823,7.96,150,410,0.1136,0.1812,0.1708,,CN,CN
21,4/24/2018,9:15:00 AM,PT,CMP 135,2.823,7.95,114,455,0.1084,0.1674,0.1579,,CN,CN
22,4/24/2018,10:15:00 AM,PT,CMP 136,2.838,7.85,82,460,0.1107,0.1544,0.1498,,CN,CN
23,4/24/2018,11:15:00 AM,PT,CMP 137,2.878,7.65,85,540,0.1115,0.1629,0.1564,,CN,CN
24,4/24/2018,12:15:00 PM,PT,CMP 138,2.471,7.93,95,580,0.113,0.167,0.153,,CN,CN
1,4/24/2018,12:20:00 PM,SD,CMP 139,2.557,7.77,89,470,0.1128,0.1603,0.1585,,CN,CN
2,4/24/2018,1:20:00 PM,SD,CMP 140,2.728,7.81,111,385,0.1267,0.1597,0.1519,,CN,CN
3,4/24/2018,2:20:00 PM,SD,CMP 141,2.768,7.78,120,303,0.127,0.165,0.1612,,CN,CN
4,4/24/2018,3:20:00 PM,SD,CMP 142,2.892,7.68,141,360,0.1358,0.1618,0.1581,,CN,CN
5,4/24/2018,4:20:00 PM,SD,CMP 143,2.949,7.71,164,440,0.1341,0.1559,0.1564,,CN,CN
6,4/24/2018,5:20:00 PM,SD,CMP 144,3.04,7.69,157,167,0.1229,0.1729,0.1513,,CN,CN
7,4/24/2018,6:20:00 PM,SD,CMP 145,3.115,7.72,155,400,0.1191,0.1774,0.1532,,CN,CN
8,4/24/2018,7:20:00 PM,SD,CMP 146,3.176,7.61,143,380,0.122,0.1575,0.1536,,CN,CN
9,4/24/2018,8:20:00 PM,SD,CMP 147,2.903,7.77,140,329,0.1204,0.1635,0.152,,CN,CN
10,4/24/2018,9:20:00 PM,SD,CMP 148,2.785,7.77,135,368,0.1164,0.1615,0.1571,,CN,CN
11,4/24/2018,10:20:00 PM,SD,CMP 149,2.713,7.75,125,495,0.2472,0.1722,0.1552,,CN,CN
12,4/24/2018,11:20:00 PM,SD,CMP 150,2.548,7.75,113,360,0.124,0.1443,0.1626,,CN,CN
13,4/24/2018,12:20:00 AM,SD,CMP 151,2.493,7.73,101,550,0.1274,0.1549,0.1402,,CN,CN
14,4/24/2018,1:20:00 AM,SD,CMP 152,2.485,7.59,117,,0.1234,0.1571,0.1546,,CN,CN
15,4/24/2018,2:20:00 AM,SD,CMP 153,2.652,7.74,95,420,0.121,0.1624,0.154,,CN,CN
16,4/24/2018,3:20:00 AM,SD,CMP 154,2.787,7.68,102,400,0.1243,0.1827,0.147,,CN,CN
17,4/24/2018,4:20:00 AM,SD,CMP 155,2.84,7.75,126,350,0.1162,0.1553,0.1487,,CN,CN
18,4/24/2018,5:20:00 AM,SD,CMP 156,2.884,7.79,135,300,0.1212,0.1542,0.1498,,CN,CN
19,4/24/2018,6:20:00 AM,SD,CMP 157,2.896,7.76,130,340,0.1226,0.1566,0.149,,CN,CN
20,4/24/2018,7:20:00 AM,SD,CMP 158,2.897,7.65,105,356,0.1234,0.1566,0.1509,,CN,CN
21,4/24/2018,8:20:00 AM,SD,CMP 159,2.872,7.71,95,396,0.1228,0.1609,0.1508,,CN,CN
22,4/24/2018,9:20:00 AM,SD,CMP 160,2.767,7.72,124,390,0.1242,0.1874,0.1491,,CN,CN
23,4/24/2018,10:20:00 AM,SD,CMP 161,2.646,7.67,128,471,0.1304,,0.1502,,CN,CN
24,4/24/2018,11:20:00 AM,SD,CMP 162,2.58,7.62,128,336,0.1297,,0.1613,,CN,CN
1,4/24/2018,12:45:00 PM,HL,CMP 163,2.933,7.77,134,342,0.1303,,0.1657,,CN,CN
2,4/24/2018,1:45:00 PM,HL,CMP 164,2.919,7.8,341,241,0.1284,,0.1892,,CN,CN
3,4/24/2018,2:45:00 PM,HL,CMP 165,2.931,7.74,260,370,0.131,,0.2033,,CN,CN
4,4/24/2018,3:45:00 PM,HL,CMP 166,2.966,7.71,465,380,0.1286,,0.3052,,CN,CN
5,4/24/2018,4:45:00 PM,HL,CMP 167,3.001,7.72,294,370,0.1278,,0.1911,,CN,CN
7,4/24/2018,6:45:00 PM,HL,CMP 168,3.045,7.79,899,310,0.1295,,0.3978,,CN,CN
8,4/24/2018,7:45:00 PM,HL,CMP 169,3.004,7.85,226,380,0.1248,,0.1908,,CN,CN
9,4/24/2018,8:45:00 PM,HL,CMP 170,2.945,7.93,181,330,0.1291,,0.1733,,CN,CN
10,4/24/2018,9:45:00 PM,HL,CMP 171,2.919,8.05,98,320,0.1293,,0.1544,,CN,CN
11,4/24/2018,10:45:00 PM,HL,CMP 172,2.906,7.89,99,330,0.1262,,0.1513,,CN,CN
12,4/24/2018,11:45:00 PM,HL,CMP 173,2.879,7.95,179,410,0.1305,,0.197,,CN,CN
13,4/24/2018,12:45:00 AM,HL,CMP 174,2.884,7.99,176,370,0.1274,,0.2036,,CN,CN
14,4/24/2018,1:45:00 AM,HL,CMP 175,2.857,7.85,107,362,0.1292,,0.156,,CN,CN
15,4/24/2018,2:45:00 AM,HL,CMP 176,2.89,7.88,108,411,0.1275,,0.1658,,CN,CN
16,4/24/2018,3:45:00 AM,HL,CMP 177,2.87,7.95,82,451,0.128,,0.1568,,CN,CN
17,4/24/2018,4:45:00 AM,HL,CMP 178,2.914,7.91,247,298,0.1286,,0.18,,CN,CN
18,4/24/2018,5:45:00 AM,HL,CMP 179,2.945,7.91,516,276,0.1298,,0.2117,,CN,CN
19,4/24/2018,6:45:00 AM,HL,CMP 180,2.99,8.14,347,270,0.1291,,0.1999,,CN,CN
20,4/24/2018,7:45:00 AM,HL,CMP 181,2.935,7.93,156,282,0.1282,,,,CN,CN
21,4/24/2018,8:45:00 AM,HL,CMP 182,2.915,7.95,100,370,0.1296,,,,CN,CN
22,4/24/2018,9:45:00 AM,HL,CMP 183,2.898,7.83,201,400,0.1267,,,,CN,CN
23,4/24/2018,10:45:00 AM,HL,CMP 184,2.853,7.7,419,350,0.1263,,,,CN,CN
24,4/24/2018,11:45:00 AM,HL,CMP 185,2.884,7.9,179,300,0.1277,,,,CN,CN
1,5/8/2018,12:45:00 PM,FM,CMP 186,2.458,7.93,239,310,0.1288,,,,CN,CN
2,5/8/2018,1:45:00 PM,FM,CMP 187,2.554,8.06,75,382,0.1257,,,,CN,CN
3,5/8/2018,2:45:00 PM,FM,CMP 188,2.447,8.03,76,410,0.1298,,,,CN,CN
4,5/8/2018,3:45:00 PM,FM,CMP 189,2.625,8.14,81,390,0.1275,,,,CN,CN
5,5/8/2018,4:45:00 PM,FM,CMP 190,2.707,8.1,92,465,0.1297,,,,CN,CN
6,5/8/2018,5:45:00 PM,FM,CMP 191,2.784,8.06,104,420,0.1298,,,,CN,CN
7,5/8/2018,6:45:00 PM,FM,CMP 192,2.866,8.05,228,355,0.1297,,,,CN,CN
8,5/8/2018,7:45:00 PM,FM,CMP 193,3.001,8.19,193,460,0.1275,,,,CN,CN
9,5/8/2018,8:45:00 PM,FM,CMP 194,2.673,8.1,174,310,0.1274,,,,CN,CN
10,5/8/2018,9:45:00 PM,FM,CMP 195,2.675,8.16,89,458,0.1279,,,,CN,CN
11,5/8/2018,10:45:00 PM,FM,CMP 196,2.608,8.1,110,358,0.1268,,,,CN,CN
12,5/8/2018,11:45:00 PM,FM,CMP 197,2.639,8.2,98,277,0.1262,,,,CN,CN
13,5/8/2018,12:45:00 AM,FM,CMP 198,2.684,8.13,103,460,0.1272,,,,CN,CN
14,5/8/2018,1:45:00 AM,FM,CMP 199,2.673,8.16,87,520,0.1259,,,,CN,CN
15,5/8/2018,2:45:00 AM,FM,CMP 200,2.668,8.12,74,540,0.1285,,,,CN,CN
16,5/8/2018,3:45:00 AM,FM,CMP 201,2.699,8.08,78,525,0.127,,,,CN,CN
17,5/8/2018,4:45:00 AM,FM,CMP 202,2.691,8.13,82,412,0.1273,,,,CN,CN
18,5/8/2018,5:45:00 AM,FM,CMP 203,2.615,8.13,71,427,0.1283,,,,CN,CN
19,5/8/2018,6:45:00 AM,FM,CMP 204,2.616,8.1,73,420,0.1288,,,,CN,CN
20,5/8/2018,7:45:00 AM,FM,CMP 205,2.637,8.17,75,435,0.121,,0.1434,,CN,CN
21,5/8/2018,8:45:00 AM,FM,CMP 206,2.642,8.12,73,380,0.1206,,0.1378,,CN,CN
22,5/8/2018,9:45:00 AM,FM,CMP 207,2.613,8.11,75,415,0.123,,0.1316,,CN,CN
23,5/8/2018,10:45:00 AM,FM,CMP 208,2.642,8.08,74,445,0.1228,,0.1325,,CN,CN
24,5/8/2018,11:45:00 AM,PT,CMP 209,2.568,8.02,72,420,0.1147,,0.127,,CN,CN
1,5/8/2018,11:30:00 AM,PT,CMP 210,2.791,8.18,96,385,0.1151,,0.1479,,CN,CN
2,5/8/2018,12:30:00 PM,PT,CMP 211,2.7,8.11,658,255,0.1225,,0.3302,turb diluted twice (20 mL DI water to 10mL sample),LF,CN
3,5/8/2018,1:30:00 PM,PT,CMP 212,2.779,8.15,652,230,0.12,,0.3868,turb diluted twice (20 mL DI water to 10mL sample),LF,CN
4,5/8/2018,2:30:00 PM,PT,CMP 213,2.691,8.19,796,220,0.1264,,0.4457,turb diluted twice (20 mL DI water to 10mL sample),LF,CN
5,5/8/2018,3:30:00 PM,PT,CMP 214,2.552,8.22,758,140,0.128,,0.2963,turb diluted twice (20 mL DI water to 10mL sample),LF,CN
6,5/8/2018,4:30:00 PM,PT,CMP 215,2.478,8.32,657,130,0.1254,,0.2633,turb diluted twice (20 mL DI water to 10mL sample),LF,CN
7,5/8/2018,5:30:00 PM,PT,CMP 216,2.473,8.3,940,140,0.1174,,0.23,"turb 10ml sample, 10ml water",LF,CN
8,5/8/2018,6:30:00 PM,PT,CMP 217,2.708,8.08,823,130,0.1142,,0.2326,"turb 10ml sample, 10ml water",LF,CN
9,5/8/2018,7:30:00 PM,PT,CMP 218,2.841,8.13,530,125,0.1155,,0.183,"turb 10ml sample, 10ml water",LF,CN
10,5/8/2018,8:30:00 PM,PT,CMP 219,2.775,8.08,371,150,0.1183,,0.1944,"turb 10ml sample, 10ml water",LF,CN
11,5/8/2018,9:30:00 PM,PT,CMP 220,2.758,8.15,247,230,0.1145,,0.139,,LF,CN
12,5/8/2018,10:30:00 PM,PT,CMP 221,2.75,8.23,144,260,1260,,0.1314,,LF,CN
13,5/8/2018,11:30:00 PM,PT,CMP 222,2.747,8.23,170,265,0.1236,,0.1627,,LF,CN
14,5/8/2018,12:30:00 AM,PT,CMP 223,2.754,8.1,256,255,0.1204,,0.1339,,LF,CN
15,5/8/2018,1:30:00 AM,PT,CMP 224,2.754,8.02,454,172,0.1222,,0.2103,"turb 10ml sample, 10ml water",LF,CN
16,5/8/2018,2:30:00 AM,PT,CMP 225,2.784,8.08,640,190,0.1238,,0.1889,,LF,CN
17,5/8/2018,3:30:00 AM,PT,CMP 226,2.826,8.16,456,190,0.108,0.1835,0.1758,,LF,CN
18,5/8/2018,4:30:00 AM,PT,CMP 227,2.831,8.12,523,185,0.1062,0.1906,0.1825,,LF,CN
19,5/8/2018,5:30:00 AM,PT,CMP 228,2.827,8.36,916,230,0.1006,0.2694,0.2525,,LF,CN
20,5/8/2018,6:30:00 AM,PT,CMP 229,2.833,8.1,628,170,0.1124,0.2068,0.1967,,LF,CN
21,5/8/2018,7:30:00 AM,PT,CMP 230,2.805,8.09,639,260,0.0966,0.2502,0.235,,LF,CN
22,5/8/2018,8:30:00 AM,PT,CMP 231,2.787,8.06,638,275,0.0871,0.2453,0.2298,,LF,CN
23,5/8/2018,9:30:00 AM,PT,CMP 232,2.774,8.08,250,280,0.0667,0.1879,0.1799,,LF,CN
24,5/8/2018,10:30:00 AM,PT,CMP 233,2.754,8.14,354,250,0.111,0.2034,0.1943,,LF,CN
1,5/8/2018,10:00:00 AM,SD,CMP 234,2.616,7.66,74,285,0.102,0.1475,0.1268,,LF,CN
2,5/8/2018,11:00:00 AM,SD,CMP 235,2.651,7.74,94,375,0.1329,0.1614,0.17,,LF,CN
3,5/8/2018,12:00:00 PM,SD,CMP 236,2.726,7.88,123,300,0.1433,0.1616,0.1511,,LF,CN
4,5/8/2018,1:00:00 PM,SD,CMP 237,2.763,7.91,138,280,0.1311,0.1561,0.1505,,LF,CN
5,5/8/2018,2:00:00 PM,SD,CMP 238,2.986,7.9,145,380,0.1264,0.1718,0.1818,,LF,CN
6,5/8/2018,3:00:00 PM,SD,CMP 239,3.328,7.89,157,365,0.1027,0.1716,0.1425,,LF,CN
7,5/8/2018,4:00:00 PM,SD,CMP 240,3.534,7.98,177,275,0.1095,0.1668,0.1265,,LF,CN
8,5/8/2018,5:00:00 PM,SD,CMP 241,3.617,7.89,174,255,0.1015,0.1574,0.1371,,LF,CN
9,5/8/2018,6:00:00 PM,SD,CMP 242,2.829,8.03,112,370,0.0988,0.1602,0.1549,,LF,CN
10,5/8/2018,7:00:00 PM,SD,CMP 243,2.685,8.06,111,395,0.1274,0.1652,0.1597,,LF,CN
11,5/8/2018,8:00:00 PM,SD,CMP 244,2.613,8.03,107,245,0.1188,0.1523,0.1483,,LF,CN
12,5/8/2018,9:00:00 PM,SD,CMP 245,2.594,8.03,98,310,0.1245,0.1507,0.1468,,LF,CN
13,5/8/2018,10:00:00 PM,SD,CMP 246,2.52,7.95,92,545,0.1173,0.1525,0.1487,,LF,CN
14,5/8/2018,11:00:00 PM,SD,CMP 247,2.513,7.91,104,300,0.1246,0.1949,0.149,,LF,CN
15,5/8/2018,12:00:00 AM,SD,CMP 248,2.522,7.88,88,845,0.1299,0.217,0.1542,,LF,CN
16,5/8/2018,1:00:00 AM,SD,CMP 249,2.593,7.94,82,490,0.1293,0.1653,0.1492,,LF,CN
17,5/8/2018,2:00:00 AM,SD,CMP 250,2.653,7.98,88,405,0.128,0.136,0.1547,,LF,CN
18,5/8/2018,3:00:00 AM,SD,CMP 251,2.682,7.99,91,465,0.1171,0.147,0.1581,,LF,CN
19,5/8/2018,4:00:00 AM,SD,CMP 252,2.737,8.08,106,530,0.1237,0.1572,0.1681,,LF,CN
20,5/8/2018,5:00:00 AM,SD,CMP 253,2.752,7.99,114,420,0.1201,0.1459,0.1542,,LF,CN
21,5/8/2018,6:00:00 AM,SD,CMP 254,2.716,8.03,105,335,0.1252,0.1442,0.1537,,LF,CN
22,5/8/2018,7:00:00 AM,SD,CMP 255,2.613,8.1,146,400,0.1341,0.1576,0.1635,,LF,CN
23,5/8/2018,8:00:00 AM,SD,CMP 256,2.595,7.92,94,440,0.1183,0.1509,0.1578,,LF,CN
24,5/8/2018,9:00:00 AM,SD,CMP 257,2.567,8.02,93,385,0.1161,0.144,0.1509,,LF,CN
1,5/8/2018,10:45:00 AM,HL,CMP 258,2.74,7.92,38,630,0.1391,0.1311,0.1489,,LF,CN
2,5/8/2018,11:45:00 AM,HL,CMP 259,2.769,8.09,57,538,0.1243,0.1636,0.1517,,LF,CN
3,5/8/2018,12:45:00 PM,HL,CMP 260,2.711,8.14,54,495,0.1063,0.1623,0.1518,,LF,CN
4,5/8/2018,1:45:00 PM,HL,CMP 261,2.82,8.18,43,410,0.1253,0.1486,0.1462,,LF,CN
5,5/8/2018,2:45:00 PM,HL,CMP 262,2.87,8.16,48,398,0.1249,0.1465,0.1443,,LF,CN
6,5/8/2018,3:45:00 PM,HL,CMP 263,3.019,8.14,71,436,0.1249,0.1331,0.1547,,LF,CN
7,5/8/2018,4:45:00 PM,HL,CMP 264,3.039,8.22,59,477,0.1331,0.1671,0.1548,,LF,CN
8,5/8/2018,5:45:00 PM,HL,CMP 265,3.041,8.17,57,459,0.1397,0.1618,0.1499,,LF,CN
9,5/8/2018,6:45:00 PM,HL,CMP 266,2.957,8.16,75,419,0.1301,0.1574,0.1507,,LF,CN
10,5/8/2018,7:45:00 PM,HL,CMP 267,2.81,8.19,86,405,0.1292,0.1658,0.1579,,LF,CN
11,5/8/2018,8:45:00 PM,HL,CMP 268,2.752,8.15,80,535,0.1275,0.1672,0.164,,LF,CN
12,5/8/2018,9:45:00 PM,HL,CMP 269,2.738,8.2,73,510,0.1276,0.1632,0.1552,,LF,CN
13,5/8/2018,10:45:00 PM,HL,CMP 270,2.722,8.13,65,440,0.1305,0.1576,0.14,,LF,CN
14,5/8/2018,11:45:00 PM,HL,CMP 271,2.731,8.18,74,500,0.1278,0.1612,0.1548,,LF,CN
15,5/8/2018,12:45:00 AM,HL,CMP 272,2.727,8.12,58,550,0.1273,0.1604,0.1468,,LF,CN
16,5/8/2018,1:45:00 AM,HL,CMP 273,2.749,8.16,52,477,0.2569,0.2839,0.2784,noted in margins: .1290+.1279,LF,CN
17,5/8/2018,2:45:00 AM,HL,CMP 274,2.762,8.18,55,485,0.1289,0.1545,0.1491,,LF,CN
18,5/8/2018,3:45:00 AM,HL,CMP 275,2.811,8.18,54,508,0.1277,0.1493,0.1416,,LF,CN
19,5/8/2018,4:45:00 AM,HL,CMP 276,2.855,8.13,57,510,0.1249,0.1622,0.1576,,LF,CN
20,5/8/2018,5:45:00 AM,HL,CMP 277,2.845,8.2,85,490,0.1268,0.1544,0.1467,,LF,CN
21,5/8/2018,6:45:00 AM,HL,CMP 278,2.805,8.11,70,374,0.1289,0.1545,0.1466,,LF,CN
22,5/8/2018,7:45:00 AM,HL,CMP 279,2.791,8.08,57,591,0.1278,0.1571,0.1512,,LF,CN
23,5/8/2018,8:45:00 AM,HL,CMP 280,2.766,8.16,53,490,0.13,0.1507,0.1456,,LF,CN
24,5/8/2018,9:45:00 AM,HL,CMP 281,2.741,8.19,53,503,0.1298,0.2846,0.2788,noted in margin: .1298+.1304,LF,CN
1,5/16/2018,4:15:00 PM,PT,CMP 282,2.742,7.93,108,490,0.1274,0.1666,0.1594,,LF,CN
2,5/16/2018,5:15:00 PM,PT,CMP 283,2.75,8.13,115,520,0.1266,0.1685,0.1611,,LF,CN
3,5/16/2018,6:15:00 PM,PT,CMP 284,2.699,8.12,89,495,0.1261,0.1609,0.1551,,LF,CN
4,5/16/2018,7:15:00 PM,PT,CMP 285,2.764,8.11,87,500,0.1282,0.163,0.1567,,LF,CN
5,5/16/2018,8:15:00 PM,PT,CMP 286,2.722,8.08,88,460,0.1274,0.1609,0.155,,LF,CN
6,5/16/2018,9:15:00 PM,PT,CMP 287,2.936,8.12,78,475,0.1262,0.1561,0.1506,,LF,CN
7,5/16/2018,10:15:00 PM,PT,CMP 288,2.944,8.2,71,355,0.1231,0.1471,0.1429,,LF,CN
8,5/16/2018,11:15:00 PM,PT,CMP 289,2.859,8.16,68,560,0.1267,0.1608,0.1547,,LF,CN
9,5/16/2018,12:15:00 AM,PT,CMP 290,2.821,8.13,93,420,0.1283,0.162,0.1564,,LF,CN
10,5/16/2018,1:15:00 AM,PT,CMP 291,2.756,8.1,125,348,0.1288,0.1639,0.1579,,LF,CN
11,5/16/2018,2:15:00 AM,PT,CMP 292,2.732,8.11,191,400,0.1286,0.1823,0.1753,,LF,CN
12,5/16/2018,3:15:00 AM,PT,CMP 293,2.736,8.07,156,315,0.1264,0.1664,0.1613,,LF,CN
13,5/16/2018,4:15:00 AM,PT,CMP 294,2.752,8.02,123,320,0.1295,0.1624,0.1578,,LF,CN
14,5/16/2018,5:15:00 AM,PT,CMP 295,2.747,7.95,110,400,0.128,0.163,0.1579,,LF,CN
15,5/16/2018,6:15:00 AM,PT,CMP 296,2.747,7.98,199,360,0.1266,0.1824,0.175,,LF,CN
16,5/16/2018,7:15:00 AM,PT,CMP 297,2.789,7.94,192,290,0.1268,0.1763,0.1691,,LF,CN
17,5/16/2018,8:15:00 AM,PT,CMP 298,2.853,8,201,290,0.1234,0.1754,0.1679,,LF,CN
18,5/16/2018,9:15:00 AM,PT,CMP 299,2.865,8.06,138,305,0.1243,0.1628,0.1563,,LF,CN
19,5/16/2018,10:15:00 AM,PT,CMP 300,2.94,8.04,89,425,0.1285,0.1626,0.1569,,LF,CN
20,5/16/2018,11:15:00 AM,PT,CMP 301,2.536,8.12,76,310,0.1251,0.152,0.1475,,LF,CN
21,5/16/2018,12:15:00 PM,PT,CMP 302,2.897,8.05,78,260,0.1083,0.1462,0.1425,,LF,CN
22,5/16/2018,1:15:00 PM,PT,CMP 303,2.931,8.07,73,355,0.1255,0.1522,0.1478,,LF,CN
23,5/16/2018,2:15:00 PM,PT,CMP 304,2.936,8.04,136,335,0.1237,0.1664,0.1596,,LF,CN
24,5/16/2018,3:15:00 PM,PT,CMP 305,2.854,8.03,149,315,0.1268,0.17,0.164,,LF,CN
1,5/16/2018,3:00:00 PM,SD,CMP 306,2.723,7.88,164,350,0.1252,0.1711,0.1644,,LF,CN
2,5/16/2018,4:00:00 PM,SD,CMP 307,2.749,7.89,159,425,0.1249,0.18,0.1717,,LF,CN
3,5/16/2018,5:00:00 PM,SD,CMP 308,2.779,7.84,151,350,0.126,0.1684,0.1617,,LF,CN
4,5/16/2018,6:00:00 PM,SD,CMP 309,2.741,7.89,119,375,0.1221,0.1607,0.155,,LF,CN
5,5/16/2018,7:00:00 PM,SD,CMP 310,2.756,7.88,116,400,0.1239,0.162,0.1557,,LF,CN
6,5/16/2018,8:00:00 PM,SD,CMP 311,2.753,7.93,119,390,0.1253,0.1646,0.1586,,LF,CN
7,5/16/2018,9:00:00 PM,SD,CMP 312,2.873,7.95,121,380,0.128,0.1696,0.1627,,LF,CN
8,5/16/2018,10:00:00 PM,SD,CMP 313,2.82,8.02,150,342,0.1253,0.1681,0.1624,,LF,CN
9,5/16/2018,11:00:00 PM,SD,CMP 314,2.755,7.99,114,375,0.1248,0.149,0.1454,,LF,CN
10,5/16/2018,12:00:00 AM,SD,CMP 315,2.752,7.93,119,450,0.1273,0.1698,0.1643,,LF,CN
11,5/16/2018,1:00:00 AM,SD,CMP 316,2.724,7.93,145,425,0.1271,0.1749,0.1687,,LF,CN
12,5/16/2018,2:00:00 AM,SD,CMP 317,2.858,7.86,190,570,0.1265,0.1621,0.1573,,LF,CN
13,5/16/2018,3:00:00 AM,SD,CMP 318,3.195,7.82,201,223,0.1259,0.1624,0.1577,,LF,CN
14,5/16/2018,4:00:00 AM,SD,CMP 319,3.324,7.78,157,400,0.126,0.1752,0.1692,,LF,CN
15,5/16/2018,5:00:00 AM,SD,CMP 320,3.044,7.74,130,786,0.1256,0.1649,0.1492,,LF,CN
16,5/16/2018,6:00:00 AM,SD,CMP 321,2.869,7.81,127,426,0.1259,0.1689,0.1625,,LF,CN
17,5/16/2018,7:00:00 AM,SD,CMP 322,2.776,7.83,121,412,0.1272,0.1755,0.1611,,LF,CN
18,5/16/2018,8:00:00 AM,SD,CMP 323,2.783,7.95,137,390,0.1239,0.1659,0.1603,,LF,CN
19,5/16/2018,9:00:00 AM,SD,CMP 324,2.889,7.9,162,385,0.1227,0.1671,0.1612,,LF,CN
20,5/16/2018,10:00:00 AM,SD,CMP 325,3.052,7.84,112,355,0.1268,0.1722,0.1658,,LF,CN
21,5/16/2018,11:00:00 AM,SD,CMP 326,3.162,7.88,174,320,0.1291,0.1697,0.1634,,LF,CN
22,5/16/2018,12:00:00 PM,SD,CMP 327,3.353,7.77,187,450,0.1278,0.1893,0.1805,,LF,CN
23,5/16/2018,1:00:00 PM,SD,CMP 328,3.287,7.74,194,415,0.1282,0.1839,0.1761,,LF,CN
24,5/16/2018,2:00:00 PM,SD,CMP 329,3.052,7.89,189,371,0.1256,0.1872,0.1794,,LF,CN
1,5/29/2018,2:30:00 PM,FM,CMP 369,3.318,8.12,108,410,0.131,0.1823,0.1642,,LF,CN
2,5/29/2018,3:30:00 PM,FM,CMP 370,3.427,8.06,100,415,0.1279,0.1738,0.1557,,LF,CN
3,5/29/2018,4:30:00 PM,FM,CMP 371,3.445,8.09,84,380,0.128,0.1588,0.1492,,LF,CN
4,5/29/2018,5:30:00 PM,FM,CMP 372,3.411,8.1,71,425,0.1298,0.1603,0.154,,LF,CN
5,5/29/2018,6:30:00 PM,FM,CMP 373,3.33,8.16,66,375,0.1293,0.1622,0.1483,,LF,CN
6,5/29/2018,7:30:00 PM,FM,CMP 374,3.222,8.22,60,410,0.1316,0.1631,0.1522,,LF,CN
7,5/29/2018,8:30:00 PM,FM,CMP 375,3.249,8.2,56,455,0.1306,0.1595,0.1501,,LF,CN
8,5/29/2018,9:30:00 PM,FM,CMP 376,3.21,8.22,57,330,0.1309,0.1656,0.1469,,LF,CN
9,5/29/2018,10:30:00 PM,FM,CMP 377,3.253,8.19,66,415,0.1294,0.1572,0.1512,,LF,CN
10,5/29/2018,11:30:00 PM,FM,CMP 378,3.31,8.2,62,460,0.1301,0.1645,0.1448,,LF,CN
11,5/29/2018,12:30:00 AM,FM,CMP 379,3.393,8.16,76,520,0.1209,0.1682,0.15,,LF,CN
12,5/29/2018,1:30:00 AM,FM,CMP 380,3.506,8.22,88,390,0.1285,0.1597,0.1548,,LF,CN
13,5/29/2018,2:30:00 AM,FM,CMP 381,3.69,8.1,80,390,0.1287,0.1606,0.1519,,LF,CN
14,5/29/2018,3:30:00 AM,FM,CMP 382,3.764,8.07,79,360,0.1282,0.151,0.1471,,LF,CN
15,5/29/2018,4:30:00 AM,FM,CMP 383,3.766,8.11,72,580,0.1284,0.1731,0.1576,,LF,CN
16,5/29/2018,5:30:00 AM,FM,CMP 384,3.656,8.13,72,430,0.1291,0.1123,0.1541,60 furnace measurement seems off (LF),LF,CN
17,5/29/2018,6:30:00 AM,FM,CMP 385,3.426,8.16,95,370,0.1296,0.1636,0.1559,,LF,CN
18,5/29/2018,7:30:00 AM,FM,CMP 386,3.321,8.19,101,370,0.1302,0.1753,0.159,,LF,CN
19,5/29/2018,8:30:00 AM,FM,CMP 387,3.296,8.19,81,410,0.1287,0.1933,0.1549,,LF,CN
20,5/29/2018,9:30:00 AM,FM,CMP 388,3.32,8.19,69,520,0.129,0.161,0.1446,,LF,CN
21,5/29/2018,10:30:00 AM,FM,CMP 389,3.383,8.17,64,540,0.1285,0.1753,0.1509,,LF,CN
22,5/29/2018,11:30:00 AM,FM,CMP 390,3.421,8.12,69,490,0.1294,0.1872,0.1581,,LF,CN
23,5/29/2018,12:30:00 PM,FM,CMP 391,3.367,8.17,80,445,0.1293,0.1898,0.1537,,LF,CN
24,5/29/2018,1:30:00 PM,FM,CMP 392,3.286,8.2,109,540,0.1282,0.2047,0.1674,,LF,CN
1,5/29/2018,3:00:00 PM,HL,CMP 393,4.03,7.78,103,370,0.1281,0.2025,0.1855,,LF,CN
2,5/29/2018,4:00:00 PM,HL,CMP 394,4.151,7.76,382,350,0.1276,0.2371,0.2195,,LF,CN
3,5/29/2018,5:00:00 PM,HL,CMP 395,4.172,7.77,364,405,0.1281,0.1829,0.1696,,LF,CN
4,5/29/2018,6:00:00 PM,HL,CMP 396,4.093,7.84,99,525,0.128,0.1826,0.1667,,LF,CN
5,5/29/2018,7:00:00 PM,HL,CMP 397,3.852,7.96,88,420,0.124,0.1546,0.1534,,LF,CN
6,5/29/2018,8:00:00 PM,HL,CMP 398,3.665,8.09,82,480,0.1397,0.1183,0.1563,60 furnace measurement seems off (LF),LF,CN
7,5/29/2018,9:00:00 PM,HL,CMP 399,3.587,8.11,75,475,0.1264,0.1568,0.1518,,LF,CN
8,5/29/2018,10:00:00 PM,HL,CMP 400,3.632,8.09,194,336,0.1285,0.2002,0.1864,,LF,CN
9,5/29/2018,11:00:00 PM,HL,CMP 401,3.853,7.97,120,407,0.1294,0.2974,0.2757,,LF,CN
10,5/29/2018,12:00:00 AM,HL,CMP 402,3.87,8.07,198,387,0.1309,0.1898,0.1809,,LF,CN
11,5/29/2018,1:00:00 AM,HL,CMP 403,4.014,8.02,237,355,0.1365,0.2194,0.2081,,LF,CN
12,5/29/2018,2:00:00 AM,HL,CMP 404,4.267,8.1,351,330,0.1306,0.2064,0.185,,LF,CN
13,5/29/2018,3:00:00 AM,HL,CMP 405,5.175,7.9,336,630,0.1376,0.1943,0.1803,,LF,CN
14,5/29/2018,4:00:00 AM,HL,CMP 406,5.532,8.04,241,365,0.1479,0.1965,0.1924,,LF,CN
15,5/29/2018,5:00:00 AM,HL,CMP 407,5.67,7.92,239,395,0.1231,0.2538,0.2057,,LF,CN
16,5/29/2018,6:00:00 AM,HL,CMP 408,4.992,7.92,223,445,0.1157,0.1875,0.1816,,LF,CN
17,5/29/2018,7:00:00 AM,HL,CMP 409,4.107,7.94,130,509,0.1288,0.1733,0.1696,,LF,CN
18,5/29/2018,8:00:00 AM,HL,CMP 410,3.928,7.93,129,465,0.1289,0.1909,0.1766,,LF,CN
19,5/29/2018,9:00:00 AM,HL,CMP 411,3.873,7.92,135,435,0.127,0.2029,0.1857,,LF,CN
20,5/29/2018,10:00:00 AM,HL,CMP 412,3.951,7.84,94,440,0.1271,0.183,0.1728,,LF,CN
21,5/29/2018,11:00:00 AM,HL,CMP 413,4.095,7.91,234,481,0.127,0.1935,0.1832,,LF,CN
22,5/29/2018,12:00:00 PM,HL,CMP 414,4.137,7.87,203,430,0.127,0.2039,0.1925,,LF,CN
23,5/29/2018,1:00:00 PM,HL,CMP 415,4.042,8.01,277,395,0.129,0.2331,0.2175,,LF,CN
24,5/29/2018,2:00:00 PM,HL,CMP 416,3.848,7.96,300,165,0.1274,0.1962,0.1969,,LF,CN
1,6/12/2018,2:45:00 PM,FM,CMP 417,4.418,7.69,300,470,0.1268,0.1642,0.1583,,LF,CN
2,6/12/2018,3:45:00 PM,FM,CMP 418,5.033,7.6,350,375,0.1393,0.2403,0.2256,,LF,CN
3,6/12/2018,4:45:00 PM,FM,CMP 419,4.723,7.62,168,440,0.1267,0.1965,0.1864,,LF,CN
4,6/12/2018,5:45:00 PM,FM,CMP 420,4.486,7.66,538,300,0.1225,0.2641,0.2479,,LF,CN
5,6/12/2018,6:45:00 PM,FM,CMP 421,4.253,7.75,306,355,0.1255,0.2294,0.2177,,LF,CN
6,6/12/2018,7:45:00 PM,FM,CMP 422,4.223,7.89,249,350,0.1317,0.2041,0.1943,,LF,CN
7,6/12/2018,8:45:00 PM,FM,CMP 423,4.598,7.72,425,390,0.1259,0.2545,0.2387,,LF,CN
8,6/12/2018,9:45:00 PM,FM,CMP 424,4.297,7.82,262,300,0.1221,0.216,0.2054,,LF,CN
9,6/12/2018,10:45:00 PM,FM,CMP 425,4.648,7.76,191,350,0.1298,0.197,0.1885,,LF,CN
10,6/12/2018,11:45:00 PM,FM,CMP 426,5.045,7.67,343,375,0.1277,0.2333,0.2208,,LF,CN
11,6/12/2018,12:45:00 AM,FM,CMP 427,4.976,7.74,307,290,0.1317,0.2334,0.2209,,LF,CN
12,6/12/2018,1:45:00 AM,FM,CMP 428,6.804,7.74,373,300,0.1319,0.2232,0.2121,,LF,CN
13,6/12/2018,2:45:00 AM,FM,CMP 429,7.098,7.75,152,500,0.1249,0.1924,0.1845,,LF,CN
14,6/12/2018,3:45:00 AM,FM,CMP 430,6.703,7.7,296,370,0.1276,0.233,0.2206,,LF,CN
15,6/12/2018,4:45:00 AM,FM,CMP 431,5.295,7.65,727,310,0.11,0.3028,0.2809,,LF,CN
16,6/12/2018,5:45:00 AM,FM,CMP 432,4.863,7.58,329,365,0.1232,0.2318,0.2192,,LF,CN
17,6/12/2018,6:45:00 AM,FM,CMP 433,4.809,7.62,180,395,0.124,0.1946,0.186,,LF,CN
18,6/12/2018,7:45:00 AM,FM,CMP 434,4.854,7.61,137,420,0.1255,0.1815,0.1741,,LF,CN
19,6/12/2018,8:45:00 AM,FM,CMP 435,5.033,7.68,135,430,0.1282,0.1853,0.1772,,LF,CN
20,6/12/2018,9:45:00 AM,FM,CMP 436,5.218,7.66,267,397,0.1195,0.2248,0.2119,,LF,CN
21,6/12/2018,10:45:00 AM,FM,CMP 437,5.27,7.62,118,450,0.1243,0.1809,0.1727,,LF,CN
22,6/12/2018,11:45:00 AM,FM,CMP 438,4.249,7.92,216,373,0.1216,0.2087,0.1986,,LF,CN
23,6/12/2018,12:45:00 PM,FM,CMP 439,4.508,7.75,193,396,0.1203,0.1957,0.1862,,LF,CN
24,6/12/2018,1:45:00 PM,FM,CMP 440,5.194,7.57,353,401,0.1324,0.1828,0.1745,,LF,CN
1,6/12/2018,3:30:00 PM,SD,CMP 441,4.77,8.03,86.6,510,0.1165,0.1694,0.1632,,LF,CN
2,6/12/2018,4:30:00 PM,SD,CMP 442,4.773,7.87,119,472,0.1191,0.1876,0.1797,,LF,CN
3,6/12/2018,5:30:00 PM,SD,CMP 443,4.52,7.98,90.3,399,0.1167,0.1622,0.1569,,LF,CN
4,6/12/2018,6:30:00 PM,SD,CMP 444,4.258,8,86,360,0.1132,0.1689,0.1626,,LF,CN
5,6/12/2018,7:30:00 PM,SD,CMP 445,4.229,8.06,104,385,0.1195,0.1644,0.1585,,LF,CN
6,6/12/2018,8:30:00 PM,SD,CMP 446,4.2,8,109,355,0.1252,0.1638,0.1585,,LF,CN
7,6/12/2018,9:30:00 PM,SD,CMP 447,4.213,8,101,544,0.1253,0.1807,0.1734,,LF,CN
8,6/12/2018,10:30:00 PM,SD,CMP 448,4.494,7.97,129,435,0.1245,0.1791,0.1721,,LF,CN
9,6/12/2018,11:30:00 PM,SD,CMP 449,4.857,7.89,178,479,0.1338,0.202,0.1925,,LF,CN
10,6/12/2018,12:30:00 AM,SD,CMP 450,5.261,7.93,212,420,0.1212,0.2045,0.1952,,LF,CN
11,6/12/2018,1:30:00 AM,SD,CMP 451,5.691,7.84,163,437,0.1296,0.1814,0.1736,,LF,CN
12,6/12/2018,2:30:00 AM,SD,CMP 452,6.131,7.99,104,426,0.1287,0.1681,0.1615,,LF,CN
13,6/12/2018,3:30:00 AM,SD,CMP 453,6.239,7.79,89.6,513,0.1176,0.1706,0.1632,,LF,CN
14,6/12/2018,4:30:00 AM,SD,CMP 454,5.308,7.52,74.3,540,0.1211,0.1618,0.1555,,LF,CN
15,6/12/2018,5:30:00 AM,SD,CMP 455,4.641,7.98,89.4,440,0.1273,0.1704,0.1644,,LF,CN
16,6/12/2018,6:30:00 AM,SD,CMP 456,4.329,7.78,100,382,0.1277,0.1633,0.1579,,LF,CN
17,6/12/2018,7:30:00 AM,SD,CMP 457,4.334,7.89,106,366,0.124,0.163,0.1568,,LF,CN
18,6/12/2018,8:30:00 AM,SD,CMP 458,4.45,7.9,122,330,0.1269,0.1648,0.1587,,LF,CN
19,6/12/2018,9:30:00 AM,SD,CMP 459,4.531,7.92,150,343,0.1255,0.1715,0.1644,,LF,CN
20,6/12/2018,10:30:00 AM,SD,CMP 460,4.688,7.75,190,328,0.1268,0.1789,0.1713,,LF,CN
21,6/12/2018,11:30:00 AM,SD,CMP 461,4.687,7.76,179,358,0.1286,0.1808,0.1727,,LF,CN
22,6/12/2018,12:30:00 PM,SD,CMP 462,4.298,7.8,190,376,0.1261,0.1865,0.178,,LF,CN
23,6/12/2018,1:30:00 PM,SD,CMP 463,4.383,7.88,209,390,0.1288,0.193,0.184,,LF,CN
24,6/12/2018,2:30:00 PM,SD,CMP 464,4.717,7.96,253,352,0.1247,0.1922,0.1833,,LF,CN
1,6/12/2018,2:00:00 PM,HL,CMP 465,3.902,7.44,124,255,0.125,0.1731,0.1653,,LF,CN
2,6/12/2018,3:00:00 PM,HL,CMP 466,3.961,7.94,90.1,446,0.1264,0.1644,0.1579,,LF,CN
3,6/12/2018,4:00:00 PM,HL,CMP 467,3.953,7.89,69.2,548,0.1242,0.1598,0.1539,,LF,CN
4,6/12/2018,5:00:00 PM,HL,CMP 468,3.907,7.9,64.7,553,0.1243,0.1595,0.1537,,LF,CN
5,6/12/2018,6:00:00 PM,HL,CMP 469,3.81,7.92,56.8,614,0.1264,0.1587,0.1532,,LF,CN
6,6/12/2018,7:00:00 PM,HL,CMP 470,3.687,7.98,63.5,550,0.1255,0.1594,0.1539,,LF,CN
7,6/12/2018,8:00:00 PM,HL,CMP 471,3.66,8.13,75.7,549,0.1244,0.1635,0.1571,,LF,CN
8,6/12/2018,9:00:00 PM,HL,CMP 472,3.672,8,54.5,553,0.129,0.1572,0.1521,,LF,CN
9,6/12/2018,10:00:00 PM,HL,CMP 473,3.712,7.97,80,480,0.1274,0.1622,0.1568,,LF,CN
10,6/12/2018,11:00:00 PM,HL,CMP 474,3.814,7.92,91.2,405,0.1254,0.1596,0.1541,,LF,CN
11,6/12/2018,12:00:00 AM,HL,CMP 475,3.977,7.92,92.8,490,0.1276,0.1676,0.1615,,LF,CN
12,6/12/2018,1:00:00 AM,HL,CMP 476,4.203,8.03,91.4,440,0.1259,0.1678,0.1612,,LF,CN
13,6/12/2018,2:00:00 AM,HL,CMP 477,4.435,7.96,83.5,550,0.1268,0.1634,0.1575,,LF,CN
14,6/12/2018,3:00:00 AM,HL,CMP 478,4.632,7.82,78.4,565,0.1244,0.1651,0.1587,,LF,CN
15,6/12/2018,4:00:00 AM,HL,CMP 479,4.663,7.85,70,509,0.1242,0.1635,0.1575,,LF,CN
16,6/12/2018,5:00:00 AM,HL,CMP 480,4.472,7.93,87.8,509,0.1266,0.173,0.1658,,LF,CN
17,6/12/2018,6:00:00 AM,HL,CMP 481,4.146,7.88,136,410,0.1235,0.1699,0.1627,,LF,CN
18,6/12/2018,7:00:00 AM,HL,CMP 482,3.885,7.92,152,380,0.1254,0.173,0.1653,,LF,CN
19,6/12/2018,8:00:00 AM,HL,CMP 483,3.8,7.96,161,450,0.1263,0.1889,0.18,,LF,CN
20,6/12/2018,9:00:00 AM,HL,CMP 484,3.797,7.88,122,450,0.127,0.1832,0.1746,,LF,CN
21,6/12/2018,10:00:00 AM,HL,CMP 485,3.823,8.05,77.6,520,0.1275,0.1824,0.1743,,LF,CN
22,6/12/2018,11:00:00 AM,HL,CMP 486,3.88,7.86,61.7,580,0.1292,0.1724,0.1654,,LF,CN
23,6/12/2018,12:00:00 PM,HL,CMP 487,3.854,7.9,68.3,560,0.1269,0.1686,0.1622,,LF,CN
24,6/12/2018,1:00:00 PM,HL,CMP 488,3.678,7.93,112,520,0.1255,0.1816,0.1737,,LF,CN
1,6/12/2018,1:30:00 PM,PT,CMP 489,3.7,7.88,197,507,0.1244,0.1935,0.1835,,LF,CN
2,6/12/2018,2:30:00 PM,PT,CMP 490,3.81,8.03,154,485,0.1255,0.1899,0.1811,,LF,CN
3,6/12/2018,3:30:00 PM,PT,CMP 491,3.86,8.2,135,322,0.1248,0.1615,0.1556,,LF,CN
4,6/12/2018,4:30:00 PM,PT,CMP 492,3.801,8.05,83.4,405,0.1284,0.1576,0.1524,,LF,CN
5,6/12/2018,5:30:00 PM,PT,CMP 493,3.684,8.1,84.9,330,0.1262,0.1604,0.1548,,LF,CN
6,6/12/2018,6:30:00 PM,PT,CMP 494,3.613,8.12,85.3,360,0.1244,0.1551,0.1498,,LF,CN
7,6/12/2018,7:30:00 PM,PT,CMP 495,3.482,8.13,70.3,420,0.1262,0.1538,0.1492,,LF,CN
8,6/12/2018,8:30:00 PM,PT,CMP 496,3.405,8.25,85.8,399,0.1248,0.157,0.1514,,LF,CN
9,6/12/2018,9:30:00 PM,PT,CMP 497,3.57,8.08,92.3,340,0.1279,0.1519,0.1478,,LF,CN
10,6/12/2018,10:30:00 PM,PT,CMP 498,3.691,8.07,138,315,0.1276,0.164,0.1583,,LF,CN
11,6/12/2018,11:30:00 PM,PT,CMP 499,3.839,8,162,325,0.1252,0.1677,0.1615,,LF,CN
12,6/12/2018,12:30:00 AM,PT,CMP 500,4.014,8.14,167,319,0.1268,0.1727,0.1655,,LF,CN
13,6/12/2018,1:30:00 AM,PT,CMP 501,4.244,8.11,198,297,0.1254,0.1739,0.167,,LF,CN
14,6/12/2018,2:30:00 AM,PT,CMP 502,4.363,7.94,134,333,0.1254,0.1655,0.1595,,LF,CN
15,6/12/2018,3:30:00 AM,PT,CMP 503,4.399,7.97,103,400,0.1265,0.1643,0.159,,LF,CN
16,6/12/2018,4:30:00 AM,PT,CMP 504,4.399,7.88,143,340,0.129,0.1716,0.1651,,LF,CN
17,6/12/2018,5:30:00 AM,PT,CMP 505,4.093,7.82,253,314,0.1256,0.1921,0.1824,,LF,CN
18,6/12/2018,6:30:00 AM,PT,CMP 506,3.804,7.84,298,334,0.1247,0.2021,0.1904,,LF,CN
19,6/12/2018,7:30:00 AM,PT,CMP 507,3.622,7.9,204,360,0.1284,0.1879,0.1785,,LF,CN
20,6/12/2018,8:30:00 AM,PT,CMP 508,3.421,7.92,204,340,0.1294,0.1713,0.1644,,LF,CN
21,6/12/2018,9:30:00 AM,PT,CMP 509,3.202,7.91,90.3,332,0.1255,0.156,0.1504,,LF,CN
22,6/12/2018,10:30:00 AM,PT,CMP 510,3.113,8.06,65.8,451,0.127,0.1609,0.1548,,LF,CN
23,6/12/2018,11:30:00 AM,PT,CMP 511,3.12,8.11,65,465,0.1281,0.1568,0.1516,,LF,CN
24,6/12/2018,12:30:00 PM,PT,CMP 512,3.61,7.95,208,370,0.1262,0.1834,0.1748,,LF,CN
1,6/19/2018,9:00:00 AM,FM,CMP 513,5.671,7.62,72.7,507,0.1264,0.1619,0.156,,LF,CN
2,6/19/2018,10:00:00 AM,FM,CMP 514,5.746,7.67,292,400,0.1284,0.2363,0.2228,,LF,CN
3,6/19/2018,11:00:00 AM,FM,CMP 515,5.63,7.72,395,368,0.1263,0.2578,0.2427,,LF,CN
4,6/19/2018,12:00:00 PM,FM,CMP 516,5.39,7.77,402,400,0.1256,0.2382,0.2249,,LF,CN
5,6/19/2018,1:00:00 PM,FM,CMP 517,5.408,7.74,273,410,0.125,0.2598,0.2434,,LF,CN
6,6/19/2018,2:00:00 PM,FM,CMP 518,5.514,7.94,363,400,0.1292,0.2203,0.2082,,LF,CN
7,6/19/2018,3:00:00 PM,FM,CMP 519,5.6,7.76,193,409,0.1267,0.1983,0.1891,,LF,CN
8,6/19/2018,4:00:00 PM,FM,CMP 520,5.509,7.76,754,313,0.1252,0.2696,0.2526,,LF,CN
9,6/19/2018,5:00:00 PM,FM,CMP 521,5.176,7.81,302,400,0.1266,0.2147,0.2035,,LF,CN
10,6/19/2018,6:00:00 PM,FM,CMP 522,5.077,7.88,253,305,0.1281,0.173,0.1656,,LF,CN
11,6/19/2018,7:00:00 PM,FM,CMP 523,5.998,7.6,830,320,0.126,0.2303,0.2162,,LF,CN
12,6/19/2018,8:00:00 PM,FM,CMP 524,6.47,7.69,859,320,0.1275,0.2409,0.2253,,LF,CN
13,6/19/2018,9:00:00 PM,FM,CMP 525,6.515,7.72,426,330,0.1264,0.1977,0.1874,,LF,CN
14,6/19/2018,10:00:00 PM,FM,CMP 526,6.562,7.61,422,315,0.1284,0.2381,0.2236,,LF,CN
15,6/19/2018,11:00:00 PM,FM,CMP 527,6.397,7.56,666,340,0.1276,0.2982,0.277,,LF,CN
16,6/19/2018,12:00:00 AM,FM,CMP 528,5.582,7.86,229,420,0.1292,0.2247,0.2125,,LF,CN
17,6/19/2018,1:00:00 AM,FM,CMP 529,5.221,7.96,105,485,0.1262,0.1777,0.1704,,LF,CN
18,6/19/2018,2:00:00 AM,FM,CMP 530,5.171,7.9,108,460,0.1262,0.1772,0.169,,LF,CN
19,6/19/2018,3:00:00 AM,FM,CMP 531,5.166,8.02,280,260,0.1255,0.1994,0.1887,,LF,CN
20,6/19/2018,4:00:00 AM,FM,CMP 532,5.276,7.88,313,320,0.1301,0.2236,0.2109,,LF,CN
21,6/19/2018,5:00:00 AM,FM,CMP 533,5.757,7.79,722,340,0.1244,0.3126,0.2889,,LF,CN
22,6/19/2018,6:00:00 AM,FM,CMP 534,5.931,7.83,398,350,0.1275,0.2465,0.2305,,LF,CN
23,6/19/2018,7:00:00 AM,FM,CMP 535,5.972,7.83,302,485,0.133,0.243,0.2269,,LF,CN
24,6/19/2018,8:00:00 AM,FM,CMP 536,5.672,7.97,379,350,0.1345,0.2486,0.232,,LF,CN
1,6/19/2018,10:15:00 AM,SD,CMP 537,5.517,7.82,93.2,435,0.1286,0.1633,0.1569,,LF,CN
2,6/19/2018,11:15:00 AM,SD,CMP 538,5.326,7.7,125,370,0.1244,0.1718,0.1643,,LF,CN
3,6/19/2018,12:15:00 PM,SD,CMP 539,5.308,7.84,145,460,0.1275,0.1862,0.1769,,LF,CN
4,6/19/2018,1:15:00 PM,SD,CMP 540,5.345,7.8,174,385,0.1259,0.184,0.1748,,LF,CN
5,6/19/2018,2:15:00 PM,SD,CMP 541,5.493,7.93,149,340,0.1257,0.1719,0.1645,,LF,CN
6,6/19/2018,3:15:00 PM,SD,CMP 542,5.594,7.82,189,395,0.1233,0.1864,0.1768,,LF,CN
7,6/19/2018,4:15:00 PM,SD,CMP 543,5.517,7.83,126,340,0.1265,0.1675,0.1605,,LF,CN
8,6/19/2018,5:15:00 PM,SD,CMP 544,5.051,7.86,192,395,0.1263,0.1917,0.1821,,LF,CN
9,6/19/2018,6:15:00 PM,SD,CMP 545,5.494,7.88,238,400,0.1248,0.2005,0.1898,,LF,CN
10,6/19/2018,7:15:00 PM,SD,CMP 546,6.111,7.85,230,400,0.1252,0.2,0.1896,,LF,CN
11,6/19/2018,8:15:00 PM,SD,CMP 547,6.571,7.88,126,370,0.1259,0.1667,0.1602,,LF,CN
12,6/19/2018,9:15:00 PM,SD,CMP 548,6.753,7.95,105,290,0.125,0.1547,0.1499,,LF,CN
13,6/19/2018,10:15:00 PM,SD,CMP 549,6.933,7.75,86.2,435,0.1264,0.163,0.157,,LF,CN
14,6/19/2018,11:15:00 PM,SD,CMP 550,5.863,7.86,70.1,480,0.1277,0.1615,0.1558,,LF,CN
15,6/19/2018,12:15:00 AM,SD,CMP 551,5.693,7.9,156,400,0.1254,0.1783,0.1704,,LF,CN
16,6/19/2018,1:15:00 AM,SD,CMP 552,5.318,7.9,169,500,0.127,0.197,0.1868,,LF,CN
17,6/19/2018,2:15:00 AM,SD,CMP 553,5.228,7.88,142,430,0.1245,0.1773,0.1688,,LF,CN
18,6/19/2018,3:15:00 AM,SD,CMP 554,5.235,8.04,149,370,0.1246,0.1569,0.152,,LF,CN
19,6/19/2018,4:15:00 AM,SD,CMP 555,5.24,7.9,87.1,380,0.1261,0.1586,0.1532,,LF,CN
20,6/19/2018,5:15:00 AM,SD,CMP 556,5.357,7.9,81.6,490,0.1268,0.1532,0.1585,,LF,CN
21,6/19/2018,6:15:00 AM,SD,CMP 557,5.729,7.91,108,545,0.1275,0.1526,0.1659,510C measurement seems off (LF),LF,CN
22,6/19/2018,7:15:00 AM,SD,CMP 558,6.149,7.83,116,530,0.1288,0.1623,0.1655,,LF,CN
23,6/19/2018,8:15:00 AM,SD,CMP 559,6.613,7.88,148,355,0.1287,0.2132,0.1681,,LF,CN
24,6/19/2018,9:15:00 AM,SD,CMP 560,6.847,7.77,330,380,0.124,0.1766,0.1979,510C measurement seems off (LF),LF,CN
1,6/19/2018,12:00:00 PM,HL,CMP 561,4.523,8.1,86.1,450,0.1255,0.1725,0.1557,,LF,CN
2,6/19/2018,1:00:00 PM,HL,CMP 562,4.506,8.04,68.6,724,0.1253,0.1817,0.1446,,LF,CN
3,6/19/2018,2:00:00 PM,HL,CMP 563,4.54,8.12,54.2,540,0.1248,0.1654,0.147,,LF,CN
4,6/19/2018,3:00:00 PM,HL,CMP 564,4.566,8.18,52.6,420,0.1435,0.1481,0.1423,,LF,CN
5,6/19/2018,4:00:00 PM,HL,CMP 565,4.561,8.06,48.9,610,0.1253,0.1549,0.1484,,LF,CN
6,6/19/2018,5:00:00 PM,HL,CMP 566,4.544,8.06,94.1,525,0.1235,0.1637,0.1546,,LF,CN
7,6/19/2018,6:00:00 PM,HL,CMP 567,4.496,8.07,125,765,0.1254,0.1772,0.16,,LF,CN
8,6/19/2018,7:00:00 PM,HL,CMP 568,4.734,8.02,130,545,0.1283,0.1851,0.1755,,LF,CN
9,6/19/2018,8:00:00 PM,HL,CMP 569,4.863,8.07,131,530,0.1236,0.1825,0.1732,,LF,CN
10,6/19/2018,9:00:00 PM,HL,CMP 570,5.055,8.2,117,500,0.1242,0.1788,0.1702,,LF,CN
11,6/19/2018,10:00:00 PM,HL,CMP 571,5.095,8.03,98.1,560,0.1261,0.1759,0.1671,,LF,CN
12,6/19/2018,11:00:00 PM,HL,CMP 572,5.042,8.21,66.5,470,0.1235,0.1566,0.1504,,LF,CN
13,6/19/2018,12:00:00 AM,HL,CMP 573,4.882,8.07,72.3,540,0.1273,0.1668,0.1588,,LF,CN
14,6/19/2018,1:00:00 AM,HL,CMP 574,4.71,8.06,78.3,458,0.1254,0.159,0.1533,,LF,CN
15,6/19/2018,2:00:00 AM,HL,CMP 575,4.58,8.03,78,540,0.1246,0.1663,0.1586,,LF,CN
16,6/19/2018,3:00:00 AM,HL,CMP 576,4.538,8.01,70,620,0.1242,0.1653,0.158,,LF,CN
17,6/19/2018,4:00:00 AM,HL,CMP 577,4.509,8.14,57.5,450,0.1259,0.1517,0.1462,,LF,CN
18,6/19/2018,5:00:00 AM,HL,CMP 578,4.581,7.99,73.5,545,0.1271,0.1682,0.1609,,LF,CN
19,6/19/2018,6:00:00 AM,HL,CMP 579,4.649,8.01,84.7,525,0.1275,0.1476,0.1432,,LF,CN
20,6/19/2018,7:00:00 AM,HL,CMP 580,4.778,7.97,78.6,550,0.1296,0.1695,0.1623,,LF,CN
21,6/19/2018,8:00:00 AM,HL,CMP 581,4.873,8.01,80.1,570,0.1288,0.1736,0.1654,,LF,CN
22,6/19/2018,9:00:00 AM,HL,CMP 582,4.951,8.09,79.3,490,0.1299,0.1708,0.1606,,LF,CN
23,6/19/2018,10:00:00 AM,HL,CMP 583,4.948,8,61,590,0.1294,0.1684,0.1603,,LF,CN
24,6/19/2018,11:00:00 AM,HL,CMP 584,4.831,7.92,64.1,570,0.1298,0.1677,0.161,,LF,CN
1,6/19/2018,11:15:00 AM,PT,CMP 585,4.452,7.94,102,540,0.1312,0.18,0.1706,,LF,CN
2,6/19/2018,12:15:00 PM,PT,CMP 586,4.401,8,81.8,590,0.131,0.1761,0.1674,,LF,CN
3,6/19/2018,1:15:00 PM,PT,CMP 587,4.292,8.06,86.5,580,0.129,0.1747,0.1658,,LF,CN
4,6/19/2018,2:15:00 PM,PT,CMP 588,4.25,8.08,85.1,620,0.1294,0.178,0.1696,,LF,CN
5,6/19/2018,3:15:00 PM,PT,CMP 589,4.15,8.23,72.4,510,0.1299,0.1728,0.1645,,LF,CN
6,6/19/2018,4:15:00 PM,PT,CMP 590,4.153,8.05,93.2,600,0.1278,0.1797,0.17,,LF,CN
7,6/19/2018,5:15:00 PM,PT,CMP 591,4.444,8.03,154,510,0.1312,0.2007,0.1893,,LF,CN
8,6/19/2018,6:15:00 PM,PT,CMP 592,4.491,8.02,149,610,0.1308,0.1982,0.1877,,LF,CN
9,6/19/2018,7:15:00 PM,PT,CMP 593,4.659,8.03,174,505,0.1283,0.2016,0.1894,,LF,CN
10,6/19/2018,8:15:00 PM,PT,CMP 594,4.849,8.03,146,505,0.1292,0.192,0.1821,,LF,CN
11,6/19/2018,9:15:00 PM,PT,CMP 595,4.899,8.14,125,520,0.128,0.1856,0.176,,LF,CN
12,6/19/2018,10:15:00 PM,PT,CMP 596,4.929,8.09,119,510,0.1291,0.1864,0.1772,,LF,CN
13,6/19/2018,11:15:00 PM,PT,CMP 597,4.835,8.07,70.8,480,0.1281,0.1628,0.1565,,LF,CN
14,6/19/2018,12:15:00 AM,PT,CMP 598,4.625,8.05,76,505,0.1271,0.1662,0.1593,,LF,CN
15,6/19/2018,1:15:00 AM,PT,CMP 599,4.547,8.07,96.2,525,0.1287,0.1769,0.1681,,LF,CN
16,6/19/2018,2:15:00 AM,PT,CMP 600,4.479,8.02,81.7,465,0.1287,0.1668,0.161,,LF,CN
17,6/19/2018,3:15:00 AM,PT,CMP 601,4.512,8.17,150,350,0.1316,0.186,0.1778,,LF,CN
18,6/19/2018,4:15:00 AM,PT,CMP 602,4.487,8.01,116,780,0.1312,0.2136,0.202,,LF,CN
19,6/19/2018,5:15:00 AM,PT,CMP 603,4.56,8.05,78.7,785,0.1312,0.1878,0.1793,,LF,CN
20,6/19/2018,6:15:00 AM,PT,CMP 604,4.63,7.96,89.7,510,0.1253,0.1483,0.1445,,LF,CN
21,6/19/2018,7:15:00 AM,PT,CMP 605,4.754,7.99,95.3,770,0.1246,0.1793,0.1706,,LF,CN
22,6/19/2018,8:15:00 AM,PT,CMP 606,4.832,8.07,100,505,0.1251,0.1712,0.1648,,LF,CN
23,6/19/2018,9:15:00 AM,PT,CMP 607,4.826,7.98,102,795,0.1263,0.2022,0.1923,,LF,CN
24,6/19/2018,10:15:00 AM,PT,CMP 608,4.708,7.96,75.2,780,0.1245,0.1793,0.171,,LF,CN
1,7/10/2018,3:45:00 PM,FM,CMP 609,8.302,7.89,50,485,0.127,0.1598,0.1526,,LF,CN
2,7/10/2018,4:45:00 PM,FM,CMP 610,7.92,7.91,21.9,440,0.127,0.1533,0.1466,,LF,CN
3,7/10/2018,5:45:00 PM,FM,CMP 611,7.728,8,39.8,450,0.1253,0.1505,0.1439,,LF,CN
4,7/10/2018,6:45:00 PM,FM,CMP 612,7.671,8.05,24.5,435,0.1274,0.1684,0.1601,,LF,CN
5,7/10/2018,7:45:00 PM,FM,CMP 613,8.274,8.05,19.2,465,0.1266,0.1587,0.1519,,LF,CN
6,7/10/2018,8:45:00 PM,FM,CMP 614,8.096,8.06,46.3,425,0.1243,0.1514,0.1454,,LF,CN
7,7/10/2018,9:45:00 PM,FM,CMP 615,8.143,8.02,20.1,390,0.126,0.1579,0.1514,,LF,CN
8,7/10/2018,10:45:00 PM,FM,CMP 616,8.676,7.95,70.5,460,0.123,0.161,0.1526,,LF,CN
9,7/10/2018,11:45:00 PM,FM,CMP 617,9.965,7.99,85.2,825,0.1252,0.1706,0.1616,,LF,CN
10,7/10/2018,12:45:00 AM,FM,CMP 618,11.4,7.94,105,460,0.1263,0.1819,0.1708,,LF,CN
11,7/10/2018,1:45:00 AM,FM,CMP 619,11.37,7.94,43.1,490,0.1273,0.1603,0.1539,,LF,CN
12,7/10/2018,2:45:00 AM,FM,CMP 620,11.12,7.93,131,490,0.1241,0.1956,0.1825,,LF,CN
13,7/10/2018,3:45:00 AM,FM,CMP 621,9.009,7.91,436,475,0.1274,0.2795,0.2505,,LF,CN
14,7/10/2018,4:45:00 AM,FM,CMP 622,7.359,7.92,158,410,0.1252,0.1894,0.1764,,LF,CN
15,7/10/2018,5:45:00 AM,FM,CMP 623,8.386,7.89,75.2,440,0.1246,0.1703,0.1608,,LF,CN
16,7/10/2018,6:45:00 AM,FM,CMP 624,8.405,7.86,84.9,350,0.1267,0.1619,0.1544,,LF,CN
17,7/10/2018,7:45:00 AM,FM,CMP 625,8.482,7.83,84.6,430,0.1256,0.1585,0.1519,,LF,CN
18,7/10/2018,8:45:00 AM,FM,CMP 626,8.755,7.85,133,350,0.1251,0.1686,0.1594,,LF,CN
19,7/10/2018,9:45:00 AM,FM,CMP 627,8.766,7.86,207,430,0.1274,0.2025,0.1881,,LF,CN
20,7/10/2018,10:45:00 AM,FM,CMP 628,7.846,8.06,254,360,0.1265,0.2071,0.1929,,LF,CN
21,7/10/2018,11:45:00 AM,FM,CMP 629,7.633,8.07,129,420,0.1265,0.1832,0.173,,LF,CN
22,7/10/2018,12:45:00 PM,FM,CMP 630,8.585,7.92,238,370,0.1293,0.1808,0.17,,LF,CN
23,7/10/2018,1:45:00 PM,FM,CMP 631,8.935,7.8,260,445,0.1275,0.2325,0.2129,,LF,CN
24,7/10/2018,2:45:00 PM,FM,CMP 632,9.182,7.75,103,430,0.1244,0.1791,0.168,,LF,CN
1,7/10/2018,3:00:00 PM,SD,CMP 633,8.027,7.94,29.9,390,0.1256,0.1433,0.1391,,LF,CN
2,7/10/2018,4:00:00 PM,SD,CMP 634,8.555,8.01,72.1,400,0.1239,0.1562,0.1495,,LF,CN
3,7/10/2018,5:00:00 PM,SD,CMP 635,8.046,8.11,52.1,180,0.1271,0.1376,0.1356,,LF,CN
4,7/10/2018,6:00:00 PM,SD,CMP 636,7.987,8.11,62.1,490,0.1261,0.1449,0.1407,,LF,CN
5,7/10/2018,7:00:00 PM,SD,CMP 637,7.77,8.13,78.6,450,0.125,0.1477,0.1417,,LF,CN
6,7/10/2018,8:00:00 PM,SD,CMP 638,7.472,8.12,101,440,0.1265,0.1538,0.1488,,LF,CN
7,7/10/2018,9:00:00 PM,SD,CMP 639,8.384,8.09,119,410,0.1257,0.1756,0.1662,,LF,CN
8,7/10/2018,10:00:00 PM,SD,CMP 640,8.985,8.08,173,440,0.1254,0.1915,0.1781,,LF,CN
9,7/10/2018,11:00:00 PM,SD,CMP 641,9.702,8.04,101,410,0.1303,0.1696,0.1624,,LF,CN
10,7/10/2018,12:00:00 AM,SD,CMP 642,10.3,8.03,52.9,440,0.1272,0.1606,0.1538,,LF,CN
11,7/10/2018,1:00:00 AM,SD,CMP 643,10.71,8,42.5,480,0.1266,0.1561,0.1497,,LF,CN
12,7/10/2018,2:00:00 AM,SD,CMP 644,10.78,7.99,39.3,450,0.1281,0.1745,0.1651,,LF,CN
13,7/10/2018,3:00:00 AM,SD,CMP 645,9.485,8.02,35,380,0.1243,0.1443,0.1399,,LF,CN
14,7/10/2018,4:00:00 AM,SD,CMP 646,8.816,8.06,42.9,440,0.1264,0.1506,0.1458,,LF,CN
15,7/10/2018,5:00:00 AM,SD,CMP 647,8.139,8.07,57.8,480,0.128,0.1613,0.1545,,LF,CN
16,7/10/2018,6:00:00 AM,SD,CMP 648,7.773,8.05,58.8,450,0.1275,0.1579,0.1509,,LF,CN
17,7/10/2018,7:00:00 AM,SD,CMP 649,7.717,8.06,65.4,400,0.1254,0.1489,0.144,,LF,CN
18,7/10/2018,8:00:00 AM,SD,CMP 650,7.61,8.04,85.8,380,0.1273,0.1719,0.1625,,LF,CN
19,7/10/2018,9:00:00 AM,SD,CMP 651,7.755,8.01,111,430,0.1251,0.1729,0.1625,,LF,CN
20,7/10/2018,10:00:00 AM,SD,CMP 652,7.887,7.99,132,370,0.1255,0.1628,0.1554,,LF,CN
21,7/10/2018,11:00:00 AM,SD,CMP 653,7.576,8.04,366,360,0.1276,0.2304,0.2118,,LF,CN
22,7/10/2018,12:00:00 PM,SD,CMP 654,8.127,8.05,182,435,0.1282,0.2021,0.1879,,LF,CN
23,7/10/2018,1:00:00 PM,SD,CMP 655,8.676,8.04,198,470,0.1174,0.204,0.1882,,LF,CN
24,7/10/2018,2:00:00 PM,SD,CMP 656,9.16,8.03,123,420,0.1182,0.1835,0.1734,,LF,CN
1,7/10/2018,1:15:00 PM,HL,CMP 657,7.001,8.14,53.2,300,0.1144,0.1618,0.1546,,LF,CN
2,7/10/2018,2:15:00 PM,HL,CMP 658,7.145,8.14,59.7,440,0.1158,0.1563,0.1497,,LF,CN
3,7/10/2018,3:15:00 PM,HL,CMP 659,7.06,8.11,47.3,480,0.1182,0.1557,0.1499,,LF,CN
4,7/10/2018,4:15:00 PM,HL,CMP 660,6.896,8.16,43.7,480,0.1273,0.1558,0.1503,,LF,CN
5,7/10/2018,5:15:00 PM,HL,CMP 661,6.654,8.13,40.8,470,0.1129,0.1522,0.1464,,LF,CN
6,7/10/2018,6:15:00 PM,HL,CMP 662,6.528,7.89,44.9,500,0.1073,0.1456,0.1407,,LF,CN
7,7/10/2018,7:15:00 PM,HL,CMP 663,6.619,8,46.8,520,0.1057,0.1581,0.1518,,LF,CN
8,7/10/2018,8:15:00 PM,HL,CMP 664,6.68,8.02,60.4,440,0.1094,0.1616,0.1546,,LF,CN
9,7/10/2018,9:15:00 PM,HL,CMP 665,6.698,8.09,63.3,430,0.1179,0.164,0.1566,,LF,CN
10,7/10/2018,10:15:00 PM,HL,CMP 666,7.048,8.12,81.9,510,0.1151,0.1742,0.1651,,LF,CN
11,7/10/2018,11:15:00 PM,HL,CMP 667,7.732,8.1,85.4,490,0.0956,0.169,0.1604,,LF,CN
12,7/10/2018,12:15:00 AM,HL,CMP 668,8.167,8.07,87.5,430,0.1015,0.1651,0.1579,,LF,CN
13,7/10/2018,1:15:00 AM,HL,CMP 669,8.511,8.09,61.8,510,0.0979,0.1671,0.1596,,LF,CN
14,7/10/2018,2:15:00 AM,HL,CMP 670,8.852,8.09,53.2,460,0.0951,0.1585,0.1529,,LF,CN
15,7/10/2018,3:15:00 AM,HL,CMP 671,8.678,8.1,44.6,430,0.0906,0.1537,0.1486,,LF,CN
16,7/10/2018,4:15:00 AM,HL,CMP 672,7.991,8.11,69.5,530,0.0989,0.1715,0.1625,,LF,CN
17,7/10/2018,5:15:00 AM,HL,CMP 673,7.366,8.09,110,470,0.0961,0.1814,0.1706,,LF,CN
18,7/10/2018,6:15:00 AM,HL,CMP 674,6.88,8.05,114,490,0.1292,0.1794,0.1686,,LF,CN
19,7/10/2018,7:15:00 AM,HL,CMP 675,6.78,8.03,89.5,400,0.125,0.166,0.1568,,LF,CN
20,7/10/2018,8:15:00 AM,HL,CMP 676,6.756,8.03,70.8,600,0.1262,0.1715,0.1611,,LF,CN
21,7/10/2018,9:15:00 AM,HL,CMP 677,6.691,8.02,65.6,400,0.1275,0.1615,0.1524,,LF,CN
22,7/10/2018,10:15:00 AM,HL,CMP 678,6.803,8,55.9,450,0.1257,0.159,0.1503,,LF,CN
23,7/10/2018,11:15:00 AM,HL,CMP 679,6.799,7.98,75.4,520,0.1274,0.1718,0.1612,,LF,CN
24,7/10/2018,12:15:00 PM,HL,CMP 680,6.779,8,101,490,0.1234,0.1763,0.165,,LF,CN
1,7/10/2018,11:30:00 AM,PT,CMP 681,6.687,8.1,84,460,0.1257,0.1685,0.1581,,LF,CN
2,7/10/2018,12:30:00 PM,PT,CMP 682,6.705,8.14,146,380,0.1254,0.1785,0.168,,LF,CN
3,7/10/2018,1:30:00 PM,PT,CMP 683,6.822,8.16,186,530,0.1308,0.3583,0.1963,,LF,CN
4,7/10/2018,2:30:00 PM,PT,CMP 684,6.97,8.14,67.2,540,0.1236,0.1662,0.1574,,LF,CN
5,7/10/2018,3:30:00 PM,PT,CMP 685,6.652,8.14,49.8,420,0.1282,0.3597,0.1437,,LF,CN
6,7/10/2018,4:30:00 PM,PT,CMP 686,6.617,8.13,61.7,480,0.128,0.1636,0.1555,,LF,CN
7,7/10/2018,5:30:00 PM,PT,CMP 687,6.645,8.13,63.1,490,0.1241,0.2629,0.1531,,LF,CN
8,7/10/2018,6:30:00 PM,PT,CMP 688,6.6,8.1,61.8,475,0.1222,0.1571,0.1486,,LF,CN
9,7/10/2018,7:30:00 PM,PT,CMP 689,6.639,8.11,112,420,0.1284,0.1805,0.1697,,LF,CN
10,7/10/2018,8:30:00 PM,PT,CMP 690,6.659,8.11,68.3,530,0.1296,0.1778,0.1625,,LF,CN
11,7/10/2018,9:30:00 PM,PT,CMP 691,6.766,8.1,88.9,520,0.1273,0.2557,0.1651,,LF,CN
12,7/10/2018,10:30:00 PM,PT,CMP 692,7.282,8.12,143,405,0.1244,0.1994,0.1863,,LF,CN
13,7/10/2018,11:30:00 PM,PT,CMP 693,7.921,8.09,132,465,0.1234,0.1829,0.1723,,LF,CN
14,7/10/2018,12:30:00 AM,PT,CMP 694,8.348,8.09,81.4,435,0.1253,0.1677,0.1591,,LF,CN
15,7/10/2018,1:30:00 AM,PT,CMP 695,8.664,8.07,57.4,430,0.122,0.1545,0.1491,,LF,CN
16,7/10/2018,2:30:00 AM,PT,CMP 696,8.772,8.08,65.1,455,0.1268,0.1656,0.1586,,LF,CN
17,7/10/2018,3:30:00 AM,PT,CMP 697,8.328,8,149,420,0.1249,0.1977,0.1843,,LF,CN
18,7/10/2018,4:30:00 AM,PT,CMP 698,7.591,8.02,187,490,0.1313,0.2099,0.1954,,LF,CN
19,7/10/2018,5:30:00 AM,PT,CMP 699,7.034,8.03,220,370,0.1295,0.2086,0.194,,LF,CN
20,7/10/2018,6:30:00 AM,PT,CMP 700,6.82,8.01,145,350,0.1312,0.1858,0.1756,,LF,CN
21,7/10/2018,7:30:00 AM,PT,CMP 701,6.611,8,145,360,0.1303,0.1835,0.1728,,LF,CN
22,7/10/2018,8:30:00 AM,PT,CMP 702,6.422,7.98,121,390,0.1274,0.1786,0.1687,,LF,CN
23,7/10/2018,9:30:00 AM,PT,CMP 703,6.327,7.98,131,370,0.1261,0.1766,0.1666,,LF,CN
24,7/10/2018,10:30:00 AM,PT,CMP 704,6.243,7.97,141,410,0.1244,0.1881,0.1759,,LF,CN
1,7/17/2018,8:15:00 AM,FM,CMP 705,9.672,7.66,49.7,580,0.1249,0.16,0.1517,,LF,CN
2,7/17/2018,9:15:00 AM,FM,CMP 706,9.726,7.8,56.9,545,0.125,0.1619,0.1523,,LF,CN
3,7/17/2018,10:15:00 AM,FM,CMP 707,9.653,7.82,60.9,440,0.1233,0.1542,0.1478,,LF,CN
4,7/17/2018,11:15:00 AM,FM,CMP 708,9.402,7.86,84.3,460,0.1264,0.1635,0.1558,,LF,CN
5,7/17/2018,12:15:00 PM,FM,CMP 709,9.447,7.88,85.6,445,0.1281,0.1722,0.1627,,LF,CN
6,7/17/2018,1:15:00 PM,FM,CMP 710,9.541,7.97,93.5,500,0.1271,0.1771,0.1666,,LF,CN
7,7/17/2018,2:15:00 PM,FM,CMP 711,9.586,7.94,103,500,0.1272,0.1793,0.1684,,LF,CN
8,7/17/2018,3:15:00 PM,FM,CMP 712,9.013,7.99,139,475,0.1263,0.1889,0.1763,,LF,CN
9,7/17/2018,4:15:00 PM,FM,CMP 713,9.152,7.93,193,460,0.1271,0.2078,0.1927,,LF,CN
10,7/17/2018,5:15:00 PM,FM,CMP 714,9.633,7.88,199,525,0.126,0.2198,0.2029,,LF,CN
11,7/17/2018,6:15:00 PM,FM,CMP 715,10.05,7.82,129,430,0.1272,0.1895,0.1786,,LF,CN
12,7/17/2018,7:15:00 PM,FM,CMP 716,10.01,7.81,64.3,440,0.1264,0.1625,0.1555,,LF,CN
13,7/17/2018,8:15:00 PM,FM,CMP 717,10.04,7.85,63.7,515,0.1261,0.1663,0.1589,,LF,CN
14,7/17/2018,9:15:00 PM,FM,CMP 718,10.08,7.83,42.2,455,0.1274,0.1525,0.1474,,LF,CN
15,7/17/2018,10:15:00 PM,FM,CMP 719,9.762,7.84,38.4,535,0.1276,0.1546,0.1492,,LF,CN
16,7/17/2018,11:15:00 PM,FM,CMP 720,9.255,7.94,54.8,500,0.1256,0.1599,0.1531,,LF,CN
17,7/17/2018,12:15:00 AM,FM,CMP 721,8.847,7.99,43.2,495,0.1292,0.1565,0.1509,,LF,CN
18,7/17/2018,1:15:00 AM,FM,CMP 722,8.99,8.07,6.66,520,0.1281,0.1688,0.1605,,LF,CN
19,7/17/2018,2:15:00 AM,FM,CMP 723,9.154,7.98,83.2,470,0.1291,0.1744,0.1658,,LF,CN
20,7/17/2018,3:15:00 AM,FM,CMP 724,9.707,7.93,46.6,510,0.1247,0.1546,0.1486,,LF,CN
21,7/17/2018,4:15:00 AM,FM,CMP 725,9.76,8,62.6,510,0.1269,0.1665,0.1597,,LF,CN
22,7/17/2018,5:15:00 AM,FM,CMP 726,9.396,7.99,58.3,450,0.1311,0.1598,0.1535,,LF,CN
23,7/17/2018,6:15:00 AM,FM,CMP 727,9.326,8.02,59.6,555,0.1229,0.1617,0.1539,,JS,CN
24,7/17/2018,7:15:00 AM,FM,CMP 728,9.619,7.91,63.6,425,0.1217,0.1567,0.1504,,JS,CN
1,7/17/2018,8:45:00 AM,SD,CMP 729,9.658,7.9,58.8,405,0.1253,0.1602,0.1529,,JS,CN
2,7/17/2018,9:45:00 AM,SD,CMP 730,8.993,8.02,74.7,445,0.1252,0.165,0.1577,,JS,CN
3,7/17/2018,10:45:00 AM,SD,CMP 731,8.817,8.04,79.6,470,0.1252,0.167,0.1587,,JS,CN
4,7/17/2018,11:45:00 AM,SD,CMP 732,8.386,8.07,89,460,0.1303,0.1579,0.1531,,JS,CN
5,7/17/2018,12:45:00 PM,SD,CMP 733,8.447,8.06,126,480,0.1249,0.1838,0.1723,,JS,CN
6,7/17/2018,1:45:00 PM,SD,CMP 734,8.398,8.01,98.7,500,0.1279,0.1808,0.1698,,JS,CN
7,7/17/2018,2:45:00 PM,SD,CMP 735,8.185,7.97,87.5,445,0.1284,0.1711,0.1627,,JS,CN
8,7/17/2018,3:45:00 PM,SD,CMP 736,8.935,8.03,187,480,0.1289,0.2119,0.1968,,JS,CN
9,7/17/2018,4:45:00 PM,SD,CMP 737,9.508,8.02,202,415,0.1287,0.2027,0.1889,,JS,CN
10,7/17/2018,5:45:00 PM,SD,CMP 738,10.08,7.97,211,430,0.1305,0.2086,0.1948,,JS,CN
11,7/17/2018,6:45:00 PM,SD,CMP 739,10.65,7.99,137,400,0.1251,0.1828,0.1724,,JS,CN
12,7/17/2018,7:45:00 PM,SD,CMP 740,10.63,7.91,70,620,0.124,0.1721,0.1628,,JS,CN
13,7/17/2018,8:45:00 PM,SD,CMP 741,11,7.96,48.7,550,0.1272,0.1626,0.1556,,JS,CN
14,7/17/2018,9:45:00 PM,SD,CMP 742,10.13,8.02,46.5,770,0.1247,0.1605,0.1529,,JS,CN
15,7/17/2018,10:45:00 PM,SD,CMP 743,9.674,8.03,48,390,0.1261,0.1496,0.145,,JS,CN
16,7/17/2018,11:45:00 PM,SD,CMP 744,9.068,8.08,49.8,530,0.1259,0.1579,0.1508,,JS,CN
17,7/17/2018,12:45:00 AM,SD,CMP 745,8.815,8.04,48.5,470,0.127,0.1561,0.1494,,JS,CN
18,7/17/2018,1:45:00 AM,SD,CMP 746,8.725,8.1,57.9,480,0.1263,0.1578,0.1513,,JS,CN
19,7/17/2018,2:45:00 AM,SD,CMP 747,9.507,8,40.8,540,0.1278,0.1559,0.1503,,JS,CN
20,7/17/2018,3:45:00 AM,SD,CMP 748,9.284,8.05,52.5,490,0.1277,0.1593,0.1535,,JS,CN
21,7/17/2018,4:45:00 AM,SD,CMP 749,9.798,7.98,82.3,490,0.1287,0.1666,0.1595,,JS,CN
22,7/17/2018,5:45:00 AM,SD,CMP 750,10.24,7.97,83.9,520,0.1293,0.1761,0.168,,JS,CN
23,7/17/2018,6:45:00 AM,SD,CMP 751,10.66,7.98,71.9,500,0.1288,0.1717,0.1639,,JS,CN
24,7/17/2018,7:45:00 AM,SD,CMP 752,10.82,7.96,71.1,470,0.1302,0.1777,0.1692,,JS,CN
1,7/17/2018,9:30:00 AM,HL,CMP 753,8.603,7.75,62.5,490,0.1275,0.1705,0.1607,,JS,CN
2,7/17/2018,10:30:00 AM,HL,CMP 754,8.375,7.91,82.6,420,0.1276,0.1628,0.1556,,JS,CN
3,7/17/2018,11:30:00 AM,HL,CMP 755,8.137,7.98,58.3,500,0.1277,0.1581,0.1517,,JS,CN
4,7/17/2018,12:30:00 PM,HL,CMP 756,8.2,7.95,44.6,440,0.1274,0.1574,0.1506,,JS,CN
5,7/17/2018,1:30:00 PM,HL,CMP 757,8.112,8.06,40.2,370,0.1261,0.1467,0.1432,,JS,CN
6,7/17/2018,2:30:00 PM,HL,CMP 758,8.115,7.98,38.6,460,0.1287,0.1536,0.1489,,JS,CN
7,7/17/2018,3:30:00 PM,HL,CMP 759,8.079,7.98,78.6,560,0.1265,0.1712,0.1625,,JS,CN
8,7/17/2018,4:30:00 PM,HL,CMP 760,7.95,8,118,470,0.1267,0.1838,0.1732,,JS,CN
9,7/17/2018,5:30:00 PM,HL,CMP 761,8.17,7.96,124,450,0.1268,0.1848,0.1744,,JS,CN
10,7/17/2018,6:30:00 PM,HL,CMP 762,8.87,7.98,114,390,0.1261,0.1751,0.1665,,JS,CN
11,7/17/2018,7:30:00 PM,HL,CMP 763,8.975,7.98,86.7,480,0.1268,0.1726,0.1648,,JS,CN
12,7/17/2018,8:30:00 PM,HL,CMP 764,9.086,7.92,48.2,400,0.1247,0.1494,0.145,,JS,CN
13,7/17/2018,9:30:00 PM,HL,CMP 765,8.974,8.01,47.8,460,0.1266,0.1578,0.1525,,JS,CN
14,7/17/2018,10:30:00 PM,HL,CMP 766,8.758,8.02,54.1,350,0.1259,0.1502,0.1461,,JS,CN
15,7/17/2018,11:30:00 PM,HL,CMP 767,8.422,7.99,75.8,520,0.131,0.1687,0.1617,,JS,CN
16,7/17/2018,12:30:00 AM,HL,CMP 768,8.107,7.98,66.4,400,0.1251,0.1579,0.1521,,JS,CN
17,7/17/2018,1:30:00 AM,HL,CMP 769,8.308,7.95,47,390,0.1243,0.1488,0.1452,,JS,CN
18,7/17/2018,2:30:00 AM,HL,CMP 770,8.137,7.98,37.4,340,0.1247,0.1427,0.1396,,JS,CN
19,7/17/2018,3:30:00 AM,HL,CMP 771,8.379,7.94,48.4,460,0.1266,0.1524,0.1478,,JS,CN
20,7/17/2018,4:30:00 AM,HL,CMP 772,8.313,7.96,67.2,490,0.1269,0.1649,0.1584,,JS,CN
21,7/17/2018,5:30:00 AM,HL,CMP 773,8.502,8.01,64.1,360,0.1286,0.1566,0.1516,,JS,CN
22,7/17/2018,6:30:00 AM,HL,CMP 774,8.772,8.04,64.8,420,0.1261,0.1603,0.1537,,JS,CN
23,7/17/2018,7:30:00 AM,HL,CMP 775,8.943,8.05,53.1,440,0.1294,0.1608,0.1553,,JS,CN
24,7/17/2018,8:30:00 AM,HL,CMP 776,8.893,7.99,45.4,430,0.1264,0.1524,0.1476,,JS,CN
1,7/17/2018,10:15:00 AM,PT,CMP 777,8.239,7.98,101,440,0.1262,0.1781,0.1671,,JS,CN
2,7/17/2018,11:15:00 AM,PT,CMP 778,8.128,8.05,69.1,390,0.1269,0.1612,0.1522,,JS,CN
3,7/17/2018,12:15:00 PM,PT,CMP 779,7.912,8.07,64,500,0.1258,0.1606,0.1531,,JS,CN
4,7/17/2018,1:15:00 PM,PT,CMP 780,7.754,8.11,56.9,370,0.1278,0.1571,0.149,,JS,CN
5,7/17/2018,2:15:00 PM,PT,CMP 781,7.512,8.11,61.4,430,0.1307,0.1637,0.1564,,JS,CN
6,7/17/2018,3:15:00 PM,PT,CMP 782,7.592,8.09,123,360,0.1288,0.174,0.1643,,JS,CN
7,7/17/2018,4:15:00 PM,PT,CMP 783,8.336,8.04,108,470,0.1298,0.1886,0.1759,,JS,CN
8,7/17/2018,5:15:00 PM,PT,CMP 784,8.396,8.03,153,490,0.1292,0.1983,0.1838,,JS,CN
9,7/17/2018,6:15:00 PM,PT,CMP 785,8.617,8.04,130,490,0.1292,0.2113,0.1811,,JS,CN
10,7/17/2018,7:15:00 PM,PT,CMP 786,8.782,8.04,83.7,420,0.1282,0.4572,0.1586,,JS,CN
11,7/17/2018,8:15:00 PM,PT,CMP 787,8.913,8.09,65,380,0.1278,0.2674,0.1537,,JS,CN
12,7/17/2018,9:15:00 PM,PT,CMP 788,8.81,8.05,54.8,360,0.1289,0.2416,0.1502,,JS,CN
13,7/17/2018,10:15:00 PM,PT,CMP 789,8.623,8.1,55.8,400,0.1271,0.3628,0.1499,,JS,CN
14,7/17/2018,11:15:00 PM,PT,CMP 790,8.388,7.99,77.6,450,0.1277,0.394,0.1619,,JS,CN
15,7/17/2018,12:15:00 AM,PT,CMP 791,8.431,7.99,67.1,450,0.1293,0.3165,0.1577,,JS,CN
16,7/17/2018,1:15:00 AM,PT,CMP 792,8.267,7.98,53.7,420,0.1364,0.2012,0.1527,,JS,CN
17,7/17/2018,2:15:00 AM,PT,CMP 793,8.228,8.04,50.8,390,0.1295,0.4228,0.1499,,JS,CN
18,7/17/2018,3:15:00 AM,PT,CMP 794,8.303,8.03,45.4,410,0.1301,0.3839,0.1494,,JS,CN
19,7/17/2018,4:15:00 AM,PT,CMP 795,8.377,8.01,42.8,370,0.1311,0.3972,0.1481,,JS,CN
20,7/17/2018,5:15:00 AM,PT,CMP 796,8.566,8.02,67.7,440,0.1295,0.3976,0.1587,,JS,CN
21,7/17/2018,6:15:00 AM,PT,CMP 797,8.62,8.07,86.7,430,0.1289,0.3996,0.1589,,JS,CN
22,7/17/2018,7:15:00 AM,PT,CMP 798,8.764,8.12,57.7,520,0.1309,0.1664,0.1598,,JS,CN
23,7/17/2018,8:15:00 AM,PT,CMP 799,8.847,8.02,50.3,350,0.1267,0.1499,0.1456,,JS,CN
24,7/17/2018,9:15:00 AM,PT,CMP 800,8.648,8,54.7,440,0.1299,0.1614,0.1549,,JS,CN
1,8/14/2018,8:43:00 AM,FM,CMP 801,9.126,7.75,40.2,350,0.1299,0.1523,0.1466,,JS,CN
2,8/14/2018,9:43:00 AM,FM,CMP 802,9.538,7.78,51.4,390,0.1287,0.1554,0.1498,,JS,CN
3,8/14/2018,10:43:00 AM,FM,CMP 803,9.786,7.79,47.2,400,0.1299,0.1578,0.1518,,JS,CN
4,8/14/2018,11:43:00 AM,FM,CMP 804,9.936,7.82,64.8,510,0.1282,0.1645,0.1571,,JS,CN
5,8/14/2018,12:43:00 PM,FM,CMP 805,10.13,7.83,118,380,0.1298,0.1753,0.1671,,JS,CN
6,8/14/2018,1:43:00 PM,FM,CMP 806,9.628,7.92,120,440,0.129,0.1943,0.1831,,JS,CN
7,8/14/2018,2:43:00 PM,FM,CMP 807,9.602,7.92,67.3,400,0.1242,0.1582,0.1505,,JS,CN
8,8/14/2018,3:43:00 PM,FM,CMP 808,9.026,7.87,253,380,0.1244,0.2068,0.1931,,JS,CN
9,8/14/2018,4:43:00 PM,FM,CMP 809,6.931,7.83,137,400,0.1293,0.1846,0.1752,,JS,CN
10,8/14/2018,5:43:00 PM,FM,CMP 810,6.62,7.81,81.9,450,0.1305,0.1711,0.1637,,JS,CN
11,8/14/2018,6:43:00 PM,FM,CMP 811,6.794,7.77,54.2,370,0.1335,0.1539,0.1497,,JS,CN
12,8/14/2018,7:43:00 PM,FM,CMP 812,7.844,7.79,54.8,410,0.1291,0.1528,0.1446,,JS,CN
13,8/14/2018,8:43:00 PM,FM,CMP 813,8.513,7.81,47.8,400,0.1288,0.1516,0.1468,,JS,CN
14,8/14/2018,9:43:00 PM,FM,CMP 814,9.441,7.87,40.7,370,0.1271,0.1477,0.1434,,JS,CN
15,8/14/2018,10:43:00 PM,FM,CMP 815,9.527,7.96,36.2,380,0.1296,0.1468,0.1429,,JS,CN
16,8/14/2018,11:43:00 PM,FM,CMP 816,9.48,7.98,68.4,370,0.1281,0.1536,0.1484,,JS,CN
17,8/14/2018,12:43:00 AM,FM,CMP 817,9.422,7.94,52.3,370,0.1292,0.1497,0.1457,,JS,CN
18,8/14/2018,1:43:00 AM,FM,CMP 818,8.823,7.9,63.3,380,0.1297,0.1533,0.1487,,JS,CN
19,8/14/2018,2:43:00 AM,FM,CMP 819,9.227,7.92,49.7,410,0.1277,0.1538,0.1485,,JS,CN
20,8/14/2018,3:43:00 AM,FM,CMP 820,9.216,7.91,48.8,430,0.1302,0.1561,0.1505,,JS,CN
21,8/14/2018,4:43:00 AM,FM,CMP 821,7.685,7.9,58.3,430,0.1298,0.1588,0.1532,,JS,CN
22,8/14/2018,5:43:00 AM,FM,CMP 822,8.822,7.8,43.3,450,0.1276,0.1523,0.1471,,JS,CN
23,8/14/2018,6:43:00 AM,FM,CMP 823,8.888,7.82,35.3,370,0.1271,0.1456,0.1418,,JS,CN
24,8/14/2018,7:43:00 AM,FM,CMP 824,8.964,7.84,36.9,350,0.1281,0.1442,0.1408,,JS,CN
1,8/14/2018,9:19:00 AM,SD,CMP 825,9.779,7.78,54.1,400,0.1278,0.1514,0.1459,,JS,CN
2,8/14/2018,10:19:00 AM,SD,CMP 826,10.21,7.8,59.1,330,0.1287,0.1571,0.1496,,JS,CN
3,8/14/2018,11:19:00 AM,SD,CMP 827,10.24,7.87,53.8,380,0.1295,0.1563,0.1486,,JS,CN
4,8/14/2018,12:19:00 PM,SD,CMP 828,10.4,7.83,42.1,390,0.1289,0.153,0.1448,,JS,CN
5,8/14/2018,1:19:00 PM,SD,CMP 829,10.52,7.79,53.1,400,0.126,0.1566,0.1467,,JS,CN
6,8/14/2018,2:19:00 PM,SD,CMP 830,9.706,8.05,57.5,380,0.1271,0.1584,0.1523,,JS,CN
7,8/14/2018,3:19:00 PM,SD,CMP 831,9.523,8.02,101,340,0.1306,0.1764,0.1682,,JS,CN
8,8/14/2018,4:19:00 PM,SD,CMP 832,9.004,8.02,91.5,430,0.1278,0.1737,0.1657,,JS,CN
9,8/14/2018,5:19:00 PM,SD,CMP 833,8.733,8,94.9,490,0.1274,0.1718,0.1639,,JS,CN
10,8/14/2018,6:19:00 PM,SD,CMP 834,8.824,7.97,79.2,430,0.1288,0.1681,0.1612,,JS,CN
11,8/14/2018,7:19:00 PM,SD,CMP 835,8.853,7.94,79.8,440,0.1307,0.172,0.1645,,JS,CN
12,8/14/2018,8:19:00 PM,SD,CMP 836,8.874,7.99,42.4,380,0.1288,0.1514,0.147,,JS,CN
13,8/14/2018,9:19:00 PM,SD,CMP 837,9.442,7.99,38.1,450,0.1276,0.1476,0.1434,,JS,CN
14,8/14/2018,10:19:00 PM,SD,CMP 838,9.797,7.98,38.9,440,0.1284,0.1453,0.1415,,JS,CN
15,8/14/2018,11:19:00 PM,SD,CMP 839,10.04,7.89,36.2,420,0.1274,0.146,0.1412,,JS,CN
16,8/14/2018,12:19:00 AM,SD,CMP 840,10.02,7.92,48.4,400,0.1277,0.1546,0.1472,,JS,CN
17,8/14/2018,1:19:00 AM,SD,CMP 841,10.07,7.85,47.4,430,0.1272,0.1399,0.1365,,JS,CN
18,8/14/2018,2:19:00 AM,SD,CMP 842,9.601,7.99,35.3,390,0.1274,0.1461,0.1421,,JS,CN
19,8/14/2018,3:19:00 AM,SD,CMP 843,9.183,8.01,51.5,440,0.1303,0.1589,0.1532,,JS,CN
20,8/14/2018,4:19:00 AM,SD,CMP 844,8.867,8,60.5,410,0.1269,0.1558,0.1506,,JS,CN
21,8/14/2018,5:19:00 AM,SD,CMP 845,8.633,7.97,72.8,380,0.1268,0.1577,0.1523,,JS,CN
22,8/14/2018,6:19:00 AM,SD,CMP 846,8.826,7.91,70.6,360,0.1262,0.1586,0.1532,,JS,CN
23,8/14/2018,7:19:00 AM,SD,CMP 847,8.835,7.87,58.5,530,0.1299,0.1662,0.1598,,JS,CN
24,8/14/2018,8:19:00 AM,SD,CMP 848,9.088,7.91,45.9,400,0.1306,0.154,0.1491,,JS,CN
1,8/15/2018,11:00:00 AM,HL,CMP 849,10.13,8.06,29.8,510,0.1282,0.1535,0.1483,,JS,CN
2,8/15/2018,12:00:00 PM,HL,CMP 850,10.22,8.05,33.2,390,0.1309,0.1537,0.149,,JS,CN
3,8/15/2018,1:00:00 PM,HL,CMP 851,10.33,8.11,30.7,400,0.1297,0.148,0.1438,,JS,CN
4,8/15/2018,2:00:00 PM,HL,CMP 852,10.42,8.1,25.5,400,0.1293,0.1398,0.1376,,JS,CN
5,8/15/2018,3:00:00 PM,HL,CMP 853,10.19,8.11,44.2,360,0.1285,0.1552,0.1496,,JS,CN
6,8/15/2018,4:00:00 PM,HL,CMP 854,9.668,8.09,82.3,410,0.1296,0.1709,0.1632,,JS,CN
7,8/15/2018,5:00:00 PM,HL,CMP 855,9.725,8.08,68.6,370,0.1286,0.1518,0.1471,,JS,CN
8,8/15/2018,6:00:00 PM,HL,CMP 856,9.676,8.02,61.2,350,0.1283,0.1567,0.1512,,JS,CN
9,8/15/2018,7:00:00 PM,HL,CMP 857,9.542,8.07,57.7,330,0.1244,0.1481,0.14,,JS,CN
10,8/15/2018,8:00:00 PM,HL,CMP 858,9.534,8.07,45.1,420,0.1298,0.1506,0.1468,,JS,CN
11,8/15/2018,9:00:00 PM,HL,CMP 859,9.617,8.07,41.7,390,0.1268,0.1485,0.1444,,JS,CN
12,8/15/2018,10:00:00 PM,HL,CMP 860,9.644,8.08,45.3,370,0.128,0.1513,0.1469,,JS,CN
13,8/15/2018,11:00:00 PM,HL,CMP 861,9.689,8.11,48.7,360,0.1288,0.153,0.1483,,JS,CN
14,8/15/2018,12:00:00 AM,HL,CMP 862,9.853,8.13,40.3,440,0.1282,0.1453,0.1419,,JS,CN
15,8/15/2018,1:00:00 AM,HL,CMP 863,10.08,8.07,26.5,380,0.1287,0.1448,0.1413,,JS,CN
16,8/15/2018,2:00:00 AM,HL,CMP 864,10.09,8.17,28.1,470,0.1248,0.1445,0.1408,,JS,CN
17,8/15/2018,3:00:00 AM,HL,CMP 865,10.14,8.07,28.2,480,0.1284,0.1492,0.145,,JS,CN
18,8/15/2018,4:00:00 AM,HL,CMP 866,9.772,8.09,49.2,420,0.1273,0.1572,0.1515,,JS,CN
19,8/15/2018,5:00:00 AM,HL,CMP 867,9.582,8.06,55.1,510,0.1262,0.1642,0.1567,,JS,CN
20,8/15/2018,6:00:00 AM,HL,CMP 868,9.613,8.04,58.4,440,0.1278,0.1483,0.1446,,JS,CN
21,8/15/2018,7:00:00 AM,HL,CMP 869,9.589,8.07,51.8,430,0.1297,0.1589,0.1534,,JS,CN
22,8/15/2018,8:00:00 AM,HL,CMP 870,9.54,8.03,37.1,420,0.1299,0.1518,0.1479,,JS,CN
23,8/15/2018,9:00:00 AM,HL,CMP 871,9.593,8.01,35.1,450,0.1308,0.1527,0.1485,,JS,CN
24,8/15/2018,10:00:00 AM,HL,CMP 872,9.591,8.07,40.8,360,0.1304,0.1503,0.1466,,JS,CN
1,8/14/2018,9:19:00 AM,PT,CMP 873,9.937,7.96,88.5,490,0.1279,0.1799,0.1703,,JS,CN
2,8/14/2018,10:19:00 AM,PT,CMP 874,9.942,8.07,124,440,0.1295,0.1924,0.181,,JS,CN
3,8/14/2018,11:19:00 AM,PT,CMP 875,9.866,8.09,172,370,0.1301,0.2,0.1873,,JS,CN
4,8/14/2018,12:19:00 PM,PT,CMP 876,9.796,8.05,214,430,0.1281,0.2211,0.2052,,JS,CN
5,8/14/2018,1:19:00 PM,PT,CMP 877,9.919,8.1,292,360,0.1279,0.2287,0.2118,,JS,CN
6,8/14/2018,2:19:00 PM,PT,CMP 878,9.928,8.08,334,480,0.1301,0.2674,0.2475,,JS,CN
7,8/14/2018,3:19:00 PM,PT,CMP 879,9.755,8.05,448,410,0.1231,0.2709,0.2448,,JS,CN
8,8/14/2018,4:19:00 PM,PT,CMP 880,9.75,8.03,259,370,0.1297,0.2158,0.1953,,JS,CN
9,8/14/2018,5:19:00 PM,PT,CMP 881,9.691,8.07,203,400,0.1311,0.2083,0.2018,,JS,CN
10,8/14/2018,6:19:00 PM,PT,CMP 882,9.661,7.99,139,370,0.1254,0.186,0.1757,,JS,CN
11,8/14/2018,7:19:00 PM,PT,CMP 883,9.662,8.01,269,390,0.1254,0.2023,0.1893,,JS,CN
12,8/14/2018,8:19:00 PM,PT,CMP 884,9.741,8.03,155,320,0.1248,0.1781,0.1691,,JS,CN
13,8/14/2018,9:19:00 PM,PT,CMP 885,9.836,8.08,216,390,0.1282,0.207,0.1939,,JS,CN
14,8/14/2018,10:19:00 PM,PT,CMP 886,9.897,8.06,185,330,0.1316,0.1894,0.1789,,JS,CN
15,8/14/2018,11:19:00 PM,PT,CMP 887,9.931,8.05,129,370,0.1272,0.179,0.1695,,JS,CN
16,8/14/2018,12:19:00 AM,PT,CMP 888,9.968,8.15,208,440,0.1248,0.1695,0.1614,,JS,CN
17,8/14/2018,1:19:00 AM,PT,CMP 889,9.942,8.11,150,320,0.1249,0.1791,0.1696,,JS,CN
18,8/14/2018,2:19:00 AM,PT,CMP 890,9.79,8.09,101,335,0.1251,0.1697,0.1615,,JS,CN
19,8/14/2018,3:19:00 AM,PT,CMP 891,9.668,8.07,190,310,0.124,0.21,0.1953,,JS,CN
20,8/14/2018,4:19:00 AM,PT,CMP 892,9.59,8.02,160,370,0.1286,0.1908,0.1795,,JS,CN
21,8/14/2018,5:19:00 AM,PT,CMP 893,9.562,8.04,162,320,0.1268,0.1833,0.1734,,JS,CN
22,8/14/2018,6:19:00 AM,PT,CMP 894,9.679,8.03,196,400,0.1293,0.2093,0.194,,JS,CN
23,8/14/2018,7:19:00 AM,PT,CMP 895,9.588,8.03,114,330,0.1277,0.1737,0.1648,,JS,CN
24,8/14/2018,8:19:00 AM,PT,CMP 896,9.753,8.01,137,360,0.1289,0.1936,0.1809,,JS,CN
1,8/21/2018,11:19:00 AM,FM,CMP 897,7.54,7.78,30.1,370,0.1263,0.1452,0.1416,,JS,CN
2,8/21/2018,12:19:00 PM,FM,CMP 898,7.596,7.64,230,540,0.1286,0.2307,0.2189,,JS,CN
3,8/21/2018,1:19:00 PM,FM,CMP 899,8.132,7.36,267,430,0.128,0.2355,0.2219,,JS,CN
4,8/21/2018,2:19:00 PM,FM,CMP 900,8.117,7.61,616,350,0.1272,0.3277,0.3048,,JS,CN
5,8/21/2018,3:19:00 PM,FM,CMP 901,8.389,7.55,266,370,0.1272,0.2446,0.2302,,JS,CN
6,8/21/2018,4:19:00 PM,FM,CMP 902,8.799,7.53,684,350,0.1272,0.3497,0.3239,,JS,CN
7,8/21/2018,5:19:00 PM,FM,CMP 903,9.038,7.74,457,410,0.1288,0.2766,0.2592,,JS,CN
8,8/21/2018,6:19:00 PM,FM,CMP 904,8.881,7.82,311,430,0.129,0.248,0.2357,,JS,CN
9,8/21/2018,7:19:00 PM,FM,CMP 905,7.812,7.77,213,380,0.1287,0.2108,0.2005,,JS,CN
10,8/21/2018,8:19:00 PM,FM,CMP 906,8.058,7.81,165,420,0.1253,0.1924,0.1844,,JS,CN
11,8/21/2018,9:19:00 PM,FM,CMP 907,7.529,7.68,84.6,400,0.1251,0.1723,0.1664,,JS,CN
12,8/21/2018,10:19:00 PM,FM,CMP 908,7.383,7.42,184,430,0.1285,0.213,0.203,,JS,CN
13,8/21/2018,11:19:00 PM,FM,CMP 909,7.829,7.96,159,410,0.1304,0.1997,0.1914,,JS,CN
14,8/21/2018,12:19:00 AM,FM,CMP 910,8.467,7.68,187,300,0.1285,0.1773,0.1717,,JS,CN
15,8/21/2018,1:19:00 AM,FM,CMP 911,6.953,7.78,241,430,0.1288,0.2468,0.232,,JS,CN
16,8/21/2018,2:19:00 AM,FM,CMP 912,7.458,7.75,230,400,0.1274,0.2416,0.2268,,JS,CN
17,8/21/2018,3:19:00 AM,FM,CMP 913,7.911,7.87,140,510,0.1301,0.2204,0.2092,,JS,CN
18,8/21/2018,4:19:00 AM,FM,CMP 914,8.301,7.88,109,490,0.1273,0.2024,0.193,,JS,CN
19,8/21/2018,5:19:00 AM,FM,CMP 915,8.703,7.94,125,550,0.1274,0.2157,0.2048,,JS,CN
20,8/21/2018,6:19:00 AM,FM,CMP 916,8.969,7.94,80.1,530,0.1291,0.1929,0.1847,,JS,CN
21,8/21/2018,7:19:00 AM,FM,CMP 917,9.088,8,98.1,460,0.1272,0.1822,0.1749,,JS,CN
22,8/21/2018,8:19:00 AM,FM,CMP 918,9.22,7.92,99,510,0.1277,0.1901,0.1815,,JS,CN
23,8/21/2018,9:19:00 AM,FM,CMP 919,8.768,7.87,563,410,0.1269,0.3153,0.2925,,JS,CN
24,8/21/2018,10:19:00 AM,FM,CMP 920,9.003,7.88,117,505,0.1279,0.2204,0.2081,,JS,CN
1,8/21/2018,12:05:00 PM,SD,CMP 921,8.474,8.01,30.6,540,0.1262,0.1496,0.1456,,JS,CN
2,8/21/2018,1:05:00 PM,SD,CMP 922,8.639,7.91,33.1,530,0.1284,0.1566,0.1517,,JS,CN
3,8/21/2018,2:05:00 PM,SD,CMP 923,8.707,7.98,53.3,500,0.1254,0.1614,0.1558,,JS,CN
4,8/21/2018,3:05:00 PM,SD,CMP 924,8.839,7.91,47.6,550,0.1304,0.1646,0.1593,,JS,CN
5,8/21/2018,4:05:00 PM,SD,CMP 925,8.999,8.05,44.6,540,0.1288,0.1601,0.1547,,JS,CN
6,8/21/2018,5:05:00 PM,SD,CMP 926,9.088,8,58.1,510,0.1287,0.1643,0.1584,,JS,CN
7,8/21/2018,6:05:00 PM,SD,CMP 927,9.171,8.05,62.9,470,0.1295,0.1658,0.16,,JS,CN
8,8/21/2018,7:05:00 PM,SD,CMP 928,9.071,7.98,39.3,540,0.1273,0.1477,0.1443,,JS,CN
9,8/21/2018,8:05:00 PM,SD,CMP 929,8.882,8.05,21.7,480,0.1274,0.1434,0.1405,,JS,CN
10,8/21/2018,9:05:00 PM,SD,CMP 930,8.557,8.06,19.7,540,0.1278,0.1449,0.1419,,JS,CN
11,8/21/2018,10:05:00 PM,SD,CMP 931,8.398,8.01,25.8,520,0.1292,0.1485,0.1453,,JS,CN
12,8/21/2018,11:05:00 PM,SD,CMP 932,8.323,8.03,42.2,530,0.1258,0.1607,0.1557,,JS,CN
13,8/21/2018,12:05:00 AM,SD,CMP 933,8.381,8.02,29.3,530,0.1313,0.1549,0.1507,,JS,CN
14,8/21/2018,1:05:00 AM,SD,CMP 934,8.356,7.94,25.5,390,0.1268,0.1406,0.1382,,JS,CN
15,8/21/2018,2:05:00 AM,SD,CMP 935,8.399,8.04,24.4,340,0.1314,0.1429,0.1408,,JS,CN
16,8/21/2018,3:05:00 AM,SD,CMP 936,8.721,8.05,31.3,340,0.1281,0.1467,0.1433,,JS,CN
17,8/21/2018,4:05:00 AM,SD,CMP 937,8.87,8,58.1,370,0.1268,0.157,0.1527,,JS,CN
18,8/21/2018,5:05:00 AM,SD,CMP 938,9.293,7.93,54.4,350,0.1293,0.1447,0.1416,,JS,CN
19,8/21/2018,6:05:00 AM,SD,CMP 939,9.529,7.8,62,370,0.1301,0.1546,0.1498,,JS,CN
20,8/21/2018,7:05:00 AM,SD,CMP 940,9.399,7.95,60.3,380,0.1265,0.1555,0.1498,,JS,CN
21,8/21/2018,8:05:00 AM,SD,CMP 941,9.811,7.82,43,370,0.13,0.152,0.1469,,JS,CN
22,8/21/2018,9:05:00 AM,SD,CMP 942,9.684,7.77,52.9,370,0.128,0.155,0.1507,,JS,CN
23,8/21/2018,10:05:00 AM,SD,CMP 943,9.206,8.09,160,370,0.1282,0.1872,0.1812,,JS,CN
24,8/21/2018,11:05:00 AM,SD,CMP 944,8.937,8.03,62.6,380,0.1297,0.1604,0.1577,,JS,CN
1,8/21/2018,1:05:00 PM,HL,CMP 945,9.228,8.1,22.8,390,0.1294,0.1422,0.1402,,JS,CN
2,8/21/2018,2:05:00 PM,HL,CMP 946,9.257,8.15,21.3,400,0.1301,0.1418,0.1407,,JS,CN
3,8/21/2018,3:05:00 PM,HL,CMP 947,9.154,8.18,16.9,370,0.128,0.1374,0.1355,,JS,CN
4,8/21/2018,4:05:00 PM,HL,CMP 948,9.189,8.14,21.1,370,0.1294,0.1428,0.1396,,JS,CN
5,8/21/2018,5:05:00 PM,HL,CMP 949,9.428,8.24,26.1,370,0.1264,0.1413,0.1385,,JS,CN
6,8/21/2018,6:05:00 PM,HL,CMP 950,9.33,8.21,19.6,410,0.1306,0.1445,0.1418,,JS,CN
7,8/21/2018,7:05:00 PM,HL,CMP 951,9.212,8.2,21.1,410,0.1309,0.1441,0.1417,,JS,CN
8,8/21/2018,8:05:00 PM,HL,CMP 952,9.24,8.03,25.3,390,0.1295,0.1452,0.1425,,JS,CN
9,8/21/2018,9:05:00 PM,HL,CMP 953,9.154,8.16,21.5,360,0.1303,0.1429,0.1405,,JS,CN
10,8/21/2018,10:05:00 PM,HL,CMP 954,9.027,8.09,17.9,380,0.1272,0.138,0.1359,,JS,CN
11,8/21/2018,11:05:00 PM,HL,CMP 955,9.015,8.11,19.3,310,0.1282,0.1371,0.1354,,JS,CN
12,8/21/2018,12:05:00 AM,HL,CMP 956,8.897,8.14,19.5,350,0.1298,0.141,0.1389,,JS,CN
13,8/21/2018,1:05:00 AM,HL,CMP 957,8.987,7.98,17.2,330,0.1309,0.1393,0.1375,,JS,CN
14,8/21/2018,2:05:00 AM,HL,CMP 958,9.163,7.99,23.6,400,0.1301,0.1454,0.1427,,JS,CN
15,8/21/2018,3:05:00 AM,HL,CMP 959,9.238,8,30.5,405,0.1286,0.1477,0.1438,,JS,CN
16,8/21/2018,4:05:00 AM,HL,CMP 960,9.403,8.02,32.2,300,0.128,0.1435,0.1406,,JS,CN
17,8/21/2018,5:05:00 AM,HL,CMP 961,9.508,8,32.5,375,0.1274,0.1453,0.1424,,JS,CN
18,8/21/2018,6:05:00 AM,HL,CMP 962,9.889,8.04,27.6,300,0.1282,0.1439,0.1409,,JS,CN
19,8/21/2018,7:05:00 AM,HL,CMP 963,10,8.13,48.4,360,0.1269,0.157,0.1522,,JS,CN
20,8/21/2018,8:05:00 AM,HL,CMP 964,9.924,8.04,23.7,370,0.13,0.1442,0.1411,,JS,CN
21,8/21/2018,9:05:00 AM,HL,CMP 965,9.793,8.01,26.9,415,0.1274,0.1429,0.1397,,JS,CN
22,8/21/2018,10:05:00 AM,HL,CMP 966,9.348,8,40.4,570,0.1276,0.1578,0.1522,,JS,CN
23,8/21/2018,11:05:00 AM,HL,CMP 967,9.178,7.98,52.2,510,0.1279,0.164,0.1576,,JS,CN
24,8/21/2018,12:05:00 PM,HL,CMP 968,9.161,7.98,43.9,540,0.1307,0.1565,0.1509,,JS,CN
1,8/21/2018,1:04:00 PM,PT,CMP 969,9.257,7.99,243,540,0.1291,0.2332,0.2185,,JS,CN
2,8/21/2018,2:04:00 PM,PT,CMP 970,9.064,8.02,51.3,520,0.1309,0.1649,0.1582,,JS,CN
3,8/21/2018,3:04:00 PM,PT,CMP 971,9.202,8.04,95.3,560,0.1286,0.187,0.1776,,JS,CN
4,8/21/2018,4:04:00 PM,PT,CMP 972,9.296,8.04,98.9,510,0.1288,0.1862,0.1768,,JS,CN
5,8/21/2018,5:04:00 PM,PT,CMP 973,9.516,8.02,123,490,0.1328,0.1938,0.1838,,JS,CN
6,8/21/2018,6:04:00 PM,PT,CMP 974,9.345,8.13,95.5,460,0.1328,0.1835,0.1746,,JS,CN
7,8/21/2018,7:04:00 PM,PT,CMP 975,9.413,8.05,151,500,0.131,0.2066,0.1947,,JS,CN
8,8/21/2018,8:04:00 PM,PT,CMP 976,9.232,8.04,202,510,0.1308,0.2272,0.213,,JS,CN
9,8/21/2018,9:04:00 PM,PT,CMP 977,9.221,8.04,142,520,0.1291,0.2051,0.1936,,JS,CN
10,8/21/2018,10:04:00 PM,PT,CMP 978,9.151,8.05,178,500,0.1298,0.2177,0.2049,,JS,CN
11,8/21/2018,11:04:00 PM,PT,CMP 979,8.991,7.92,178,510,0.1295,0.2142,0.2015,,JS,CN
12,8/21/2018,12:04:00 AM,PT,CMP 980,9.003,8.03,149,480,0.1282,0.1684,0.1613,,JS,CN
13,8/21/2018,1:04:00 AM,PT,CMP 981,7.867,8.03,182,540,0.1283,0.2162,0.2031,,JS,CN
14,8/21/2018,2:04:00 AM,PT,CMP 982,9.16,7.99,162,490,0.1286,0.2102,0.1976,Gammy on filter after 60C; exoskeleton still attached after 510C.,JS,CN
15,8/21/2018,3:04:00 AM,PT,CMP 983,9.242,7.98,166,590,0.131,0.2189,0.205,,JS,CN
16,8/21/2018,4:04:00 AM,PT,CMP 984,9.359,7.96,200,520,0.1296,0.2236,0.2085,,JS,CN
17,8/21/2018,5:04:00 AM,PT,CMP 985,9.414,8.01,166,510,0.1287,0.2225,0.2071,,JS,CN
18,8/21/2018,6:04:00 AM,PT,CMP 986,9.334,8,84.4,520,0.1301,0.1809,0.1717,,JS,CN
19,8/21/2018,7:04:00 AM,PT,CMP 987,9.459,8.03,84.1,520,0.1308,0.1799,0.1708,,JS,CN
20,8/21/2018,8:04:00 AM,PT,CMP 988,8.562,8.12,42.1,500,0.1297,0.1581,0.1518,,JS,CN
21,8/21/2018,9:04:00 AM,PT,CMP 989,9.284,8.01,68.6,520,0.1302,0.1757,0.1674,,JS,CN
22,8/21/2018,10:04:00 AM,PT,CMP 990,9.342,8.03,177,480,0.1243,0.2116,0.1988,,JS,CN
23,8/21/2018,11:04:00 AM,PT,CMP 991,9.283,7.98,247,450,0.1289,0.237,0.2219,,JS,CN
24,8/21/2018,12:04:00 PM,PT,CMP 992,9.036,8.06,237,540,0.1308,0.2719,0.2552,,JS,CN
1,9/18/2018,12:17:00 PM,FM,CMP 993,8.907,7.55,18.9,480,0.1287,0.1457,0.1409,,JS,CN
2,9/18/2018,1:17:00 PM,FM,CMP 994,8.98,7.75,28.7,440,0.1285,0.1459,0.1418,,JS,CN
3,9/18/2018,2:17:00 PM,FM,CMP 995,9.069,7.9,20.6,570,0.1284,0.1514,0.1465,,JS,CN
4,9/18/2018,3:17:00 PM,FM,CMP 996,9.168,7.86,27,500,0.1302,0.1507,0.1463,,JS,CN
5,9/18/2018,4:17:00 PM,FM,CMP 997,9.205,8.03,31.3,510,0.1284,0.1487,0.1443,,JS,CN
6,9/18/2018,5:17:00 PM,FM,CMP 998,9.17,7.96,19.9,460,0.1293,0.1436,0.14,,JS,CN
7,9/18/2018,6:17:00 PM,FM,CMP 999,9.075,7.91,23.5,510,0.1277,0.1444,0.1408,,JS,CN
8,9/18/2018,7:17:00 PM,FM,CMP 1000,9.209,7.89,22.4,490,0.13,0.1441,0.1411,,JS,CN
9,9/18/2018,8:17:00 PM,FM,CMP 1001,9.298,7.92,20,500,0.1273,0.1418,0.1388,,JS,CN
10,9/18/2018,9:17:00 PM,FM,CMP 1002,8.955,7.91,24.7,500,0.1282,0.1466,0.1428,,JS,CN
11,9/18/2018,10:17:00 PM,FM,CMP 1003,8.923,7.93,21.7,540,0.1326,0.1492,0.1458,,JS,CN
12,9/18/2018,11:17:00 PM,FM,CMP 1004,9.258,7.93,26.5,420,0.127,0.144,0.1405,,JS,CN
13,9/18/2018,12:17:00 AM,FM,CMP 1005,9.243,7.9,20.7,470,0.1287,0.1432,0.1405,,JS,CN
14,9/18/2018,1:17:00 AM,FM,CMP 1006,9.153,7.93,26.3,520,0.128,0.1465,0.1428,,JS,CN
15,9/18/2018,2:17:00 AM,FM,CMP 1007,9.179,7.97,36.6,520,0.1271,0.1538,0.149,,JS,CN
16,9/18/2018,3:17:00 AM,FM,CMP 1008,9.293,8.02,45.8,480,0.1272,0.1575,0.1522,,JS,CN
17,9/18/2018,4:17:00 AM,FM,CMP 1009,9.366,7.99,57.4,480,0.13,0.1573,0.1518,,JS,CN
18,9/18/2018,5:17:00 AM,FM,CMP 1010,9.449,8.08,39.4,540,0.1299,0.1685,0.1621,,JS,CN
19,9/18/2018,6:17:00 AM,FM,CMP 1011,9.509,8,26.3,480,0.128,0.1583,0.1538,,JS,CN
20,9/18/2018,7:17:00 AM,FM,CMP 1012,9.516,7.96,45.1,460,0.1292,0.1552,0.1523,,JS,CN
21,9/18/2018,8:17:00 AM,FM,CMP 1013,9.126,8.03,44.3,510,0.1281,0.1584,0.155,,JS,CN
22,9/18/2018,9:17:00 AM,FM,CMP 1014,9.2,7.98,20.2,500,0.129,0.1496,0.1477,,JS,CN
23,9/18/2018,10:17:00 AM,FM,CMP 1015,9.101,7.93,41.6,480,0.1266,0.1514,0.1492,,JS,CN
24,9/18/2018,11:17:00 AM,FM,CMP 1016,8.964,8.01,50.6,540,0.1296,0.1572,0.1547,,JS,CN
1,9/18/2018,11:42:00 AM,SD,CMP 1017,9.776,8.13,33.9,370,0.1276,0.148,0.1468,,JS,CN
2,9/18/2018,12:42:00 PM,SD,CMP 1018,9.733,8.01,38.5,790,0.1281,0.1649,0.1596,,JS,CN
3,9/18/2018,1:42:00 PM,SD,CMP 1019,9.741,8.01,80.9,510,0.1287,0.1692,0.1637,,JS,CN
4,9/18/2018,2:42:00 PM,SD,CMP 1020,9.536,8.02,51.4,510,0.1271,0.1573,0.1533,,JS,CN
5,9/18/2018,3:42:00 PM,SD,CMP 1021,9.34,7.99,64,540,0.1261,0.1624,0.1576,,JS,CN
6,9/18/2018,4:42:00 PM,SD,CMP 1022,9.285,8.14,119,550,0.1267,0.1794,0.1723,,JS,CN
7,9/18/2018,5:42:00 PM,SD,CMP 1023,9.303,8.03,63.6,450,0.1269,0.1595,0.1553,,JS,CN
8,9/18/2018,6:42:00 PM,SD,CMP 1024,9.407,8.1,26.9,625,0.128,0.155,0.1509,,JS,CN
9,9/18/2018,7:42:00 PM,SD,CMP 1025,9.564,8.09,23.4,580,0.132,0.1509,0.1478,,JS,CN
10,9/18/2018,8:42:00 PM,SD,CMP 1026,9.864,8.06,14.5,440,0.1288,0.14,0.138,,JS,CN
11,9/18/2018,9:42:00 PM,SD,CMP 1027,10.27,8.07,20.7,510,0.1255,0.1411,0.1385,,JS,CN
12,9/18/2018,10:42:00 PM,SD,CMP 1028,10.32,8.06,26.1,510,0.1269,0.1464,0.1433,,JS,CN
13,9/18/2018,11:42:00 PM,SD,CMP 1029,10.3,8.01,15.1,810,0.1282,0.151,0.1472,,JS,CN
14,9/18/2018,12:42:00 AM,SD,CMP 1030,9.716,7.95,21.8,820,0.1279,0.1532,0.1488,,JS,CN
15,9/18/2018,1:42:00 AM,SD,CMP 1031,9.482,8.01,30.4,520,0.1271,0.1464,0.1428,,JS,CN
16,9/18/2018,2:42:00 AM,SD,CMP 1032,9.31,7.98,50.2,500,0.1292,0.1557,0.1508,,JS,CN
17,9/18/2018,3:42:00 AM,SD,CMP 1033,9.287,7.85,35.3,550,0.1283,0.1587,0.1523,,JS,CN
18,9/18/2018,4:42:00 AM,SD,CMP 1034,9.272,7.87,41.2,510,0.1297,0.1542,0.149,,JS,CN
19,9/18/2018,5:42:00 AM,SD,CMP 1035,9.309,7.79,20.7,580,0.1297,0.1593,0.1529,,JS,CN
20,9/18/2018,6:42:00 AM,SD,CMP 1036,9.071,7.76,40.2,490,0.1256,0.1531,0.1476,,JS,CN
21,9/18/2018,7:42:00 AM,SD,CMP 1037,9.035,7.75,30.7,470,0.1267,0.1559,0.15,,JS,CN
22,9/18/2018,8:42:00 AM,SD,CMP 1038,9.089,8,21.5,540,0.1294,0.16,0.1545,,JS,CN
23,9/18/2018,9:42:00 AM,SD,CMP 1039,9.253,7.94,30.2,480,0.1294,0.1603,0.1553,,JS,CN
24,9/18/2018,10:42:00 AM,SD,CMP 1040,9.566,8.07,14.3,540,0.1309,0.1575,0.1529,,JS,CN
1,9/18/2018,10:43:00 AM,HL,CMP 1041,8.864,8.02,10.8,620,0.1264,0.164,0.1575,,JS,CN
2,9/18/2018,11:43:00 AM,HL,CMP 1042,8.962,8.12,9.46,545,0.1309,0.1499,0.1462,,JS,CN
3,9/18/2018,12:43:00 PM,HL,CMP 1043,8.988,8.06,9.91,840,0.127,0.1477,0.1432,,JS,CN
4,9/18/2018,1:43:00 PM,HL,CMP 1044,8.933,8.07,8.91,470,0.1284,0.142,0.1391,,JS,CN
5,9/18/2018,2:43:00 PM,HL,CMP 1045,8.821,8.07,30.2,630,0.1292,0.148,0.1441,,JS,CN
6,9/18/2018,3:43:00 PM,HL,CMP 1046,8.81,8.08,8.59,860,0.1275,0.1488,0.1444,,JS,CN
7,9/18/2018,4:43:00 PM,HL,CMP 1047,8.82,8.21,9.19,530,0.1305,0.1452,0.1423,,JS,CN
8,9/18/2018,5:43:00 PM,HL,CMP 1048,9.213,7.97,10.6,820,0.1277,0.1472,0.1425,,JS,CN
9,9/18/2018,6:43:00 PM,HL,CMP 1049,10.03,8.03,18.3,530,0.1293,0.1469,0.1431,,JS,CN
10,9/18/2018,7:43:00 PM,HL,CMP 1050,9.219,8.01,18.4,480,0.1306,0.1483,0.1446,,JS,CN
11,9/18/2018,8:43:00 PM,HL,CMP 1051,10.07,7.97,18.4,600,0.1288,0.1476,0.1433,,JS,CN
12,9/18/2018,9:43:00 PM,HL,CMP 1052,7.81,8.09,18.2,510,0.1258,0.1398,0.1375,,JS,CN
13,9/18/2018,10:43:00 PM,HL,CMP 1053,9.715,8.06,14.9,510,0.1283,0.1408,0.1383,,JS,CN
14,9/18/2018,11:43:00 PM,HL,CMP 1054,9.257,7.94,12.5,580,0.1287,0.1433,0.1407,,JS,CN
15,9/18/2018,12:43:00 AM,HL,CMP 1055,9.31,8.01,10.2,480,0.1298,0.1424,0.14,,JS,CN
16,9/18/2018,1:43:00 AM,HL,CMP 1056,9.025,8.03,18.8,765,0.1264,0.1486,0.1445,,JS,CN
17,9/18/2018,2:43:00 AM,HL,CMP 1057,9.241,7.99,12.4,810,0.1293,0.1541,0.1494,,JS,CN
18,9/18/2018,3:43:00 AM,HL,CMP 1058,9.199,8.01,19.7,800,0.1277,0.1522,0.1476,,JS,CN
19,9/18/2018,4:43:00 AM,HL,CMP 1059,11.74,8.03,18.1,780,0.1272,0.1501,0.1456,,JS,CN
20,9/18/2018,5:43:00 AM,HL,CMP 1060,8.241,7.99,30.1,790,0.1292,0.1753,0.1678,,JS,CN
21,9/18/2018,6:43:00 AM,HL,CMP 1061,10.05,8.11,26.4,500,0.1262,0.1481,0.144,,JS,CN
22,9/18/2018,7:43:00 AM,HL,CMP 1062,9.68,7.99,14.7,600,0.1273,0.1443,0.1408,,JS,CN
23,9/18/2018,8:43:00 AM,HL,CMP 1063,9.696,7.98,27.9,790,0.1263,0.1567,0.1512,,JS,CN
24,9/18/2018,9:43:00 AM,HL,CMP 1064,9.053,7.97,30.2,680,0.1276,0.158,0.1524,,JS,CN
1,9/18/2018,9:55:00 AM,PT,CMP 1065,9.211,7.88,140,575,0.1289,0.2066,0.1953,,JS,CN
2,9/18/2018,10:55:00 AM,PT,CMP 1066,10.44,8.03,29.1,830,0.1262,0.1646,0.1587,,JS,CN
3,9/18/2018,11:55:00 AM,PT,CMP 1067,7.715,8.11,32.2,520,0.127,0.1503,0.1465,,JS,CN
4,9/18/2018,12:55:00 PM,PT,CMP 1068,10.05,8.02,6.31,628,0.1308,0.1553,0.1514,,JS,CN
5,9/18/2018,1:55:00 PM,PT,CMP 1069,11.19,8.04,25.1,700,0.133,0.1537,0.1501,,JS,CN
6,9/18/2018,2:55:00 PM,PT,CMP 1070,10.59,8.05,19.8,860,0.1288,0.1529,0.1494,,JS,CN
7,9/18/2018,3:55:00 PM,PT,CMP 1071,14.28,8.05,20.9,850,0.1274,0.1511,0.1468,,JS,CN
8,9/18/2018,4:55:00 PM,PT,CMP 1072,9.605,8.12,35.5,550,0.1294,0.1565,0.1526,,JS,CN
9,9/18/2018,5:55:00 PM,PT,CMP 1073,12.38,8.05,44,567,0.1275,0.1604,0.1563,,JS,CN
10,9/18/2018,6:55:00 PM,PT,CMP 1074,9.487,8.02,28.4,682,0.1313,0.1627,0.1578,,JS,CN
11,9/18/2018,7:55:00 PM,PT,CMP 1075,9.564,8.01,25.7,850,0.1293,0.1539,0.1504,,JS,CN
12,9/18/2018,8:55:00 PM,PT,CMP 1076,9.383,8.1,29,570,0.1295,0.1532,0.15,,JS,CN
13,9/18/2018,9:55:00 PM,PT,CMP 1077,9.507,7.98,24.1,850,0.1299,0.1577,0.1533,,JS,CN
14,9/18/2018,10:55:00 PM,PT,CMP 1078,9.51,7.96,393,570,0.1287,0.2196,0.2086,,JS,CN
15,9/18/2018,11:55:00 PM,PT,CMP 1079,9.555,7.99,46,453,0.1325,0.1654,0.1603,,JS,CN
16,9/18/2018,12:55:00 AM,PT,CMP 1080,9.348,8.02,29.7,440,0.1277,0.1548,0.1508,,JS,CN
17,9/18/2018,1:55:00 AM,PT,CMP 1081,9.564,8.01,34.8,500,0.1288,0.1592,0.1544,,JS,CN
18,9/18/2018,2:55:00 AM,PT,CMP 1082,9.411,8.03,34.2,490,0.1283,0.1572,0.1527,,JS,CN
19,9/18/2018,3:55:00 AM,PT,CMP 1083,9.516,8.03,36.3,420,0.1298,0.1533,0.1498,,JS,CN
20,9/18/2018,4:55:00 AM,PT,CMP 1084,9.513,8.02,15.2,470,0.1293,0.1525,0.149,,JS,CN
21,9/18/2018,5:55:00 AM,PT,CMP 1085,9.281,8.03,39,430,0.1261,0.1524,0.1481,,JS,CN
22,9/18/2018,6:55:00 AM,PT,CMP 1086,9.015,8.13,130,520,0.1279,0.2089,0.1967,,JS,CN
23,9/18/2018,7:55:00 AM,PT,CMP 1087,9.141,8.01,222,490,0.1306,0.1729,0.1667,,JS,CN
24,9/18/2018,8:55:00 AM,PT,CMP 1088,9.049,7.91,478,460,0.1266,0.3766,0.3436,,JS,CN
1,9/24/2018,3:15:00 PM,FM,CMP 1089,9.421,7.77,36.7,520,0.1282,0.1464,0.142,,JS,CN
2,9/24/2018,4:15:00 PM,FM,CMP 1090,9.437,7.88,58.3,570,0.1284,0.169,0.1611,,JS,CN
3,9/24/2018,5:15:00 PM,FM,CMP 1091,9.625,7.99,58.2,480,0.1277,0.1658,0.1584,,JS,CN
4,9/24/2018,6:15:00 PM,FM,CMP 1092,9.69,8.06,62.3,440,0.127,0.1637,0.1563,,JS,CN
5,9/24/2018,7:15:00 PM,FM,CMP 1093,9.7,8.11,63.4,490,0.1259,0.1675,0.1594,,JS,CN
6,9/24/2018,8:15:00 PM,FM,CMP 1094,9.716,8.12,52.4,540,0.1299,0.1705,0.1639,,JS,CN
7,9/24/2018,9:15:00 PM,FM,CMP 1095,9.707,8.17,60.5,500,0.1291,0.1576,0.1519,,JS,CN
8,9/24/2018,10:15:00 PM,FM,CMP 1096,9.749,8.12,53.9,530,0.128,0.154,0.149,,JS,CN
9,9/24/2018,11:15:00 PM,FM,CMP 1097,9.848,8.11,60.3,520,0.1289,0.1682,0.1616,,JS,CN
10,9/24/2018,12:15:00 AM,FM,CMP 1098,9.988,8.09,38.4,490,0.1265,0.1529,0.1485,,JS,CN
11,9/24/2018,1:15:00 AM,FM,CMP 1099,9.728,8.03,86,490,0.1263,0.1668,0.16,,JS,CN
12,9/24/2018,2:15:00 AM,FM,CMP 1100,9.627,8.02,89.7,480,0.1278,0.1834,0.1742,,JS,CN
13,9/24/2018,3:15:00 AM,FM,CMP 1101,9.605,8.05,52.9,508,0.1268,0.1639,0.1581,,JS,CN
14,9/24/2018,4:15:00 AM,FM,CMP 1102,9.678,7.99,29.4,775,0.1304,0.1643,0.1578,,JS,CN
15,9/24/2018,5:15:00 AM,FM,CMP 1103,9.714,7.86,29.4,445,0.129,0.1539,0.1485,,JS,CN
16,9/24/2018,6:15:00 AM,FM,CMP 1104,8.601,7.85,37.7,620,0.1282,0.1622,0.1554,,JS,CN
17,9/24/2018,7:15:00 AM,FM,CMP 1105,9.709,7.73,51.4,750,0.129,0.1798,0.1708,,JS,CN
18,9/24/2018,8:15:00 AM,FM,CMP 1106,9.698,7.81,50.8,620,0.1292,0.1752,0.1672,,JS,CN
19,9/24/2018,9:15:00 AM,FM,CMP 1107,9.633,7.9,64.4,515,0.1276,0.1703,0.1635,,JS,CN
20,9/24/2018,10:15:00 AM,FM,CMP 1108,9.657,7.87,56,790,0.1281,0.1781,0.169,,JS,CN
21,9/24/2018,11:15:00 AM,FM,CMP 1109,9.652,7.84,38.4,793,0.1296,0.1726,0.1652,,JS,CN
22,9/24/2018,12:15:00 PM,FM,CMP 1110,9.768,7.89,50.7,681,0.1287,0.1647,0.1592,,JS,CN
23,9/24/2018,1:15:00 PM,FM,CMP 1111,9.714,7.84,128,490,0.1277,0.2013,0.1885,,JS,CN
24,9/24/2018,2:15:00 PM,FM,CMP 1112,9.241,7.8,178,530,0.1253,0.2252,0.2086,,JS,CN
1,9/24/2018,3:51:00 PM,SD,CMP 1113,10.37,7.83,39.2,790,0.1304,0.1579,0.1532,,JS,CN
2,9/24/2018,4:51:00 PM,SD,CMP 1114,10.19,7.86,34.2,680,0.1266,0.1576,0.1531,,JS,CN
3,9/24/2018,5:51:00 PM,SD,CMP 1115,9.974,7.9,30.4,430,0.1286,0.1484,0.1449,,JS,CN
4,9/24/2018,6:51:00 PM,SD,CMP 1116,9.797,7.88,39.9,820,0.1304,0.1601,0.1554,,JS,CN
5,9/24/2018,7:51:00 PM,SD,CMP 1117,9.517,7.92,32.8,560,0.1277,0.1535,0.1477,,JS,CN
6,9/24/2018,8:51:00 PM,SD,CMP 1118,9.512,7.99,32.6,490,0.1288,0.1466,0.1427,,JS,CN
7,9/24/2018,9:51:00 PM,SD,CMP 1119,9.533,7.94,35,700,0.1285,0.1607,0.1539,,JS,CN
8,9/24/2018,10:51:00 PM,SD,CMP 1120,9.457,7.89,29.7,560,0.1276,0.145,0.1414,,JS,CN
9,9/24/2018,11:51:00 PM,SD,CMP 1121,9.639,7.95,43.2,570,0.1268,0.1598,0.1545,,JS,CN
10,9/24/2018,12:51:00 AM,SD,CMP 1122,10.17,7.92,66.1,640,0.1279,0.1784,0.1707,,JS,CN
11,9/24/2018,1:51:00 AM,SD,CMP 1123,10.44,7.89,48.4,510,0.1287,0.162,0.1566,,JS,CN
12,9/24/2018,2:51:00 AM,SD,CMP 1124,10.6,7.82,39.3,540,0.127,0.1587,0.1538,,JS,CN
13,9/24/2018,3:51:00 AM,SD,CMP 1125,10.45,7.78,31.4,664,0.1288,0.1537,0.1502,,JS,CN
14,9/24/2018,4:51:00 AM,SD,CMP 1126,10.33,7.8,29.3,805,0.1277,0.1566,0.1529,,JS,CN
15,9/24/2018,5:51:00 AM,SD,CMP 1127,10.07,7.81,32.6,770,0.1264,0.1572,0.1522,,JS,CN
16,9/24/2018,6:51:00 AM,SD,CMP 1128,9.696,7.83,51,605,0.1299,0.1657,0.1599,,JS,CN
17,9/24/2018,7:51:00 AM,SD,CMP 1129,9.569,7.77,47.9,600,0.1279,0.1604,0.1549,,JS,CN
18,9/24/2018,8:51:00 AM,SD,CMP 1130,9.365,7.88,60.2,505,0.1265,0.1632,0.1573,,JS,CN
19,9/24/2018,9:51:00 AM,SD,CMP 1131,9.276,7.78,40.3,530,0.1323,0.1596,0.1547,,JS,CN
20,9/24/2018,10:51:00 AM,SD,CMP 1132,9.372,7.75,43.3,620,0.1285,0.1657,0.1594,,JS,CN
21,9/24/2018,11:51:00 AM,SD,CMP 1133,9.589,7.86,56.8,720,0.1342,0.1815,0.1746,,JS,CN
22,9/24/2018,12:51:00 PM,SD,CMP 1134,9.802,7.87,58.5,710,0.1284,0.175,0.1686,,JS,CN
23,9/24/2018,1:51:00 PM,SD,CMP 1135,10.34,7.87,71.6,580,0.1262,0.1703,0.1638,,JS,CN
24,9/24/2018,2:51:00 PM,SD,CMP 1136,10.68,7.93,74.3,520,0.1309,0.1756,0.1695,,JS,CN
1,9/24/2018,2:15:00 PM,HL,CMP 1137,9.391,7.62,35.6,555,0.1278,0.161,0.1542,,JS,CN
2,9/24/2018,3:15:00 PM,HL,CMP 1138,9.424,7.86,40.6,520,0.1288,0.1548,0.1502,,JS,CN
3,9/24/2018,4:15:00 PM,HL,CMP 1139,9.48,7.87,54.7,470,0.1288,0.17,0.1641,,JS,CN
4,9/24/2018,5:15:00 PM,HL,CMP 1140,9.377,7.85,46.4,900,0.1296,0.1581,0.1536,,JS,CN
5,9/24/2018,6:15:00 PM,HL,CMP 1141,9.254,7.91,61.1,680,0.1289,0.1684,0.1621,,JS,CN
6,9/24/2018,7:15:00 PM,HL,CMP 1142,9.345,7.94,164,510,0.1296,0.1967,0.1872,,JS,CN
7,9/24/2018,8:15:00 PM,HL,CMP 1143,9.43,7.96,84.7,470,0.1292,0.1777,0.1704,,JS,CN
8,9/24/2018,9:15:00 PM,HL,CMP 1144,9.343,8.01,282,540,0.1259,0.2315,0.2169,,JS,CN
9,9/24/2018,10:15:00 PM,HL,CMP 1145,9.548,7.98,80.7,450,0.1272,0.1658,0.1602,,JS,CN
10,9/24/2018,11:15:00 PM,HL,CMP 1146,9.312,7.98,26.4,590,0.1288,0.1534,0.1495,,JS,CN
11,9/24/2018,12:15:00 AM,HL,CMP 1147,9.285,7.96,42.4,580,0.1313,0.1657,0.1593,,JS,CN
12,9/24/2018,1:15:00 AM,HL,CMP 1148,9.465,8.05,51.5,520,0.1278,0.1624,0.1568,,JS,CN
13,9/24/2018,2:15:00 AM,HL,CMP 1149,9.584,7.96,39.6,530,0.1284,0.1564,0.1519,,JS,CN
14,9/24/2018,3:15:00 AM,HL,CMP 1150,9.702,8,32.4,550,0.1295,0.1557,0.1512,,JS,CN
15,9/24/2018,4:15:00 AM,HL,CMP 1151,9.663,7.95,88.7,600,0.1278,0.1792,0.1721,,JS,CN
16,9/24/2018,5:15:00 AM,HL,CMP 1152,9.605,7.89,65.6,570,0.128,0.1713,0.1649,,JS,CN
17,9/24/2018,6:15:00 AM,HL,CMP 1153,9.42,7.91,61.1,550,0.1297,0.1734,0.1661,,JS,CN
18,9/24/2018,7:15:00 AM,HL,CMP 1154,9.293,7.96,91.7,580,0.1267,0.1853,0.1765,,JS,CN
19,9/24/2018,8:15:00 AM,HL,CMP 1155,9.39,7.96,79,370,0.1301,0.1688,0.1628,,JS,CN
20,9/24/2018,9:15:00 AM,HL,CMP 1156,9.551,7.95,61.2,400,0.1274,0.1656,0.1595,,JS,CN
21,9/24/2018,10:15:00 AM,HL,CMP 1157,9.433,8.02,54.1,460,0.129,0.1593,0.1539,,JS,CN
22,9/24/2018,11:15:00 AM,HL,CMP 1158,9.558,7.97,24,540,0.1293,0.1498,0.1457,,JS,CN
23,9/24/2018,12:15:00 PM,HL,CMP 1159,9.302,7.95,52.4,500,0.129,0.1685,0.162,,JS,CN
24,9/24/2018,1:15:00 PM,HL,CMP 1160,9.308,7.88,68.4,470,0.1282,0.172,0.1651,,JS,CN
1,9/24/2018,1:34:00 PM,PT,CMP 1161,9.325,7.95,59.1,600,0.1263,0.162,0.1565,,JS,CN
2,9/24/2018,2:34:00 PM,PT,CMP 1162,9.38,7.97,42.1,600,0.1266,0.1558,0.1508,,JS,CN
3,9/24/2018,3:34:00 PM,PT,CMP 1163,9.466,8,44.3,560,0.1273,0.156,0.151,,JS,CN
4,9/24/2018,4:34:00 PM,PT,CMP 1164,9.471,7.99,28.7,630,0.1265,0.1506,0.1466,,JS,CN
5,9/24/2018,5:34:00 PM,PT,CMP 1165,9.423,7.98,27.1,650,0.1293,0.1528,0.1492,,JS,CN
6,9/24/2018,6:34:00 PM,PT,CMP 1166,9.071,8,40.9,480,0.1288,0.1551,0.1508,,JS,CN
7,9/24/2018,7:34:00 PM,PT,CMP 1167,9.256,8.03,35.6,510,0.1294,0.1517,0.1475,,JS,CN
8,9/24/2018,8:34:00 PM,PT,CMP 1168,8.997,8.05,30.1,810,0.1332,0.1619,0.1565,,JS,CN
9,9/24/2018,9:34:00 PM,PT,CMP 1169,8.991,8.12,42.2,500,0.1316,0.159,0.1546,,JS,CN
10,9/24/2018,10:34:00 PM,PT,CMP 1170,9.052,8.08,30.8,680,0.1258,0.1522,0.1482,,JS,CN
11,9/24/2018,11:34:00 PM,PT,CMP 1171,9.122,8.01,26.4,820,0.128,0.1544,0.1503,,JS,CN
12,9/24/2018,12:34:00 AM,PT,CMP 1172,9.312,8.03,23.3,580,0.1273,0.1588,0.1538,,JS,CN
13,9/24/2018,1:34:00 AM,PT,CMP 1173,9.269,7.98,47,625,0.1267,0.1644,0.1588,,JS,CN
14,9/24/2018,2:34:00 AM,PT,CMP 1174,9.375,8,35,610,0.1289,0.1535,0.1499,,JS,CN
15,9/24/2018,3:34:00 AM,PT,CMP 1175,9.594,8.1,35.4,510,0.1289,0.1534,0.149,,JS,CN
16,9/24/2018,4:34:00 AM,PT,CMP 1176,9.484,8.02,24.6,490,0.1278,0.1437,0.1411,,JS,CN
17,9/24/2018,5:34:00 AM,PT,CMP 1177,9.22,7.99,28.7,699,0.1293,0.1564,0.1525,,JS,CN
18,9/24/2018,6:34:00 AM,PT,CMP 1178,9.288,7.96,48.9,730,0.1269,0.1654,0.1593,,JS,CN
19,9/24/2018,7:34:00 AM,PT,CMP 1179,9.084,7.99,43.5,645,0.1294,0.1623,0.1573,,JS,CN
20,9/24/2018,8:34:00 AM,PT,CMP 1180,8.779,8.01,35.1,700,0.1275,0.156,0.1511,,JS,CN
21,9/24/2018,9:34:00 AM,PT,CMP 1181,8.829,8.03,32.4,815,0.1281,0.162,0.1566,,JS,CN
22,9/24/2018,10:34:00 AM,PT,CMP 1182,8.703,8.04,483,350,0.1291,0.328,0.3007,,JS,CN
23,9/24/2018,11:34:00 AM,PT,CMP 1183,8.793,8.01,84.7,520,0.1228,0.1499,0.1438,,JS,CN
24,9/24/2018,12:34:00 PM,PT,CMP 1184,9.222,8,52.6,680,0.1282,0.1714,0.1649,,JS,CN
