Site,Bottle,Date,ID,EC_uScm,pH,Turbidity_ntu,TP_mgL,TDP_mgL,PO4P_mgL,TN_mgL,TDN_mgL,DON_mgL,NH4N_mgL,NO3N_mgL,DOC_mgL,TSS_mgL,VSS_mgL
FM,1,6/12/2017,CMP 1,2.05,8.33,66.7,0.593,0.395,0.328,2.9,2.74,1.76,0.04,0.95,13.1,57.8,9.9
FM,2,6/12/2017,CMP 2,2.21,8.27,63.5,0.602,0.395,0.344,2.61,2.55,1.63,0.04,0.89,13.8,52.4,8.8
FM,3,6/12/2017,CMP 3,2.52,8.25,70.1,0.593,0.365,0.328,2.51,2.34,1.6,0.04,0.7,14.5,60.4,9
FM,4,6/12/2017,CMP 4,2.71,8.22,73.5,0.62,0.346,0.314,2.31,2.24,1.63,0.04,0.57,14.9,57.8,8.3
FM,5,6/12/2017,CMP 5,2.78,8.35,75.4,0.593,0.358,0.31,2.46,2.36,1.78,0.04,0.55,15.5,54.3,8.3
FM,6,6/12/2017,CMP 6,2.48,8.18,144,0.804,0.358,0.31,2.6,2.36,1.62,0.03,0.71,14.2,121.7,16.2
FM,7,6/12/2017,CMP 7,2,8.34,81.5,0.758,0.475,0.431,2.72,2.52,1.17,0.05,1.3,13.3,84.4,11.1
FM,8,6/12/2017,CMP 8,1.9,8.19,67.9,0.565,0.297,0.262,2.64,2.12,1.35,0.04,0.73,12.4,62.5,8.2
FM,9,6/12/2017,CMP 9,1.41,7.99,113,0.427,0.125,0.098,1.98,1.76,1.48,0.03,0.25,10.3,100.2,13.7
FM,10,6/12/2017,CMP 10,1.26,7.89,81.4,0.335,0.094,0.074,1.6,1.54,1.29,0.04,0.21,10,69.7,10.3
FM,11,6/12/2017,CMP 11,1.42,8.01,77.6,0.353,0.119,0.096,1.72,1.68,1.39,0.03,0.26,10.3,65.9,10.2
FM,12,6/12/2017,CMP 12,1.39,8.04,60.1,0.298,0.125,0.103,1.77,1.65,1.36,0.04,0.25,10.5,43.6,7.7
FM,13,6/12/2017,CMP 13,1.64,8.11,60.9,0.381,0.174,0.162,2.34,1.85,1.42,0.03,0.39,11.1,48.1,7.9
FM,14,6/12/2017,CMP 14,1.9,8.23,57.1,0.538,0.309,0.268,2.77,2.57,1.8,0.04,0.73,12.6,50.7,7.8
FM,15,6/12/2017,CMP 15,2,8.45,53.5,0.593,0.401,0.349,2.9,2.52,1.46,0.05,1.01,13,48.6,7.9
FM,16,6/12/2017,CMP 16,2,8.29,57.4,0.584,0.395,0.358,2.87,2.37,1.31,0.06,1.01,12.8,46.7,6.6
FM,17,6/12/2017,CMP 17,1.78,8.32,55.4,0.464,0.279,0.242,2.48,2.07,1.38,0.04,0.65,11.9,43.8,7.2
FM,18,6/12/2017,CMP 18,1.66,8.07,58.6,0.399,0.223,0.196,2.21,1.96,1.39,0.05,0.52,11.3,43.1,6.8
FM,19,6/12/2017,CMP 19,1.44,8.06,61.2,0.363,0.18,0.145,2.18,2.07,1.57,0.06,0.44,11.2,46.3,7.3
FM,20,6/12/2017,CMP 20,1.31,7.99,53.5,0.289,0.131,0.108,2.1,1.95,1.57,0.04,0.34,9.8,45.4,6
FM,21,6/12/2017,CMP 21,1.33,8,52.6,0.353,0.15,0.125,1.95,1.72,1.31,0.04,0.37,9.9,41.1,7
FM,22,6/12/2017,CMP 22,1.4,7.99,62.6,0.372,0.168,0.143,1.79,1.72,1.31,0.05,0.36,10.6,45.7,7.3
FM,23,6/12/2017,CMP 23,1.47,8.18,70,0.399,0.18,0.15,2.04,1.97,1.48,0.06,0.43,10.6,56.2,9.2
FM,24,6/12/2017,CMP 24,1.61,8.08,71.6,0.446,0.223,0.192,2.05,1.99,1.42,0.06,0.51,11.4,67.4,11
SD,1,6/12/2017,CMP 25,2.56,7.73,84.1,0.68,0.242,0.131,3.02,2.8,2.26,0.01,0.53,35.1,94,20.2
SD,2,6/12/2017,CMP 26,2.59,8.05,121,1.034,0.266,0.195,3.88,3.02,2.15,0.04,0.83,27.1,118.2,22.5
SD,3,6/12/2017,CMP 27,2.58,7.76,126.1,0.961,0.186,0.112,3.56,2.63,2.17,0.02,0.44,32,120.9,25.2
SD,4,6/12/2017,CMP 28,2.58,7.56,109.7,0.933,0.168,0.095,3.59,2.48,2.12,0.02,0.35,34.9,102.7,23.2
SD,5,6/12/2017,CMP 29,1.91,7.98,105.5,0.768,0.407,0.314,3.11,2.9,1.57,0.02,1.31,27,93.7,18.1
SD,6,6/12/2017,CMP 30,1.82,7.87,88.8,0.703,0.438,0.37,2.93,2.64,1.43,0.02,1.2,14.2,74,11.5
SD,7,6/12/2017,CMP 31,1.68,8.29,70.1,0.602,0.444,0.319,2.59,2.41,1.37,0.03,1.02,12.7,61.9,10.5
SD,8,6/12/2017,CMP 32,1.66,8,104,0.639,0.34,0.304,2.49,2.37,1.37,0.05,0.96,13.8,94.4,14.4
SD,9,6/12/2017,CMP 33,1.67,8.27,118,0.793,0.371,0.316,2.78,2.35,1.33,0.02,1,12.8,102.3,15.4
SD,10,6/12/2017,CMP 34,1.76,7.89,99.3,0.685,0.371,0.314,2.92,2.72,1.65,0.01,1.07,14.9,83.9,13.6
SD,11,6/12/2017,CMP 35,1.81,7.65,79.3,0.713,0.383,0.34,3.03,2.58,1.46,0.02,1.11,17.9,72.5,13.5
SD,12,6/12/2017,CMP 36,1.92,7.6,76.9,0.749,0.42,0.356,3.18,2.96,1.75,0.01,1.2,20.3,76.2,13.4
SD,13,6/12/2017,CMP 37,1.95,7.98,73.3,0.758,0.401,0.362,3.1,2.69,1.46,0.04,1.18,17.5,65.3,11.3
SD,14,6/12/2017,CMP 38,1.94,7.52,72.8,0.694,0.426,0.361,2.89,2.7,1.41,0.02,1.26,24.1,64.8,12.6
SD,15,6/12/2017,CMP 39,1.81,7.96,70.7,0.657,0.408,0.359,3.15,3.07,1.87,0.04,1.16,16.7,65.3,10.7
SD,16,6/12/2017,CMP 40,1.69,7.38,58.6,0.602,0.371,0.307,3.02,2.86,1.78,0.03,1.04,27,55.8,11.5
SD,17,6/12/2017,CMP 41,1.6,7.82,72,0.593,0.309,0.275,2.77,2.49,1.58,0.04,0.87,15.1,71.8,11.1
SD,18,6/12/2017,CMP 42,1.59,7.87,68.7,0.556,0.309,0.275,3.2,2.56,1.66,0.05,0.85,13.7,63.8,9.2
SD,19,6/12/2017,CMP 43,1.62,7.39,79.2,0.538,0.34,0.272,2.62,2.55,1.65,0.02,0.88,23.7,71.4,12.8
SD,20,6/12/2017,CMP 44,1.63,7.4,76.5,0.611,0.365,0.283,3.22,3.15,2.2,0.04,0.91,25.5,76,14
SD,21,6/12/2017,CMP 45,1.72,7.86,90.5,0.685,0.371,0.319,3.08,2.96,1.91,0.04,1.01,26.8,82.8,16.3
HL,22,6/13/2017,CMP 46,1.9,7.91,85.5,0.749,0.395,0.35,3.23,2.99,1.86,0.02,1.1,16.9,55.2,8.6
HL,23,6/13/2017,CMP 47,2.13,7.78,74.7,0.723,0.371,0.317,3.38,3.16,2.13,0.04,0.99,21.2,63.3,10.2
HL,24,6/13/2017,CMP 48,2.47,7.78,81.8,0.778,0.334,0.241,4.23,2.71,2.05,0.05,0.61,24.8,59.8,10.6
HL,1,6/13/2017,CMP 49,2.16,8.36,73.9,1.209,0.946,0.865,5.74,5.21,1.66,0.03,3.52,15.8,58.1,8.1
HL,2,6/13/2017,CMP 50,2.09,8.27,76,1.053,0.787,0.703,5.5,4.23,1.4,0.05,2.78,14.7,55,8.7
HL,3,6/13/2017,CMP 51,2.07,8.34,68.6,0.952,0.665,0.581,4.78,3.77,1.6,0.05,2.11,15.5,64.4,10.2
HL,4,6/13/2017,CMP 52,2.02,8.33,63.4,0.832,0.598,0.551,3.89,3.66,1.74,0.06,1.86,14.3,58.3,9.8
HL,5,6/13/2017,CMP 53,2.06,8.27,50.6,0.823,0.616,0.565,4.22,3.13,1.12,0.05,1.96,14.3,46.2,8.5
HL,6,6/13/2017,CMP 54,2.09,8.3,47.5,0.878,0.665,0.607,4.49,3.72,1.46,0.05,2.21,14.8,41.3,7.1
HL,7,6/13/2017,CMP 55,2.1,8.33,44,0.933,0.751,0.7,4.36,4.07,1.3,0.06,2.71,14,35,5.6
HL,8,6/13/2017,CMP 56,2.14,8.37,43.5,1.071,0.842,0.782,5.11,4.76,1.53,0.06,3.17,14.3,38.7,5.1
HL,9,6/13/2017,CMP 57,2.15,8.42,44.4,1.098,0.867,0.809,5.48,5.3,1.96,0.05,3.29,17.4,40.4,6.3
HL,10,6/13/2017,CMP 58,2.12,8.33,51.2,1.043,0.775,0.738,4.99,4.48,1.44,0.06,2.97,13.9,48.1,8.1
HL,11,6/13/2017,CMP 59,2.18,8.37,47.7,0.933,0.745,0.66,4.72,4.48,1.88,0.05,2.55,14.3,30.3,6.1
HL,12,6/13/2017,CMP 60,2.1,8.37,47.5,0.887,0.677,0.629,4.99,3.44,1.04,0.06,2.34,14.9,38.8,7
HL,13,6/13/2017,CMP 61,2.05,8.34,49.1,0.832,0.616,0.579,4.66,3.58,1.49,0.06,2.04,14.5,44.3,6
HL,14,6/13/2017,CMP 62,2.01,8.33,49.3,0.823,0.61,0.531,3.95,3.09,1.19,0.07,1.83,13.7,43,7.7
HL,15,6/13/2017,CMP 63,2.01,8.33,48.7,0.859,0.598,0.534,3.98,2.85,0.96,0.06,1.83,13.3,46.3,8.2
HL,16,6/13/2017,CMP 64,2.05,8.24,48.3,0.823,0.61,0.579,3.98,3.66,1.56,0.07,2.04,13.6,40.8,7.4
HL,17,6/13/2017,CMP 65,2.08,8.34,42.1,0.869,0.689,0.63,4.77,3.56,1.17,0.06,2.33,13.5,40.9,7.5
HL,18,6/13/2017,CMP 66,2.11,8.31,46.2,0.942,0.763,0.681,5.02,4.36,1.65,0.06,2.66,14.4,42.2,7.6
HL,19,6/13/2017,CMP 67,2.23,8.18,46.6,1.053,0.83,0.769,4.71,4.36,1.51,0.01,2.84,14.8,43.3,9.2
HL,20,6/13/2017,CMP 68,2.4,8.26,54.7,0.961,0.726,0.684,3.77,3.31,1.57,0.04,1.71,14.9,49.5,9.1
HL,21,6/13/2017,CMP 69,2.49,8.27,43.2,0.915,0.702,0.652,3.44,3.2,1.87,0.04,1.29,15.5,44.3,7.8
HL,22,6/13/2017,CMP 70,2.52,8.34,43.9,0.924,0.696,0.643,3.31,3.15,1.99,0.03,1.12,15.4,43.6,7.9
HL,23,6/13/2017,CMP 71,2.52,8.23,36.8,0.896,0.708,0.641,3.83,2.82,1.74,0.03,1.05,15.6,32.7,5.9
HL,24,6/13/2017,CMP 72,2.42,8.21,37.8,0.896,0.683,0.643,3.09,2.86,1.37,0.05,1.44,15.6,36.6,6.8
WL ,1,6/14/2017,CMP 73,2.27,8.2,14.9,0.538,0.291,0.215,2.55,1.96,1.94,0.01,0.01,25.5,13.8,8
WL ,2,6/14/2017,CMP 74,2.24,8.13,20.9,0.795,0.518,0.466,2.87,2.78,2.01,0.01,0.77,18.3,19.7,5.6
WL ,3,6/14/2017,CMP 75,2.25,7.93,12.5,0.565,0.365,0.305,3.22,1.93,1.61,0.01,0.31,21.4,15.9,6.3
WL ,4,6/14/2017,CMP 76,2.25,7.97,19.4,0.593,0.383,0.325,2.34,1.96,1.59,0.01,0.36,21.1,19.5,6.9
WL ,5,6/14/2017,CMP 77,2.37,7.95,19.6,0.602,0.426,0.337,2.97,1.89,1.57,0.02,0.3,21.4,17.4,6.3
WL ,6,6/14/2017,CMP 78,2.44,8.1,25.8,0.63,0.426,0.369,2.63,2,1.51,0.02,0.48,18.5,22.5,6.6
WL ,7,6/14/2017,CMP 79,2.38,8.06,24,0.814,0.583,0.548,3.25,2.35,1.48,0.01,0.86,16.5,25.9,6.2
PT,1,6/14/2017,CMP 80,2.37,8.38,70.6,1.108,0.792,0.776,4.82,4.11,1.2,0.04,2.86,14.4,54.3,9.4
PT,2,6/14/2017,CMP 81,2.16,8.27,69.8,1.13,0.865,0.777,4.43,4.08,0.87,0.05,3.16,13.5,69.2,10.3
PT,3,6/14/2017,CMP 82,2.11,8.25,57.2,0.988,0.7,0.665,4.43,4.01,1.34,0.05,2.62,14.4,54,8.8
PT,4,6/14/2017,CMP 83,2.12,8.28,56.9,0.896,0.675,0.629,4.08,3.75,1.28,0.06,2.42,13.8,39,6.6
PT,5,6/14/2017,CMP 84,2.21,8.3,49.6,0.929,0.712,0.627,4.53,3.51,1.13,0.07,2.3,12.8,34.2,6.3
PT,6,6/14/2017,CMP 85,2.27,8.35,47,1.053,0.82,0.726,4.34,3.89,0.92,0.1,2.87,10.8,41.6,7.4
PT,7,6/14/2017,CMP 86,2.35,8.36,45,1.007,0.864,0.776,4.57,4.27,1.2,0.07,3,12.2,41.1,7.5
PT,8,6/14/2017,CMP 87,2.23,8.38,37,0.971,0.82,0.738,4.18,3.41,0.77,0.06,2.59,11.2,30.8,5.8
PT,9,6/14/2017,CMP 88,2.27,8.42,46.6,1.062,0.813,0.73,4.38,3.33,0.74,0.04,2.55,11.6,43.7,7.5
PT,10,6/14/2017,CMP 89,2.4,8.36,38.3,1.007,0.839,0.76,4.59,3.52,0.65,0.03,2.84,11.1,29,6.2
PT,11,6/14/2017,CMP 90,2.21,8.32,44.3,1.053,0.832,0.747,4.12,3.57,0.61,0.05,2.9,11,41.1,7.7
PT,12,6/14/2017,CMP 91,2.31,8.36,46.4,1.008,0.807,0.734,4.39,3.37,0.66,0.05,2.67,10.6,42.8,8
PT,13,6/14/2017,CMP 92,2.25,8.26,42.4,0.929,0.762,0.687,4.02,3.33,0.74,0.07,2.53,11.1,34.3,7.3
PT,14,6/14/2017,CMP 93,2.12,8.31,42.1,0.942,0.743,0.659,3.75,3.06,0.64,0.06,2.37,11.2,31.7,6.3
PT,15,6/14/2017,CMP 94,2.11,8.33,43.1,0.887,0.731,0.654,3.88,3.1,0.69,0.04,2.36,10.8,29.4,6
PT,16,6/14/2017,CMP 95,2.29,8.32,46.3,0.934,0.769,0.692,3.76,3.26,0.65,0.06,2.55,11.4,42.3,7.8
PT,17,6/14/2017,CMP 96,2.38,8.26,47,1.009,0.813,0.749,4.57,3.43,0.76,0.05,2.62,11.3,46.1,8.5
PT,18,6/14/2017,CMP 97,2.35,8.19,54.4,0.952,0.75,0.67,3.52,2.91,0.7,0.05,2.16,12.2,51.7,9.4
PT,19,6/14/2017,CMP 98,2.7,8.25,48,0.91,0.674,0.599,3.54,2.55,0.78,0.05,1.71,11.5,42,8
PT,20,6/14/2017,CMP 99,2.77,8.17,51.1,0.782,0.579,0.492,2.46,2.29,0.82,0.05,1.43,13.6,47.8,9.1
PT,21,6/14/2017,CMP 100,3.02,8.11,45.5,0.659,0.458,0.388,2.32,2.26,1.07,0.03,1.15,14.7,44.4,8.6
PT,22,6/14/2017,CMP 101,3.22,8.26,48.3,0.649,0.426,0.355,2.74,2.38,1.21,0.06,1.11,16,43.1,8.6
PT,23,6/14/2017,CMP 102,3.02,8.21,65.2,0.735,0.496,0.426,2.74,2.21,0.92,0.04,1.25,14.6,55.3,10.5
PT,24,6/14/2017,CMP 103,2.58,8.21,52.9,0.858,0.667,0.588,2.85,2.5,0.87,0.07,1.55,13.1,45.3,6.7
PT,1,6/22/2017,CMP 104,2.18,8.36,88.8,1.153,0.788,0.692,3.54,3.45,0.92,0.05,2.49,14.8,82.8,13.9
PT,2,6/22/2017,CMP 105,2.14,8.36,99,1.22,0.75,0.644,3.4,3.06,0.75,0.02,2.28,14.1,75.1,11.7
PT,3,6/22/2017,CMP 106,2.07,8.24,79,1.001,0.674,0.574,3.06,2.94,0.84,0.02,2.08,14,70.9,11.1
PT,4,6/22/2017,CMP 107,2.07,8.15,64.3,0.954,0.693,0.594,3.02,2.86,0.77,0.02,2.07,15,58.7,11.3
PT,5,6/22/2017,CMP 108,2.15,8.46,78.4,1.125,0.801,0.688,3.39,3.22,0.78,0.02,2.42,14.2,56,9.3
PT,6,6/22/2017,CMP 109,2.27,8.4,71.3,1.106,0.788,0.681,3.22,3.05,0.91,0.03,2.1,14.8,62,10.9
PT,7,6/22/2017,CMP 110,2.38,8.54,57.6,1.049,0.775,0.668,3,2.82,0.93,0.02,1.87,15.6,59.6,10.8
PT,8,6/22/2017,CMP 111,2.41,8.21,52.8,1.02,0.769,0.643,2.89,2.68,0.93,0.02,1.73,16.7,50.2,9.6
PT,9,6/22/2017,CMP 112,2.34,8.25,48.8,1.02,0.769,0.674,3.09,2.87,0.87,0.02,1.98,16,40,8.2
PT,10,6/22/2017,CMP 113,2.22,8.22,58.4,1.03,0.788,0.671,3.16,3.09,0.83,0.03,2.23,15.1,49.9,8.2
PT,11,6/22/2017,CMP 114,2.14,8.15,72.3,1.029,0.731,0.612,3.48,2.86,0.8,0.03,2.03,15.2,63.1,10.5
PT,12,6/22/2017,CMP 115,2.07,8.16,67,0.916,0.655,0.555,2.88,2.73,0.8,0.02,1.91,14.8,59.2,11.4
PT,13,6/22/2017,CMP 116,1.9,8.24,105,0.887,0.534,0.455,2.49,2.26,0.66,0.02,1.58,13.2,89.2,14.2
PT,14,6/22/2017,CMP 117,1.81,8.13,73.6,0.792,0.464,0.377,2.26,1.94,0.62,0.01,1.31,12.9,69.8,12.4
PT,15,6/22/2017,CMP 118,1.79,8.1,66.8,0.735,0.433,0.358,2.1,1.82,0.6,0.01,1.21,12.8,65.1,11.7
PT,16,6/22/2017,CMP 119,1.81,8.09,104,0.897,0.464,0.39,2.09,1.98,0.65,0.02,1.3,12.8,99.6,16.2
PT,17,6/22/2017,CMP 120,1.93,8.09,147,1.121,0.617,0.48,2.95,2.3,0.68,0.02,1.6,13.7,136.7,20
PT,18,6/22/2017,CMP 121,2.1,8.18,187,1.419,0.667,0.565,2.78,2.62,0.79,0.02,1.81,14.8,158.2,23.3
PT,19,6/22/2017,CMP 122,2.24,8.24,143,1.258,0.68,0.591,2.78,2.61,0.89,0.02,1.7,16.5,157.6,24.4
PT,20,6/22/2017,CMP 123,2.43,7.99,95.9,1.087,0.686,0.582,2.57,2.41,0.92,0.02,1.48,18.3,90.9,16
PT,21,6/22/2017,CMP 124,2.53,8.11,84.4,1.03,0.68,0.566,2.59,2.27,0.92,0.03,1.33,19.8,86.5,15.4
PT,22,6/22/2017,CMP 125,2.55,8.15,70.3,1.068,0.693,0.593,2.62,2.34,0.93,0.02,1.39,17.9,65.8,11.8
PT,23,6/22/2017,CMP 126,2.57,8.11,55.2,0.973,0.737,0.597,2.7,2.48,1.06,0.02,1.39,17.9,54.7,10.2
PT,24,6/22/2017,CMP 127,2.38,8.1,84.9,1.106,0.762,0.651,2.64,2.56,0.96,0.02,1.58,17.8,79.6,12.4
FM,1,6/22/2017,CMP 128,2.2,7.69,71.3,0.668,0.338,0.26,1.42,0.96,0.93,0.02,0,17.7,66.4,11.1
FM,2,6/22/2017,CMP 129,1.63,7.65,172,0.905,0.179,0.131,1.32,0.93,0.69,0.03,0.2,12.4,159.5,27.3
FM,3,6/22/2017,CMP 130,1.43,7.53,105,0.535,0.122,0.073,1.01,0.68,0.64,0.04,0,12.5,108,14.2
FM,4,6/22/2017,CMP 131,1.44,7.63,77.7,0.411,0.141,0.09,1.01,0.83,0.66,0.03,0.15,11.2,72.9,9.3
FM,5,6/22/2017,CMP 132,1.64,7.62,267,1.144,0.166,0.112,1.34,0.78,0.7,0.02,0.06,14.7,230,39.5
FM,6,6/22/2017,CMP 133,1.88,7.65,73.4,0.535,0.274,0.214,1.45,1.26,0.75,0.02,0.49,15.1,74.2,11.2
FM,7,6/22/2017,CMP 134,2.08,7.77,238,1.182,0.401,0.337,2.09,1.81,0.83,0.03,0.96,16,246.9,30
FM,8,6/22/2017,CMP 135,2.12,7.85,334,1.533,0.484,0.387,2.32,2.1,0.9,0.02,1.17,15.7,314.7,48.4
FM,9,6/22/2017,CMP 136,1.98,7.81,99.7,0.744,0.401,0.334,2.03,1.9,0.87,0.03,0.99,15.4,84,10
FM,10,6/22/2017,CMP 137,1.83,7.77,102,0.754,0.312,0.26,2.04,1.78,0.86,0.03,0.9,14.7,116.4,16.8
FM,11,6/22/2017,CMP 138,1.75,7.99,98.8,0.744,0.445,0.361,2.29,2.09,0.79,0.02,1.28,12.8,93.8,13.1
FM,12,6/22/2017,CMP 139,1.81,7.87,84.6,0.659,0.382,0.319,2.04,1.77,0.72,0.02,1.02,14.1,82,11.7
FM,13,6/22/2017,CMP 140,1.58,8.08,216,0.811,0.23,0.189,1.5,1.24,0.54,0.02,0.68,10.3,204.2,24.7
FM,14,6/22/2017,CMP 141,1.91,7.82,216.9,0.759,0.141,0.1,0.95,0.78,0.42,0.01,0.34,7.9,207.4,24.9
FM,15,6/22/2017,CMP 142,2.53,7.79,131,0.449,0.109,0.081,0.82,0.74,0.45,0.01,0.28,7,135,17
FM,16,6/22/2017,CMP 143,2.66,7.66,66.6,0.297,0.103,0.089,0.7,0.65,0.38,0.02,0.24,6.8,57.4,8.5
FM,17,6/22/2017,CMP 144,2.14,7.6,150,0.544,0.134,0.102,1,0.73,0.41,0.02,0.3,7.8,147.3,19
FM,18,6/22/2017,CMP 145,1.79,7.62,235,0.954,0.23,0.184,1.46,1.05,0.5,0.02,0.53,9.2,237.9,42.4
FM,19,6/22/2017,CMP 146,1.89,7.62,160,0.858,0.344,0.267,1.84,1.49,0.73,0.03,0.73,12.7,156.3,23.2
FM,20,6/22/2017,CMP 147,2.04,7.69,92.5,0.697,0.363,0.302,1.75,1.47,0.74,0.03,0.7,14.7,86.8,13.8
FM,21,6/22/2017,CMP 148,2.29,7.68,64.8,0.668,0.388,0.32,1.9,1.43,0.79,0.02,0.63,16.7,54.3,10
FM,22,6/22/2017,CMP 149,2.5,7.69,87.7,0.839,0.395,0.328,2.14,1.47,0.88,0.02,0.56,18.1,81.4,15.3
FM,23,6/22/2017,CMP 150,2.58,7.93,123,0.839,0.388,0.332,1.85,1.48,0.94,0.04,0.5,18.4,116.4,16.9
FM,24,6/22/2017,CMP 151,2.5,7.71,85.9,0.725,0.42,0.326,1.84,1.56,0.97,0.02,0.57,18.1,77.9,12.8
SD ,1,6/21/2017,CMP 152,1.79,7.88,91.4,0.782,0.414,0.362,2.31,1.93,0.74,0.02,1.17,12.6,73.6,11.2
SD ,2,6/21/2017,CMP 153,1.62,7.92,191,1.23,0.388,0.331,2.25,1.69,0.55,0.01,1.12,11.2,170.2,23.7
SD ,3,6/21/2017,CMP 154,1.6,7.75,139,0.811,0.329,0.302,2.12,1.48,0.65,0,0.83,13.6,127.9,21.6
SD ,4,6/21/2017,CMP 155,1.71,7.58,95.1,0.706,0.363,0.311,2.02,1.78,0.8,0.02,0.96,16.2,70.5,11.4
SD ,5,6/21/2017,CMP 156,1.79,8.01,112,0.849,0.458,0.396,2.37,2.18,0.74,0.02,1.42,13.3,85.4,13.2
SD ,6,6/21/2017,CMP 157,1.97,8.01,108,0.916,0.528,0.428,2.7,2.37,0.79,0.02,1.57,14.2,83.2,14
SD ,7,6/21/2017,CMP 158,2.34,7.93,111,1.03,0.471,0.394,3.14,2.44,0.99,0.02,1.43,18.5,96,18
SD ,8,6/21/2017,CMP 159,2.48,7.74,108,0.982,0.426,0.352,3.14,2.27,1.07,0.02,1.18,21.1,87.6,14.8
SD ,9,6/21/2017,CMP 160,2.15,7.77,105,0.916,0.471,0.388,2.55,2.25,0.86,0.02,1.36,17.3,88,14.9
SD ,10,6/21/2017,CMP 161,1.87,7.89,92.4,0.849,0.496,0.409,2.24,2.06,0.62,0.03,1.42,13.9,87.3,14
SD ,11,6/21/2017,CMP 162,1.67,7.55,91.5,0.678,0.319,0.266,1.84,1.37,0.57,0.01,0.79,13.1,85.4,13.8
SD ,12,6/21/2017,CMP 163,1.51,7.6,81.1,0.544,0.268,0.224,1.48,1.21,0.5,0.01,0.7,11.3,74.7,10.2
SD ,13,6/21/2017,CMP 164,1.41,7.68,85.7,0.487,0.236,0.192,1.26,1.08,0.48,0.01,0.59,10.2,79.8,13.4
SD ,14,6/21/2017,CMP 165,1.5,7.56,93.2,0.592,0.249,0.186,1.43,1.07,0.52,0.01,0.54,11.2,85.9,14.9
SD ,15,6/21/2017,CMP 166,1.44,7.64,115,0.621,0.287,0.244,1.45,1.27,0.56,0.02,0.7,10.7,92.2,16.2
SD ,16,6/21/2017,CMP 167,1.5,7.53,86.2,0.592,0.287,0.23,1.59,1.3,0.52,0.02,0.76,11.9,70,13.3
SD ,17,6/21/2017,CMP 168,1.67,7.74,90.5,0.678,0.388,0.314,1.85,1.72,0.63,0.02,1.08,11.6,72.6,13
SD ,18,6/21/2017,CMP 169,1.9,7.88,114,0.868,0.484,0.37,2.29,2.06,0.73,0.03,1.31,14,95.7,14.3
SD ,19,6/21/2017,CMP 170,2.37,7.7,101,0.973,0.401,0.329,2.24,2.15,0.99,0.02,1.14,19.7,89,17
SD ,20,6/21/2017,CMP 171,2.53,7.58,90.4,0.932,0.395,0.311,2.58,2.14,1.08,0.02,1.04,22.8,69,16.2
SD ,21,6/21/2017,CMP 172,2.82,7.54,137,1.172,0.363,0.284,2.92,2.17,1.23,0.01,0.93,24.5,114.7,21.8
SD ,22,6/21/2017,CMP 173,3,7.81,150,1.239,0.426,0.319,2.74,2.55,1.51,0.15,0.89,33.2,127.1,25.6
SD ,23,6/21/2017,CMP 174,3.21,7.5,155,1.286,0.344,0.263,3.01,2.36,1.51,0.17,0.68,36.5,103.7,22.3
SD,24,6/21/2017,CMP 175,2.03,7.75,160,1.267,0.604,0.523,2.76,2.65,0.75,0.02,1.88,15.4,157.8,25.7
WL-OUT,1,6/28/2017,CMP 176,2.03,7.84,30.2,0.801,0.547,0.457,1.76,1.56,0.86,0.02,0.67,16.3,25.2,4.6
WL-OUT,2,6/28/2017,CMP 177,2.18,7.97,32.7,0.906,0.598,0.498,2,1.62,0.87,0.04,0.72,16,28.2,7.6
WL-OUT,3,6/28/2017,CMP 178,2.14,7.96,34.8,0.801,0.598,0.501,2.02,1.75,0.81,0.02,0.92,16.1,27.8,8.1
WL-OUT,4,6/28/2017,CMP 179,2.17,7.95,40.6,0.849,0.619,0.498,2.05,1.9,0.8,0.02,1.09,17.1,30.9,8.1
WL-OUT,5,6/28/2017,CMP 180,2.11,8,45,0.897,0.648,0.54,2.39,2.11,0.76,0.02,1.33,15.4,38.2,8.9
WL-OUT,6,6/28/2017,CMP 181,2.26,8.01,43.8,0.935,0.623,0.528,2.27,2.14,0.79,0.01,1.34,15.3,35,8
WL-OUT,7,6/28/2017,CMP 182,2.23,8.04,41.2,0.877,0.629,0.534,2.25,2.08,0.85,0.01,1.21,16.1,32.6,7.8
WL-OUT,8,6/28/2017,CMP 183,2.22,7.97,30.4,0.916,0.623,0.52,2,1.73,0.93,0.01,0.79,18.4,28.1,7.7
WL-OUT,9,6/28/2017,CMP 184,2.24,8.05,44.2,0.973,0.667,0.577,2.14,1.94,0.95,0.01,0.97,18.6,42.4,9.4
WL-OUT,10,6/28/2017,CMP 185,2.29,8.16,84.6,1.205,0.718,0.618,2.61,2.43,0.89,0.01,1.52,17.3,73.7,15.9
WL-OUT,11,6/28/2017,CMP 186,2.26,8.03,58,1.001,0.642,0.546,2.2,2.15,0.82,0.01,1.31,18,57.8,11.3
WL-OUT,12,6/28/2017,CMP 187,2.23,8.01,40,0.877,0.61,0.509,2.15,2,0.87,0.01,1.11,17.4,34.7,7.3
WL-OUT,13,6/28/2017,CMP 188,2.22,8.07,47.7,0.897,0.629,0.529,2.38,2.07,0.8,0.01,1.26,17.7,32.9,7.2
WL-OUT,14,6/28/2017,CMP 189,2.26,8.01,51.2,0.963,0.636,0.537,2.44,2.14,0.83,0.02,1.3,16.7,43.6,9.3
WL-OUT,15,6/28/2017,CMP 190,2.24,7.93,43,0.863,0.629,0.462,2.05,1.85,0.93,0.01,0.91,20.5,41.3,9
WL-OUT,16,6/28/2017,CMP 191,2.25,7.85,43,0.82,0.591,0.497,2.35,2.12,0.94,0.01,1.18,19.6,34,7.6
WL-OUT,17,6/28/2017,CMP 192,2.12,7.98,37.4,0.801,0.598,0.498,2.09,1.84,0.86,0.02,0.96,19.6,30,6.9
WL-OUT,18,6/28/2017,CMP 193,2.3,8.02,20.7,0.839,0.617,0.517,1.52,1.4,1.02,0.02,0.36,20.7,20.5,7
WL-OUT,19,6/28/2017,CMP 194,2.27,7.93,27.3,0.849,0.604,0.486,1.67,1.43,1.11,0.01,0.31,20.8,23.4,7.4
WL-OUT,20,6/28/2017,CMP 195,2.24,7.89,27.9,0.868,0.598,0.466,1.77,1.52,0.97,0.01,0.54,21.6,28.3,7.8
WL-OUT,21,6/28/2017,CMP 196,2.07,7.99,28,0.868,0.636,0.518,1.68,1.51,1.06,0.01,0.44,22.3,27,8.2
WL-OUT,22,6/28/2017,CMP 197,2.23,8,37.1,0.925,0.629,0.523,1.81,1.64,0.96,0.03,0.64,19.6,30.5,11
WL-OUT,23,6/28/2017,CMP 198,2.25,7.98,33.9,0.944,0.629,0.526,1.81,1.52,0.98,0.02,0.52,19.8,29.3,6.8
WL-OUT,24,6/28/2017,CMP 199,2.15,7.92,21.6,0.877,0.629,0.521,1.48,1.37,1.08,0.01,0.28,21.6,18.2,6.3
HL,1,6/28/2017,CMP 200,2.16,8.02,106,0.992,0.553,0.461,2.45,2.22,0.73,0.02,1.47,16.1,90.8,15.6
HL,2,6/28/2017,CMP 201,2.2,8.15,123,1.172,0.667,0.577,2.9,2.71,0.7,0.02,1.98,14.8,108,16.8
HL,3,6/28/2017,CMP 202,2.36,8.06,91.2,1.134,0.693,0.585,2.81,2.54,0.78,0.02,1.75,17,79.9,14
HL,4,6/28/2017,CMP 203,2.54,8.15,86.5,1.058,0.68,0.523,2.78,2.51,0.98,0,1.52,20.3,78.8,15.6
HL,5,6/28/2017,CMP 204,2.6,8.12,575,2.805,0.712,0.582,2.56,2.34,1.15,0.01,1.18,22.9,484,52.3
HL,6,6/28/2017,CMP 205,2.64,8.22,88.1,1.096,0.705,0.583,2.15,2.07,0.91,0.01,1.14,19.9,81,13.5
HL,7,6/28/2017,CMP 206,2.59,8.21,61.1,0.954,0.705,0.593,2.09,1.97,0.99,0.01,0.97,19.8,54.5,9.7
HL,8,6/28/2017,CMP 207,2.47,8.22,76.6,1.001,0.699,0.596,2.38,2.21,0.83,0.01,1.37,18.3,68.6,10.4
HL,9,6/28/2017,CMP 208,2.26,8.21,109,1.22,0.743,0.605,3.16,3.09,0.89,0.03,2.17,15.7,100.6,15.4
HL,10,6/28/2017,CMP 209,2.27,8.22,142,1.367,0.807,0.684,3.46,3.29,0.79,0.02,2.48,16.5,114.5,15.7
HL,11,6/28/2017,CMP 210,2.22,8.23,144,1.177,0.636,0.551,2.77,2.62,0.71,0.03,1.88,14.5,116.1,15.3
HL,12,6/28/2017,CMP 211,2.25,8.19,115,1.153,0.598,0.511,2.56,2.49,0.73,0.04,1.73,14,96.2,13.6
HL,13,6/28/2017,CMP 212,2.22,8.23,101,0.868,0.585,0.501,2.53,2.41,0.63,0.04,1.74,13.6,80.2,12.4
HL,14,6/28/2017,CMP 213,2.18,8.21,95.5,0.897,0.598,0.521,2.72,2.47,0.67,0.04,1.75,14,75.3,11.6
HL,15,6/28/2017,CMP 214,2.2,8.2,100,1.039,0.655,0.574,2.89,2.79,0.7,0.05,2.05,14.6,88.3,11.4
HL,16,6/28/2017,CMP 215,2.27,8.28,101,1.087,0.718,0.624,3.02,2.86,0.77,0.05,2.05,14.9,95.1,16.6
HL,17,6/28/2017,CMP 216,2.34,8.26,98.5,1.106,0.782,0.665,3.26,3.05,0.9,0.06,2.08,15.8,84.9,13.2
HL,18,6/28/2017,CMP 217,2.39,8.24,74.8,1.077,0.762,0.654,3.07,2.82,0.89,0.04,1.89,16.4,66.5,11
HL,19,6/28/2017,CMP 218,2.37,8.22,65.8,1.058,0.756,0.665,2.99,2.8,0.76,0.06,1.98,16.5,55.8,9.8
HL,20,6/28/2017,CMP 219,2.27,8.23,93.5,1.068,0.743,0.649,3.01,2.93,0.75,0.06,2.12,15.5,72.7,12
HL,21,6/28/2017,CMP 220,2.25,8.24,101,1.011,0.699,0.604,3.06,2.83,0.82,0.06,1.95,14.5,93.5,11.6
HL,22,6/28/2017,CMP 221,2.2,8.25,102,1.001,0.648,0.56,2.96,2.62,0.68,0.06,1.88,14.7,97.1,8.1
HL,23,6/28/2017,CMP 222,2.2,8.2,99,1.144,0.617,0.528,2.67,2.57,0.75,0.05,1.77,13.8,81.9,11.8
HL,24,6/28/2017,CMP 223,2.22,8.21,99,0.935,0.61,0.54,2.62,2.48,0.69,0.05,1.74,13.4,75.9,10.3
SD,1,6/12/2017,CMP 224,2.53,7.87,64.6,0.944,0.35,0.254,2.72,2.6,1.19,0.39,1.02,22,60.5,16.2
FM,1,6/12/2017,CMP 225,2.31,8.06,78.2,0.659,0.395,0.332,1.5,1.65,0.62,0.09,0.95,12.7,61.4,11.9
HL,1,6/14/2017,CMP 226,2.15,8.2,40.5,1.077,0.864,0.742,3.47,3.76,0.68,0.1,2.98,15.3,37.6,7.1
PT,1,6/14/2017,CMP 227,2.57,8.17,53.7,0.858,0.598,0.519,2.09,2.38,0.75,0.11,1.51,15.5,40.1,10.8
FM,1,7/17/2017,CMP 228,2.89,8.2,69.1,0.693,0.397,0.376,2.67,1.97,0.61,0.02,1.34,12.6,62.7,13.3
FM,2,7/17/2017,CMP 229,2.79,8.23,65.9,0.739,0.465,0.441,3.06,2.18,0.58,0.02,1.58,12,63.3,11.6
FM,3,7/17/2017,CMP 230,2.82,8.22,58.3,0.656,0.459,0.438,2.67,2.17,0.62,0.03,1.52,13.4,53.6,10.8
FM,4,7/17/2017,CMP 231,2.9,8.26,92.3,0.749,0.465,0.443,2.44,1.95,0.59,0.01,1.35,13,88.4,13.5
FM,5,7/17/2017,CMP 232,2.87,8.19,130,0.841,0.446,0.414,2.58,2.05,0.68,0.02,1.35,13.8,126.3,19.9
FM,6,7/17/2017,CMP 233,2.75,8.25,211,1.034,0.41,0.384,2.56,2,0.55,0.02,1.42,11.9,207.9,29.5
FM,7,7/17/2017,CMP 234,2.75,8.23,352,1.357,0.453,0.436,3.02,2.18,0.52,0.03,1.63,11.6,333.7,48
FM,8,7/17/2017,CMP 235,2.76,8.27,158,0.868,0.428,0.406,2.61,2.13,0.55,0.02,1.55,11.1,147.2,21.7
FM,9,7/17/2017,CMP 236,2.79,8.28,175,0.933,0.446,0.419,2.99,2.09,0.59,0.02,1.48,12.4,161.8,24.1
FM,10,7/17/2017,CMP 237,2.56,8.24,128,0.656,0.288,0.267,2.38,1.51,0.54,0.02,0.95,10.6,127.8,17.1
FM,11,7/17/2017,CMP 238,2.85,8.18,69.5,0.592,0.317,0.295,2.35,1.64,0.51,0.03,1.1,9.9,69.6,9.9
FM,12,7/17/2017,CMP 239,3.09,8.18,72.2,0.362,0.207,0.184,1.39,1.1,0.38,0.03,0.69,8,67.2,10.8
FM,13,7/17/2017,CMP 240,2.74,8.21,48.1,0.463,0.331,0.305,1.94,1.6,0.47,0.02,1.11,10.6,42.1,8.5
FM,14,7/17/2017,CMP 241,2.7,8.24,56.5,0.592,0.397,0.374,2.49,1.92,0.57,0.01,1.34,11.3,51.2,9.4
FM,15,7/17/2017,CMP 242,2.75,8.28,60.2,0.629,0.489,0.419,2.44,2.05,0.51,0.02,1.52,11.3,53.5,10
FM,16,7/17/2017,CMP 243,2.84,8.34,52.9,0.601,0.459,0.436,2.43,2.07,0.54,0.02,1.51,11.6,47.3,9.4
FM,17,7/17/2017,CMP 244,2.88,8.24,52.4,0.629,0.454,0.432,2.55,1.99,0.55,0.03,1.4,12.2,50.4,10.4
FM,18,7/17/2017,CMP 245,2.9,8.29,56.2,0.62,0.446,0.419,2.51,1.97,0.64,0.02,1.3,12.4,52.5,11.2
FM,19,7/17/2017,CMP 246,2.94,8.27,85.2,0.73,0.45,0.425,2.56,1.97,0.67,0.04,1.26,12.9,86.4,12.6
FM,20,7/17/2017,CMP 247,3,8.19,360,1.404,0.428,0.39,3.15,1.94,0.7,0.03,1.22,12.8,348.3,45.7
FM,21,7/17/2017,CMP 248,2.79,8.25,422,1.569,0.556,0.53,3.77,2.7,0.69,0.04,1.96,12.5,386.2,47.7
FM,22,7/17/2017,CMP 249,2.8,8.27,253,1.246,0.502,0.478,2.95,2.37,0.65,0.03,1.69,12.1,231.2,31.2
FM,23,7/17/2017,CMP 250,2.75,8.24,150,0.822,0.41,0.376,2.22,1.94,0.57,0.02,1.35,11.7,133.4,21.8
FM,24,7/17/2017,CMP 251,2.6,8.2,119,0.592,0.287,0.262,1.89,1.57,0.61,0.03,0.93,10.9,110.4,18.1
SD,1,7/17/2017,CMP 252,2.79,8.29,122,0.915,0.508,0.471,2.95,2.28,0.53,0.03,1.71,11.3,121.9,16.5
SD,2,7/17/2017,CMP 253,2.76,8.23,144,0.951,0.515,0.478,3.22,2.32,0.54,0.01,1.77,11.7,126,17.1
SD,3,7/17/2017,CMP 254,2.82,8.2,154,1.045,0.541,0.502,3.62,2.48,0.56,0.02,1.91,12.2,130.7,18.5
SD,4,7/17/2017,CMP 255,2.84,8.1,127,0.868,0.53,0.492,3.15,2.43,0.57,0.01,1.85,13.2,99.6,12.6
SD,5,7/17/2017,CMP 256,2.82,8.22,112,0.776,0.538,0.5,3.25,2.53,0.63,0.02,1.88,12.5,97.4,13.2
SD,6,7/17/2017,CMP 257,2.76,8.19,74.4,0.832,0.591,0.551,3.59,2.7,0.66,0.03,2.01,12.3,69.3,11
SD,7,7/17/2017,CMP 258,2.33,8.17,63.9,0.703,0.537,0.502,2.83,2.43,0.56,0.01,1.85,12.5,59.5,10.2
SD,8,7/17/2017,CMP 259,2.78,8.11,80.7,0.62,0.46,0.42,2.38,2.08,0.5,0.01,1.58,11.8,79.5,12.8
SD,9,7/17/2017,CMP 260,2.88,8.04,78,0.601,0.393,0.308,2.08,1.76,0.5,0.01,1.25,11.6,75,13.3
SD,10,7/17/2017,CMP 261,2.94,7.92,59.4,0.509,0.325,0.289,1.99,1.56,0.46,0.01,1.08,10.8,39.8,4.9
SD,11,7/17/2017,CMP 262,2.98,7.8,63.1,0.454,0.282,0.234,1.75,1.46,0.55,0,0.91,12.6,57.2,10.4
SD,12,7/17/2017,CMP 263,2.96,7.95,64.3,0.481,0.313,0.276,1.72,1.52,0.48,0.01,1.03,9.8,60.2,10.8
SD,13,7/17/2017,CMP 264,2.87,7.85,59.6,0.592,0.368,0.325,2.06,1.74,0.57,0.01,1.17,11.1,53.7,9.7
SD,14,7/17/2017,CMP 265,2.81,8.03,68.7,0.62,0.43,0.382,2.15,2.02,0.54,0.01,1.47,10.8,58,8.6
SD,15,7/17/2017,CMP 266,2.83,7.98,69.8,0.721,0.499,0.463,3.11,2.33,0.61,0.01,1.71,12.4,64.5,9.5
SD,16,7/17/2017,CMP 267,2.86,7.98,74,0.776,0.528,0.483,3.11,2.4,0.6,0.01,1.79,13.1,68.7,9.8
SD,17,7/17/2017,CMP 268,2.89,8.04,92.9,0.795,0.491,0.454,3.02,2.4,0.7,0.03,1.67,13.4,94.5,13.4
SD,18,7/17/2017,CMP 269,2.9,8.06,98.6,0.73,0.491,0.43,2.9,2.11,0.58,0.04,1.49,14,93.8,12.9
SD,19,7/17/2017,CMP 270,2.97,7.96,169,0.887,0.424,0.373,2.38,1.82,0.64,0.02,1.16,14.7,144.7,19
SD,20,7/17/2017,CMP 271,3.02,7.86,168,0.924,0.38,0.341,2.22,1.64,0.67,0.01,0.96,15.9,151.6,20.5
SD,21,7/17/2017,CMP 272,2.82,8.28,134,0.97,0.626,0.587,2.9,2.69,0.55,0.01,2.13,13.2,121.4,17.4
SD,22,7/17/2017,CMP 273,2.84,8.3,161,0.951,0.553,0.516,2.83,2.6,0.58,0.04,1.98,12.1,158.5,18.5
SD,23,7/17/2017,CMP 274,2.8,8.27,120,0.758,0.491,0.456,2.72,2.22,0.55,0.01,1.66,11.3,108,14.8
SD,24,7/17/2017,CMP 275,2.85,8.27,129,0.737,0.438,0.389,2.35,1.97,0.48,0.02,1.47,11,111.1,15.5
HL,1,7/18/2017,CMP 276,2.76,8.3,53.3,0.919,0.797,0.764,3.84,3.05,0.92,0.01,2.12,14.5,51.5,8.8
HL,2,7/18/2017,CMP 277,2.74,8.39,59,0.878,0.742,0.687,4.05,2.74,0.86,0.02,1.87,13.7,54.7,8.6
HL,3,7/18/2017,CMP 278,2.84,8.37,46.9,0.951,0.81,0.747,3.5,2.72,0.95,0.01,1.76,15.3,38.5,7.8
HL,4,7/18/2017,CMP 279,2.92,8.33,49.2,0.859,0.736,0.701,3.13,2.69,0.76,0.01,1.91,15.4,44.6,9.8
HL,5,7/18/2017,CMP 280,2.98,8.28,44.6,0.868,0.716,0.683,2.97,2.44,0.79,0.01,1.64,15.8,30.4,7
HL,6,7/18/2017,CMP 281,2.85,8.48,60.3,0.933,0.773,0.729,3.16,2.99,0.74,0.01,2.24,14.6,59,10.1
HL,7,7/18/2017,CMP 282,2.78,8.45,62.6,0.988,0.81,0.772,3.45,2.72,0.74,0.01,1.98,14.3,59.3,10.9
HL,8,7/18/2017,CMP 283,2.74,8.38,69.1,0.951,0.742,0.712,3.48,2.67,0.75,0.03,1.89,13.7,65.8,10.9
HL,9,7/18/2017,CMP 284,2.76,8.37,63.1,0.851,0.66,0.627,3.64,2.92,0.61,0.03,2.28,13,62.6,10.2
HL,10,7/18/2017,CMP 285,2.76,8.34,63,0.776,0.6,0.571,3.13,2.69,0.58,0.03,2.08,12.7,57.9,8.2
HL,11,7/18/2017,CMP 286,2.76,8.35,57.7,0.684,0.552,0.518,3.06,2.46,0.56,0.02,1.88,12,54.4,10.2
HL,12,7/18/2017,CMP 287,2.79,8.34,45.7,0.62,0.495,0.432,2.95,2.26,0.55,0.01,1.69,11.5,45,9.1
HL,13,7/18/2017,CMP 288,2.72,8.31,47.5,0.721,0.558,0.519,3.18,2.53,0.57,0.05,1.9,13.2,47,8.1
HL,14,7/18/2017,CMP 289,2.75,8.33,63.3,0.85,0.638,0.609,3.38,2.79,0.57,0.03,2.18,13.9,59.8,10.2
HL,15,7/18/2017,CMP 290,2.76,8.33,66.7,0.965,0.791,0.679,3.29,2.48,0.71,0.05,1.72,15.5,57,10.5
HL,16,7/18/2017,CMP 291,2.82,8.33,51.5,0.896,0.758,0.69,3.25,3.07,0.64,0.02,2.41,15.4,50.5,8.6
HL,17,7/18/2017,CMP 292,2.88,8.33,65.4,0.951,0.73,0.701,3.15,2.86,0.7,0.03,2.13,16.6,55.2,8.4
HL,18,7/18/2017,CMP 293,2.95,8.32,62.7,0.942,0.758,0.706,2.93,2.66,0.76,0.05,1.86,17.4,61.7,10.1
HL,19,7/18/2017,CMP 294,3.01,8.35,57.4,0.887,0.732,0.703,2.88,2.38,0.79,0.03,1.56,17,54.6,9.1
HL,20,7/18/2017,CMP 295,3.04,8.32,53.1,0.841,0.724,0.686,2.58,2.35,0.85,0.03,1.47,17.1,50.8,8.3
HL,21,7/18/2017,CMP 296,2.95,8.32,67.6,0.951,0.741,0.712,3.2,2.93,0.98,0.04,1.91,16.5,64.1,10.3
HL,22,7/18/2017,CMP 297,2.75,8.34,77.1,1.117,0.923,0.893,3.85,3.47,0.92,0.06,2.49,15.6,58.3,8.6
HL,23,7/18/2017,CMP 298,2.76,8.29,78.7,0.988,0.804,0.755,3.85,3.08,1.04,0.04,2.01,14.8,67.3,9.7
HL,24,7/18/2017,CMP 299,2.77,8.34,66.6,0.896,0.699,0.659,3.52,3.19,0.8,0.04,2.35,13.9,56.8,8.2
PT,1,7/18/2017,CMP 300,2.8,8.44,55.3,1.053,0.828,0.811,4.25,3,0.82,0.03,2.16,14.6,54.8,8.5
PT,2,7/18/2017,CMP 301,2.88,8.44,49,0.988,0.736,0.716,3.57,2.96,0.71,0.02,2.23,15.9,47.9,7.9
PT,3,7/18/2017,CMP 302,2.92,8.42,60.4,0.997,0.718,0.7,3.61,2.73,0.72,0.01,1.99,15.9,58.1,8.9
PT,4,7/18/2017,CMP 303,2.89,8.4,54.9,0.933,0.718,0.701,3.11,2.8,0.78,0.01,2.01,16,47.6,10
PT,5,7/18/2017,CMP 304,2.82,8.44,51.3,0.98,0.786,0.764,3.91,2.62,0.76,0.03,1.83,15,43,10.3
PT,6,7/18/2017,CMP 305,2.8,8.43,67.3,1.136,0.816,0.795,4.66,2.73,0.67,0.03,2.04,14.4,63.1,10.2
PT,7,7/18/2017,CMP 306,2.76,8.42,66.8,0.988,0.726,0.711,3.93,2.67,0.68,0.02,1.97,13.7,63.5,10.5
PT,8,7/18/2017,CMP 307,2.77,8.35,74.8,0.961,0.613,0.598,3.93,2.84,0.62,0.02,2.2,13,66.7,8.3
PT,9,7/18/2017,CMP 308,2.79,8.3,60.3,0.776,0.552,0.542,3.45,2.56,0.59,0.03,1.93,12.4,50.6,6.9
PT,10,7/18/2017,CMP 309,2.81,8.35,47.7,0.73,0.539,0.524,3.11,2.5,0.57,0.02,1.91,12.5,47.4,6.8
PT,11,7/18/2017,CMP 310,2.77,8.3,48.8,0.684,0.515,0.502,2.95,2.42,0.58,0.01,1.83,12.7,43.9,6.7
PT,12,7/18/2017,CMP 311,2.74,8.3,78.2,0.841,0.536,0.524,3.09,2.48,0.56,0.03,1.89,13,78.1,10.5
PT,13,7/18/2017,CMP 312,3.06,8.29,117,1.062,0.65,0.638,3.57,2.85,0.64,0.01,2.2,13.4,115.3,15.3
PT,14,7/18/2017,CMP 313,3.06,8.25,113,1.154,0.73,0.716,3.41,3.02,0.61,0.01,2.4,14.2,99.1,13.2
PT,15,7/18/2017,CMP 314,3.14,8.3,94.1,1.126,0.73,0.716,3.98,2.91,0.67,0.02,2.22,15.1,91.7,13.5
PT,16,7/18/2017,CMP 315,3.14,8.27,72.9,0.979,0.718,0.693,3.11,2.7,0.66,0.03,2.01,15.2,64.7,9.5
PT,17,7/18/2017,CMP 316,3.1,8.32,71.4,0.909,0.706,0.674,3.06,2.57,0.68,0.01,1.88,15,61.8,9.6
PT,18,7/18/2017,CMP 317,3.2,8.36,81.1,0.915,0.669,0.657,3.13,2.52,0.82,0.02,1.68,15,69.8,10.3
PT,19,7/18/2017,CMP 318,3.18,8.28,54.2,0.979,0.7,0.667,3.64,2.5,0.8,0.01,1.69,15.3,50.1,7.4
PT,20,7/18/2017,CMP 319,3.17,8.27,85,1.025,0.718,0.706,3.61,2.74,0.7,0.02,2.02,15,77.7,12.8
PT,21,7/18/2017,CMP 320,3,8.26,90.6,1.191,0.829,0.818,4.37,3.12,0.95,0.01,2.15,14.4,76,13.2
PT,22,7/18/2017,CMP 321,2.82,8.3,81.3,1.099,0.833,0.81,4.16,3.1,0.92,0.03,2.15,13.6,77.2,12.3
PT,23,7/18/2017,CMP 322,2.78,8.31,74.9,1.062,0.798,0.773,4.34,2.94,0.88,0.03,2.02,13.2,66.7,10.5
PT,24,7/18/2017,CMP 323,2.8,8.29,69.9,1.016,0.743,0.7,4.07,2.78,0.92,0.03,1.83,13.2,60.5,10.3
WL-OUT,1,7/19/2017,CMP 324,2.8,8.09,17.5,0.758,0.586,0.551,3.35,2.22,0.57,0.01,1.64,13.7,15.8,3.4
WL-OUT,2,7/19/2017,CMP 325,2.83,8.08,18.8,0.749,0.61,0.571,2.94,2.36,0.61,0.01,1.74,13.5,17.1,5.4
WL-OUT,3,7/19/2017,CMP 326,2.82,8.09,21.3,0.758,0.604,0.561,3.1,2.36,0.61,0.01,1.74,14,22,5.2
WL-OUT,4,7/19/2017,CMP 327,2.79,8.18,22.3,0.785,0.598,0.569,3.26,2.37,0.62,0.01,1.74,13.7,21.1,4.7
WL-OUT,5,7/19/2017,CMP 328,2.78,8.14,19,0.721,0.573,0.554,3.03,2.39,0.75,0.01,1.63,14.2,18.5,5.9
WL-OUT,6,7/19/2017,CMP 329,2.85,8.11,17.2,0.747,0.531,0.513,2.89,2.01,0.79,0.02,1.19,14.8,14.6,5.1
WL-OUT,7,7/19/2017,CMP 330,2.84,8.14,21.4,0.804,0.61,0.547,3.01,2.3,0.79,0.01,1.5,14.1,18.8,4.1
WL-OUT,8,7/19/2017,CMP 331,2.82,8.07,31.4,0.804,0.589,0.572,3.19,2.35,0.63,0.03,1.7,13.9,23.3,10.4
WL-OUT,9,7/19/2017,CMP 332,2.8,8.05,23.1,0.758,0.586,0.566,2.83,2.34,0.64,0.03,1.67,13.6,22.8,11.5
WL-OUT,10,7/19/2017,CMP 333,2.83,8.16,25.3,0.841,0.664,0.649,3.54,2.72,0.57,0.02,2.12,13.9,23.8,12.6
WL-OUT,11,7/19/2017,CMP 334,2.86,8.17,38.9,0.976,0.727,0.706,3.67,2.49,0.7,0.04,1.75,14.2,32.6,10.2
WL-OUT,12,7/19/2017,CMP 335,2.8,8.25,30.5,0.988,0.739,0.703,3.99,2.51,0.65,0.03,1.83,14,28.2,14.1
WL-OUT,13,7/19/2017,CMP 336,2.83,8.19,27,0.896,0.717,0.703,3.97,2.44,0.62,0.03,1.8,14,26.7,5.5
WL-OUT,14,7/19/2017,CMP 337,2.8,8.11,31.6,0.882,0.685,0.674,3.56,2.95,0.78,0.03,2.14,14,26.5,14.1
WL-OUT,15,7/19/2017,CMP 338,2.85,8.07,22.3,0.887,0.637,0.617,3.74,2.6,0.72,0.04,1.84,14,20.3,8.5
WL-OUT,16,7/19/2017,CMP 339,2.83,8.01,26.7,0.942,0.69,0.667,3.51,2.51,0.73,0.03,1.74,14.4,25.1,11.6
WL-OUT,17,7/19/2017,CMP 340,2.86,8.03,23.4,0.832,0.622,0.606,3.01,2.43,0.79,0.04,1.61,14.4,19.9,10.7
WL-OUT,18,7/19/2017,CMP 341,2.87,8.07,21.1,0.832,0.61,0.585,2.73,2.39,0.93,0.05,1.41,14.6,16.5,4.4
WL-OUT,19,7/19/2017,CMP 342,2.85,8.01,20.4,0.785,0.629,0.603,2.71,2.33,0.9,0.04,1.39,15,15.6,4.5
WL-OUT,20,7/19/2017,CMP 343,2.84,8.02,19.6,0.85,0.606,0.591,3.08,2.18,0.69,0.02,1.47,14.5,18.9,4.9
WL-OUT,21,7/19/2017,CMP 344,2.88,8.03,19.4,0.82,0.589,0.574,3.31,2.25,0.86,0.03,1.37,15,17.6,8.6
WL-OUT,22,7/19/2017,CMP 345,2.85,7.94,18.8,0.832,0.598,0.572,2.92,1.98,0.79,0.03,1.16,15.6,17.7,5.9
WL-OUT,23,7/19/2017,CMP 346,2.89,8.05,17.6,0.776,0.598,0.579,2.67,2.17,0.95,0.01,1.21,15,18.9,6.4
WL-OUT,24,7/19/2017,CMP 347,2.92,7.98,19.4,0.785,0.58,0.563,2.73,2.25,1.13,0.02,1.11,15.6,18.5,9.2
PT,1,7/24/2017,CMP 348,3.1,7.87,33.9,0.795,0.604,0.592,2.85,2.49,0.86,0.01,1.62,13.7,28,7.3
PT,2,7/24/2017,CMP 349,3.12,7.84,32.3,0.73,0.592,0.572,2.44,2.16,0.75,0.01,1.39,13.4,31.7,4.6
PT,3,7/24/2017,CMP 350,3.11,7.9,26.3,0.712,0.578,0.572,2.37,2.2,0.92,0.01,1.27,14.3,21.9,5.3
PT,4,7/24/2017,CMP 351,3.07,7.75,30.2,0.767,0.554,0.55,2.09,1.94,0.99,0.01,0.94,15.7,19.6,5.3
PT,5,7/24/2017,CMP 352,3.13,7.76,29.3,0.721,0.553,0.543,2.16,2.01,0.8,0.01,1.19,14.8,26.4,6
PT,6,7/24/2017,CMP 353,3.13,7.74,19.3,0.758,0.567,0.548,2,1.75,0.93,0.02,0.8,16.7,13.6,2.3
PT,7,7/24/2017,CMP 354,3.08,7.73,15.2,0.739,0.567,0.55,1.77,1.41,0.87,0.01,0.53,17.8,14.2,2.6
PT,8,7/24/2017,CMP 355,3.12,7.71,20,0.705,0.561,0.542,1.96,1.44,0.87,0.02,0.55,18.7,16,3.9
PT,9,7/24/2017,CMP 356,3.13,7.77,18.6,0.693,0.573,0.556,1.77,1.53,0.96,0.01,0.56,18.4,15.3,4.3
PT,10,7/24/2017,CMP 357,3.14,7.7,14,0.739,0.577,0.563,1.84,1.43,0.95,0.01,0.46,18.5,13.4,4.7
PT,11,7/24/2017,CMP 358,3.11,7.74,28.9,0.767,0.548,0.471,1.75,1.48,1.15,0.01,0.32,17.4,16.3,5.6
PT,12,7/24/2017,CMP 359,3.24,7.78,26.9,0.703,0.511,0.467,2.26,2.05,0.86,0.02,1.16,15.2,18.3,5.4
PT,13,7/24/2017,CMP 360,3.23,7.75,28.4,0.678,0.515,0.476,2.04,1.91,0.74,0.01,1.16,14.1,25.2,6.2
PT,14,7/24/2017,CMP 361,3.24,7.74,26.4,0.62,0.478,0.457,2.09,1.94,0.77,0.03,1.14,14.3,22.2,4.9
PT,15,7/24/2017,CMP 362,3.21,7.78,33,0.68,0.511,0.462,1.95,1.88,0.9,0.01,0.96,16,26.4,6.2
PT,16,7/24/2017,CMP 363,3.34,7.71,32.6,0.641,0.475,0.46,1.89,1.78,0.68,0.01,1.1,15.3,32.5,6.2
PT,17,7/24/2017,CMP 364,3.29,7.68,25.5,0.638,0.505,0.464,1.97,1.88,0.88,0.02,0.98,15.9,23.1,5.7
PT,18,7/24/2017,CMP 365,3.27,7.7,30.4,0.671,0.487,0.483,2.03,1.88,0.78,0.03,1.06,15.3,24.6,6
PT,19,7/24/2017,CMP 366,3.22,7.66,38.9,0.73,0.511,0.475,2,1.85,0.72,0.06,1.07,16,35.6,8.7
PT,20,7/24/2017,CMP 367,3.25,7.74,45.2,0.73,0.481,0.476,2.3,1.94,0.8,0.03,1.11,16.2,44.5,9.9
PT,21,7/24/2017,CMP 368,3.23,7.61,39.8,0.721,0.499,0.47,2.28,2.05,0.87,0.04,1.15,16.4,37.9,8.4
PT,22,7/24/2017,CMP 369,3.25,7.71,50.4,0.73,0.493,0.451,2.27,2.15,0.88,0.07,1.2,15.6,50.8,11.8
PT,23,7/24/2017,CMP 370,3.32,7.68,35,0.684,0.481,0.47,2.09,2.04,0.82,0.04,1.18,15,35.5,9.1
PT,24,7/24/2017,CMP 371,3.29,7.64,42.4,0.712,0.524,0.478,2.06,1.99,0.73,0.03,1.23,15.4,36.8,8.5
WL-OUT,1,7/24/2017,CMP 372,3.16,8.16,98.6,0.942,0.591,0.507,2.77,2.41,1.11,0.03,1.27,18.6,70.6,13.3
WL-OUT,2,7/24/2017,CMP 373,3.16,7.99,84.9,0.878,0.604,0.542,2.41,2.31,0.91,0.03,1.36,18.2,54.7,10.9
WL-OUT,3,7/24/2017,CMP 374,3.18,8.08,54.3,0.813,0.614,0.6,2.32,2.18,1,0.02,1.16,18.4,47.4,11
WL-OUT,4,7/24/2017,CMP 375,3.22,8.06,55.6,0.785,0.616,0.576,2.28,2.09,0.87,0.02,1.19,18.8,54.3,10
WL-OUT,5,7/24/2017,CMP 376,3.14,8.04,81.8,0.933,0.647,0.587,3.13,2.47,0.86,0.02,1.59,17.8,73.2,14.1
WL-OUT,6,7/24/2017,CMP 377,3.06,8.05,118,1.08,0.739,0.643,3.33,2.92,0.74,0.03,2.15,16.2,97.4,15.9
WL-OUT,7,7/24/2017,CMP 378,3.09,8.02,138,1.139,0.702,0.657,3.48,3.17,0.95,0.02,2.21,16.9,125,18.9
WL-OUT,8,7/24/2017,CMP 379,3.18,8.03,103,0.898,0.598,0.591,2.86,2.65,0.69,0.03,1.93,14.5,89,14.5
WL-OUT,9,7/24/2017,CMP 380,3.21,8.06,84,0.867,0.579,0.559,2.78,2.65,0.77,0.02,1.86,14.2,74.4,14.4
WL-OUT,10,7/24/2017,CMP 381,3.2,8.04,65.6,0.878,0.585,0.569,2.77,2.59,0.73,0.01,1.85,14.4,54.1,11.4
WL-OUT,11,7/24/2017,CMP 382,3.1,8.02,96.7,0.961,0.64,0.584,3.18,2.62,0.8,0.01,1.82,14.8,68.7,14.8
WL-OUT,12,7/24/2017,CMP 383,3.1,8.1,88.5,1.016,0.696,0.64,3.18,2.75,0.91,0.02,1.82,15.8,87,15.1
WL-OUT,13,7/24/2017,CMP 384,3.17,8.08,69.4,1.016,0.683,0.646,3.18,2.62,0.83,0.01,1.78,17.1,69.9,12.3
WL-OUT,14,7/24/2017,CMP 385,3.2,8.02,63,0.887,0.653,0.638,2.73,2.58,0.94,0.01,1.63,18.8,60.8,11.9
WL-OUT,15,7/24/2017,CMP 386,3.19,8.13,61,0.896,0.668,0.651,2.88,2.56,0.87,0.01,1.67,17.5,54.9,11.1
WL-OUT,16,7/24/2017,CMP 387,3.14,8.07,76.3,0.951,0.674,0.658,3.02,2.7,0.7,0.02,1.98,16,65.3,12.9
WL-OUT,17,7/24/2017,CMP 388,3.12,8.07,89.2,0.979,0.683,0.645,2.95,2.74,0.74,0.03,1.98,15.3,85,13.8
WL-OUT,18,7/24/2017,CMP 389,3.26,8.01,96.7,1.016,0.585,0.58,2.74,2.52,0.65,0.02,1.85,14.4,95.7,17.8
WL-OUT,19,7/24/2017,CMP 390,3.39,8.03,111,0.853,0.511,0.51,2.38,2.26,0.61,0.02,1.63,13.9,94.7,15
WL-OUT,20,7/24/2017,CMP 391,3.46,8.08,81.4,0.749,0.508,0.484,2.49,2.3,0.72,0.04,1.55,13.6,76.1,11.7
WL-OUT,21,7/24/2017,CMP 392,3.53,8.03,71.8,0.693,0.444,0.411,2.41,2.24,0.87,0,1.36,17.2,64.4,14.3
WL-OUT,22,7/24/2017,CMP 393,3.47,7.92,103,0.822,0.475,0.462,2.5,2.38,0.83,0.02,1.53,16.4,100.7,13.5
WL-OUT,23,7/24/2017,CMP 394,3.24,7.92,150,1.117,0.548,0.476,2.52,2.45,0.73,0.02,1.7,15.4,132.9,26.8
WL-OUT,24,7/24/2017,CMP 395,3.27,8,134,1.115,0.616,0.551,2.96,2.5,0.76,0.02,1.72,16.6,117.8,22.1
F M,1,7/26/2017,CMP 396,3.86,7.94,84.3,0.574,0.341,0.314,1.92,1.5,0.67,0.01,0.81,12.4,78.4,11.3
F M,2,7/26/2017,CMP 397,3.9,8.03,113,0.666,0.319,0.3,1.87,1.43,0.63,0.03,0.78,11.9,112.6,15.7
F M,3,7/26/2017,CMP 398,3.84,8.06,80.1,0.555,0.315,0.294,1.76,1.42,0.65,0.01,0.77,12.2,79.7,12.2
F M,4,7/26/2017,CMP 399,3.89,8.09,111,0.656,0.327,0.314,1.8,1.43,0.63,0.01,0.79,12.6,107.1,15.3
F M,5,7/26/2017,CMP 400,3.85,8.13,89.4,0.629,0.358,0.325,1.69,1.42,0.59,0,0.82,12.7,89.6,13.5
F M,6,7/26/2017,CMP 401,3.98,8.15,70.6,0.52,0.278,0.228,1.6,1.15,0.67,0,0.48,12.3,64,14.5
F M,7,7/26/2017,CMP 402,3.54,8.16,115,0.641,0.266,0.226,2.24,2.04,0.64,0.01,1.4,12.6,106.1,15.4
F M,8,7/26/2017,CMP 403,3.62,8.17,178,0.933,0.498,0.471,2.23,2.06,0.59,0,1.47,12,160.8,23.1
F M,9,7/26/2017,CMP 404,3.7,8.12,98.8,0.712,0.427,0.401,2,1.79,0.54,0.01,1.24,11.3,85.5,12.9
F M,10,7/26/2017,CMP 405,3.85,8.11,91.4,0.564,0.296,0.284,1.43,1.4,0.58,0.01,0.81,10.8,90.6,13.7
F M,11,7/26/2017,CMP 406,3.99,7.94,72.1,0.38,0.143,0.137,0.91,0.87,0.49,0,0.37,9.6,65.7,7
F M,12,7/26/2017,CMP 407,4.61,7.93,133,0.5,0.149,0.14,1.27,0.93,0.48,0,0.45,8.7,126.7,16.8
F M,13,7/26/2017,CMP 408,4.22,7.83,171,0.54,0.13,0.12,1.24,0.65,0.57,0,0.08,9.5,164.8,21.2
F M,14,7/26/2017,CMP 409,4.02,7.95,92.1,0.435,0.162,0.121,1.01,0.72,0.61,0,0.11,10.4,92.3,13.2
F M,15,7/26/2017,CMP 410,3.83,8.06,138,0.673,0.245,0.179,1.3,0.99,0.77,0,0.21,11.9,136,19.1
F M,16,7/26/2017,CMP 411,3.85,8.11,62,0.527,0.348,0.314,1.22,0.94,0.75,0,0.18,12.1,55,9.6
F M,17,7/26/2017,CMP 412,3.79,8.06,92.1,0.647,0.389,0.316,1.33,0.95,0.71,0.01,0.23,11.8,88.5,13.7
F M,18,7/26/2017,CMP 413,3.74,8.07,63,0.592,0.407,0.37,1.27,0.93,0.68,0,0.25,11.8,53,11.1
F M,19,7/26/2017,CMP 414,3.89,8.11,60.9,0.564,0.389,0.354,1.31,1.03,0.8,0,0.23,11.1,55.2,9.8
F M,20,7/26/2017,CMP 415,4.05,8.13,73.2,0.574,0.401,0.351,1.33,1.01,0.74,0.01,0.26,10.6,69.2,10.1
F M,21,7/26/2017,CMP 416,4.06,8.13,62.1,0.564,0.395,0.373,1.42,0.99,0.72,0.02,0.25,10.3,57,8
F M,22,7/26/2017,CMP 417,4.11,8.2,65.1,0.546,0.358,0.351,1.26,0.95,0.71,0,0.24,10.3,60,8.9
F M,23,7/26/2017,CMP 418,4.94,7.99,59.6,0.389,0.21,0.201,1.18,0.72,0.55,0.01,0.16,7.6,58.3,7.2
F M,24,7/26/2017,CMP 419,4.64,7.88,71.3,0.306,0.14,0.135,0.67,0.61,0.51,0.01,0.1,8.3,61.2,8.2
H L ,1,7/26/2017,CMP 420,3.35,8.2,102,1.025,0.659,0.639,1.89,1.26,0.93,0.01,0.32,13.8,85.7,12
H L ,2,7/26/2017,CMP 421,3.43,8.28,66,0.887,0.708,0.656,1.48,1.31,1.03,0,0.28,14.9,65.4,9.7
H L ,3,7/26/2017,CMP 422,3.49,8.36,55.3,0.924,0.696,0.648,1.52,1.38,1.13,0.01,0.24,15.1,53,8.7
H L ,4,7/26/2017,CMP 423,3.39,8.28,69.7,0.878,0.665,0.64,1.55,1.34,1.04,0.01,0.3,14.2,60.3,9.5
H L ,5,7/26/2017,CMP 424,3.51,8.24,41.5,0.804,0.665,0.633,1.7,1.39,1.16,0.01,0.22,15.2,39.5,7.1
H L ,6,7/26/2017,CMP 425,3.28,8.25,139,1.126,0.745,0.638,2.32,1.39,0.92,0.01,0.46,13.2,105,14.1
H L ,7,7/26/2017,CMP 426,3.38,8.23,139,1.204,0.749,0.717,1.98,1.3,0.9,0.02,0.39,12.2,109,15.1
H L ,8,7/26/2017,CMP 427,3.53,8.22,120,0.99,0.653,0.617,1.89,1.18,0.83,0.01,0.35,11.9,101.9,15.2
H L ,9,7/26/2017,CMP 428,3.58,8.27,78.7,0.808,0.613,0.596,1.86,1.07,0.72,0.01,0.34,11.5,76,10.6
H L ,10,7/26/2017,CMP 429,3.57,8.23,65.9,0.804,0.548,0.524,1.91,1.1,0.76,0.01,0.33,11.8,60.3,8.3
H L ,11,7/26/2017,CMP 430,3.5,8.19,60.6,0.739,0.563,0.516,1.84,1.12,0.79,0.01,0.32,12,58.5,9.4
H L ,12,7/26/2017,CMP 431,3.39,8.3,80.7,0.878,0.572,0.543,2.14,1.34,0.96,0.01,0.38,12.3,73.8,11.9
H L ,13,7/26/2017,CMP 432,3.35,8.24,71.6,0.942,0.651,0.629,1.98,1.36,0.95,0.01,0.4,12.3,68.8,9.8
H L ,14,7/26/2017,CMP 433,3.35,8.19,70.2,1.016,0.704,0.683,2.24,1.46,1.06,0.01,0.39,13.6,70.7,11
H L ,15,7/26/2017,CMP 434,3.41,8.29,45.4,0.85,0.728,0.678,2.14,1.32,0.98,0,0.34,13.6,44.9,7.4
H L ,16,7/26/2017,CMP 435,3.38,8.25,58.5,0.905,0.739,0.675,2.09,1.41,1.07,0,0.34,13.6,56,10.2
H L ,17,7/26/2017,CMP 436,3.34,8.26,61.1,0.924,0.667,0.659,2.05,1.37,0.97,0.01,0.39,12.7,51.9,9.4
H L ,18,7/26/2017,CMP 437,3.4,8.27,85.2,0.896,0.609,0.561,2.05,1.32,0.93,0.02,0.37,11.7,78,10.9
H L ,19,7/26/2017,CMP 438,3.41,8.19,92.7,0.868,0.564,0.561,2.14,1.36,1.01,0,0.35,11.7,81.9,12.1
H L ,20,7/26/2017,CMP 439,3.63,8.22,84.6,0.776,0.528,0.514,1.77,1.12,0.8,0.02,0.3,11,74,10.7
H L ,21,7/26/2017,CMP 440,3.73,8.14,63.1,0.656,0.493,0.475,1.24,1.09,0.77,0.01,0.31,11,56.5,8.4
H L ,22,7/26/2017,CMP 441,3.58,8.21,71.8,0.712,0.475,0.454,1.57,1.14,0.8,0.04,0.31,11,59.1,9.7
H L ,23,7/26/2017,CMP 442,3.49,8.22,80.1,0.878,0.591,0.523,2.14,1.22,0.84,0.04,0.34,11.3,75.1,11.4
H L ,24,7/26/2017,CMP 443,3.41,8.19,82.9,0.924,0.628,0.609,2.21,1.19,0.83,0.02,0.34,12.8,75.5,11.2
S D,1,7/25/2017,CMP 444,3.37,8.13,120,0.822,0.487,0.47,1.98,1.26,0.91,0.06,0.29,11.4,99.5,17.8
S D,2,7/25/2017,CMP 445,3.33,8.16,112,0.822,0.456,0.447,2.21,1.31,1,0.04,0.27,11.8,84.3,13
S D,3,7/25/2017,CMP 446,3.36,8.24,125,0.822,0.469,0.456,2.28,1.31,1.01,0.04,0.26,12.6,100.3,16.3
S D,4,7/25/2017,CMP 447,3.39,8.12,115,0.821,0.438,0.425,2.35,1.21,0.99,0,0.22,12.8,94.5,11.9
S D,5,7/25/2017,CMP 448,3.37,8.13,165,0.942,0.462,0.425,2.4,1.18,0.9,0.03,0.25,12.2,130.9,15.7
S D,6,7/25/2017,CMP 449,3.42,8.17,185,0.951,0.505,0.456,2.72,1.18,0.86,0.01,0.31,11,147.9,19.4
S D,7,7/25/2017,CMP 450,3.67,8.14,233,0.996,0.471,0.413,2.31,1.05,0.76,0.01,0.28,10.2,173.2,23.1
S D,8,7/25/2017,CMP 451,4.22,8.07,205,0.821,0.353,0.332,1.66,0.74,0.53,0.01,0.21,9.3,187.7,24.6
S D,9,7/25/2017,CMP 452,4.6,8,126,0.601,0.298,0.276,1.32,0.67,0.47,0.02,0.18,8.6,114.6,16.2
S D,10,7/25/2017,CMP 453,4.72,7.98,130,0.564,0.262,0.247,0.97,0.61,0.42,0.02,0.17,8.1,103.4,14
S D,11,7/25/2017,CMP 454,4.52,7.96,88.1,0.537,0.296,0.259,1.18,0.67,0.49,0,0.18,8.6,83.9,11.7
S D,12,7/25/2017,CMP 455,3.86,8.14,83.1,0.62,0.413,0.284,1.85,0.95,0.7,0,0.25,10,78,13.6
S D,13,7/25/2017,CMP 456,3.59,8.16,96.1,0.721,0.45,0.406,1.98,1.21,0.92,0.01,0.28,10.8,93.5,13
S D,14,7/25/2017,CMP 457,3.49,8.18,91.9,0.703,0.53,0.467,2.24,1.24,0.94,0,0.29,12,93,11.6
S D,15,7/25/2017,CMP 458,3.48,8.13,117,0.859,0.498,0.486,2.63,1.23,0.94,0.01,0.28,11.8,110.4,15.9
S D,16,7/25/2017,CMP 459,3.49,8.12,84.1,0.749,0.509,0.495,2.35,1.21,0.91,0.01,0.29,11.6,80.4,13.2
S D,17,7/25/2017,CMP 460,3.62,8.14,104,0.822,0.511,0.494,2.35,1.19,0.89,0.02,0.28,10.9,93.7,14.8
S D,18,7/25/2017,CMP 461,4.07,8.11,140,0.721,0.37,0.366,1.48,0.89,0.63,0.03,0.23,10.1,122,17.4
S D,19,7/25/2017,CMP 462,4.68,8.03,152,0.601,0.272,0.265,1.23,0.67,0.48,0.01,0.18,8.6,145,19.4
S D,20,7/25/2017,CMP 463,5.16,7.93,126,0.481,0.241,0.217,1.04,0.68,0.51,0.01,0.15,7.7,111.9,14.3
S D,21,7/25/2017,CMP 464,5.29,7.89,94.2,0.445,0.235,0.218,0.77,0.59,0.45,0,0.14,7.4,88.7,12.8
S D,22,7/25/2017,CMP 465,5.04,8,110,0.601,0.247,0.214,1,0.68,0.49,0.03,0.16,8.1,102,13.2
S D,23,7/25/2017,CMP 466,4.25,8.01,84.4,0.574,0.303,0.255,1.59,0.78,0.53,0.04,0.21,9.5,79.9,10.3
S D,24,7/25/2017,CMP 467,3.77,8.05,94.8,0.712,0.362,0.338,2.1,0.91,0.63,0.02,0.27,10.6,81.3,11.6
PT,1,8/21/2017,CMP 468,5.55,8.16,73.4,0.786,0.485,0.426,2.86,2.37,1.44,0.04,0.88,27.2,69.1,9.6
PT,2,8/21/2017,CMP 469,5.54,8.26,74.4,0.806,0.577,0.523,2.68,2.26,1.35,0.04,0.86,24.8,68.9,12.1
PT,3,8/21/2017,CMP 470,5.36,8.3,66.1,0.794,0.651,0.52,2.72,2.42,1.48,0,0.94,22,65.4,10.8
PT,4,8/21/2017,CMP 471,5.55,8.35,90.3,0.905,0.62,0.579,2.91,2.56,1.3,0,1.26,21,86.6,13.4
PT,5,8/21/2017,CMP 472,5.69,8.38,84,0.972,0.731,0.676,3.32,2.98,1.16,0.01,1.81,19.4,74.7,11.1
PT,6,8/21/2017,CMP 473,5.92,8.38,121,0.966,0.706,0.659,3.28,3.1,1.16,0.02,1.93,18.3,104.7,14
PT,7,8/21/2017,CMP 474,6.2,8.37,93,0.923,0.682,0.593,3.25,2.66,0.88,0.02,1.75,17.1,83.5,9.7
PT,8,8/21/2017,CMP 475,6.32,8.37,91,0.825,0.602,0.533,3.59,2.7,1.05,0,1.64,16.5,79.6,12.6
PT,9,8/21/2017,CMP 476,6.1,8.33,64,0.849,0.602,0.587,3.15,2.78,1.02,0.02,1.74,15.7,57.9,9.6
PT,10,8/21/2017,CMP 477,5.96,8.3,92,0.948,0.663,0.645,3.32,2.95,1.06,0,1.88,17.7,90,13
PT,11,8/21/2017,CMP 478,5.77,8.29,91,0.972,0.805,0.67,3.36,3.17,1.36,0,1.81,23.9,82.8,12.1
PT,12,8/21/2017,CMP 479,5.63,8.28,81,0.948,0.651,0.584,3.05,2.61,1.24,0,1.37,20,73.1,10.9
PT,13,8/21/2017,CMP 480,5.63,8.32,77,0.812,0.626,0.579,2.73,2.46,1.27,0.03,1.16,20.1,65.3,8.4
PT,14,8/21/2017,CMP 481,5.56,8.37,71,0.8,0.633,0.576,2.76,2.53,1.34,0,1.19,19.7,57.4,9
PT,15,8/21/2017,CMP 482,5.7,8.35,50,0.848,0.7,0.637,3.2,2.88,1.32,0.04,1.52,19.6,48.3,6.7
PT,16,8/21/2017,CMP 483,5.87,8.35,77,0.972,0.682,0.643,3.33,2.91,1.11,0,1.8,18.2,72.3,9.8
PT,17,8/21/2017,CMP 484,6.11,8.28,129,1.098,0.719,0.63,3.37,3.09,1.12,0.04,1.93,16.7,110.2,15
PT,18,8/21/2017,CMP 485,6.43,8.3,124,0.905,0.633,0.543,2.99,2.61,1.02,0,1.59,15.3,108.4,12.8
PT,19,8/21/2017,CMP 486,6.65,8.3,79.3,0.739,0.516,0.488,2.73,2.37,0.94,0,1.43,14.5,75.2,8.5
PT,20,8/21/2017,CMP 487,6.7,8.27,60.2,0.716,0.59,0.475,2.64,2.46,1.07,0,1.39,15.2,55,8.3
PT,21,8/21/2017,CMP 488,6.69,8.24,82.2,0.794,0.516,0.475,2.82,2.45,1.03,0,1.41,15.1,79.9,9.8
PT,22,8/21/2017,CMP 489,6.41,8.24,166,1.098,0.62,0.551,2.89,2.59,1,0.04,1.55,15.5,156.1,18.6
PT,23,8/21/2017,CMP 490,6.07,8.2,177,1.175,0.645,0.587,3.09,2.72,1.12,0,1.6,16.9,145,18.2
PT,24,8/21/2017,CMP 491,5.87,8.2,127,1.021,0.669,0.585,2.97,2.66,1.24,0,1.42,19.1,111.4,12.7
WL-OUT,1,8/21/2017,CMP 492,6.13,7.87,29.7,0.576,0.395,0.325,1.64,1.45,1.02,0,0.42,17.2,24.2,9.6
WL-OUT,2,8/21/2017,CMP 493,6.14,8.04,12.6,0.609,0.499,0.405,1.91,1.75,1.11,0,0.64,16.3,12.5,3.9
WL-OUT,3,8/21/2017,CMP 494,6.07,7.99,12,0.563,0.474,0.407,1.62,1.48,1.02,0,0.46,17.9,9.8,3.9
WL-OUT,4,8/21/2017,CMP 495,6.17,8,14.1,0.563,0.481,0.413,1.51,1.52,0.92,0,0.6,17.3,11,3.4
WL-OUT,5,8/21/2017,CMP 496,6.11,7.95,15.7,0.653,0.542,0.432,1.76,1.42,1.08,0,0.34,17.8,9,4
WL-OUT,6,8/21/2017,CMP 497,6.3,8.02,17.3,0.622,0.517,0.445,1.8,1.67,0.76,0,0.91,15.6,13.7,4.9
WL-OUT,7,8/21/2017,CMP 498,6.34,8.04,18.1,0.626,0.524,0.455,1.87,1.77,0.8,0.02,0.95,15.9,17.6,3.3
WL-OUT,8,8/21/2017,CMP 499,6.41,8.05,26.5,0.659,0.517,0.455,2.12,1.96,0.81,0,1.15,15.2,22.4,4.8
WL-OUT,9,8/21/2017,CMP 500,5.54,8.04,27.6,0.671,0.505,0.455,2.13,1.84,0.68,0,1.15,14.2,23.8,4.7
WL-OUT,10,8/21/2017,CMP 501,5.5,7.97,26.3,0.649,0.511,0.448,2.07,1.94,0.78,0,1.16,15.6,19.2,5.8
WL-OUT,11,8/21/2017,CMP 502,6.31,7.91,20.4,0.647,0.487,0.439,1.79,1.56,0.77,0,0.79,15.2,17.4,3.3
WL-OUT,12,8/21/2017,CMP 503,5.15,8.08,16,0.659,0.511,0.426,1.87,1.68,0.89,0,0.78,15,14.2,4
WL-OUT,13,8/21/2017,CMP 504,6.37,8,16.3,0.647,0.474,0.42,1.76,1.6,0.86,0,0.74,14.5,15.2,3.1
WL-OUT,14,8/21/2017,CMP 505,6.28,8.04,18.4,0.617,0.524,0.422,1.89,1.75,0.76,0,0.98,13.8,15.8,4
WL-OUT,15,8/21/2017,CMP 506,6.58,8,18.4,0.591,0.462,0.422,1.93,1.66,0.66,0,0.99,13.4,13.2,3.5
WL-OUT,16,8/21/2017,CMP 507,6.6,7.92,16.9,0.554,0.468,0.411,1.88,1.75,0.78,0,0.96,15.6,14.1,3.4
WL-OUT,17,8/21/2017,CMP 508,6.5,7.87,19.9,0.554,0.456,0.41,1.87,1.7,0.75,0.02,0.93,13.4,18.4,4.5
WL-OUT,18,8/21/2017,CMP 509,6.59,7.84,24.8,0.665,0.462,0.4,1.86,1.74,0.82,0.02,0.9,13.9,20.3,5.8
WL-OUT,19,8/21/2017,CMP 510,6.59,7.91,25.8,0.64,0.438,0.408,1.82,1.77,0.86,0.01,0.9,13.7,22.6,4.8
WL-OUT,20,8/21/2017,CMP 511,6.55,7.81,25.5,0.604,0.474,0.412,1.79,1.72,0.77,0.02,0.93,13.3,18.5,5
WL-OUT,21,8/21/2017,CMP 512,6.59,7.79,24.3,0.604,0.468,0.417,1.9,1.76,0.8,0.01,0.94,13.6,20,5.4
WL-OUT,22,8/21/2017,CMP 513,6.28,7.74,15.9,0.586,0.444,0.39,1.76,1.64,0.9,0.04,0.7,14.5,15.1,4
WL-OUT,23,8/21/2017,CMP 514,6.32,7.78,18.2,0.61,0.444,0.393,1.85,1.63,0.85,0.02,0.76,14.3,15.1,4.6
WL-OUT,24,8/21/2017,CMP 515,6.52,7.77,18,0.604,0.468,0.408,1.87,1.61,0.65,0.02,0.94,13.5,14,4.1
HL,1,8/22/2017,CMP 516,5.98,8.31,66.5,0.892,0.649,0.571,2.36,2.14,1.2,0,0.93,17,64.8,9.4
HL,2,8/22/2017,CMP 517,5.69,8.32,98.3,1.126,0.808,0.703,3.22,2.7,0.87,0,1.84,15.2,92.2,12.2
HL,3,8/22/2017,CMP 518,6.03,8.28,138,1.133,0.753,0.654,3.22,2.74,0.86,0,1.87,16.4,118.6,14.4
HL,4,8/22/2017,CMP 519,6.22,8.21,116,0.929,0.598,0.563,2.74,2.32,0.7,0,1.62,13.4,98.9,11.6
HL,5,8/22/2017,CMP 520,6.55,8.27,95.6,0.837,0.532,0.507,2.58,2.11,0.66,0,1.45,12.4,88.5,12.5
HL,6,8/22/2017,CMP 521,6.56,8.24,89.3,0.819,0.532,0.498,2.53,2.1,0.66,0.01,1.43,12.8,87.7,11.7
HL,7,8/22/2017,CMP 522,6.45,8.32,79.2,0.788,0.618,0.531,2.55,2.3,0.8,0,1.5,15.9,79.5,10.9
HL,8,8/22/2017,CMP 523,6.2,8.28,73.2,0.917,0.636,0.604,2.83,2.38,0.69,0,1.69,13.3,71.2,9.1
HL,9,8/22/2017,CMP 524,5.86,8.3,76.8,1.021,0.741,0.671,3.08,2.59,0.74,0,1.85,14,68.6,9.6
HL,10,8/22/2017,CMP 525,5.83,8.31,69.7,0.978,0.735,0.662,2.94,2.49,0.91,0,1.58,15.4,63.6,9.5
HL,11,8/22/2017,CMP 526,5.96,8.38,50.1,0.861,0.741,0.619,2.67,2.33,1.01,0,1.31,15.3,47.5,7.5
HL,12,8/22/2017,CMP 527,5.9,8.37,51.6,0.818,0.698,0.601,2.62,2.22,1.02,0,1.2,16.7,49.3,7.3
HL,13,8/22/2017,CMP 528,5.75,8.33,71.1,0.858,0.676,0.635,2.84,2.5,0.95,0,1.55,18.1,70.6,8.8
HL,14,8/22/2017,CMP 529,6.11,8.35,78.3,0.874,0.658,0.623,2.83,2.43,0.71,0,1.72,13.7,74.6,10
HL,15,8/22/2017,CMP 530,6.39,8.29,109,0.839,0.618,0.563,2.73,2.26,0.64,0,1.63,13,89.9,10.8
HL,16,8/22/2017,CMP 531,6.68,8.34,109,0.79,0.538,0.495,2.49,2.08,0.64,0,1.44,12.2,80.6,10.7
HL,17,8/22/2017,CMP 532,6.97,8.2,83.8,0.652,0.486,0.44,2.29,1.96,0.67,0,1.28,11.2,65.5,8.5
HL,18,8/22/2017,CMP 533,7.13,8.24,85.5,0.585,0.452,0.411,2.22,1.87,0.67,0.02,1.17,11.2,81.9,9.8
HL,19,8/22/2017,CMP 534,6.86,8.23,73.6,0.64,0.501,0.466,2.35,2.06,0.73,0,1.34,11.7,70.4,9.1
HL,20,8/22/2017,CMP 535,6.42,8.23,106,0.894,0.649,0.546,2.67,2.26,0.73,0,1.53,12.7,99.8,12.3
HL,21,8/22/2017,CMP 536,6.15,8.33,108,0.9,0.655,0.602,2.81,2.32,0.71,0,1.61,13.6,103,13.9
HL,22,8/22/2017,CMP 537,5.98,8.33,106.2,0.914,0.71,0.615,2.85,2.33,0.91,0,1.41,14.5,103,12.7
HL,23,8/22/2017,CMP 538,5.95,8.33,65.2,0.886,0.649,0.601,2.47,2.1,0.96,0,1.14,15.7,62.2,8.4
HL,24,8/22/2017,CMP 539,5.98,8.43,66.4,0.843,0.618,0.585,2.44,2.1,1.13,0,0.96,16.4,55.7,9.4
FM,1,8/23/2017,CMP 540,6.92,8.3,61.2,0.64,0.445,0.422,1.98,1.77,0.66,0.01,1.1,12.1,56,7.3
FM,2,8/23/2017,CMP 541,7.41,8.13,164,0.714,0.255,0.233,1.71,1.3,0.7,0,0.6,10.1,130.5,15.8
FM,3,8/23/2017,CMP 542,7.81,8.12,86.4,0.335,0.089,0.08,1.12,0.79,0.61,0,0.18,8,81.3,9.6
FM,4,8/23/2017,CMP 543,7.67,8.05,57,0.253,0.144,0.134,1.24,1.02,0.69,0,0.33,9.2,53.3,7
FM,5,8/23/2017,CMP 544,7.78,8.03,49.7,0.198,0.12,0.09,1.14,0.86,0.62,0,0.24,8,43.2,5.5
FM,6,8/23/2017,CMP 545,7.5,8.06,52,0.229,0.147,0.115,1.21,0.96,0.65,0,0.31,8.6,43.1,7
FM,7,8/23/2017,CMP 546,7.3,8.19,49.1,0.484,0.316,0.283,1.63,1.39,0.65,0,0.74,10.3,37.1,6.1
FM,8,8/23/2017,CMP 547,6.93,8.28,40.4,0.561,0.433,0.415,1.9,1.7,0.55,0,1.14,10.6,36,5.3
FM,9,8/23/2017,CMP 548,6.87,8.32,36.5,0.548,0.482,0.426,1.87,1.73,0.62,0,1.12,11.3,33,5
FM,10,8/23/2017,CMP 549,6.94,8.23,103.6,0.733,0.427,0.402,1.99,1.63,0.54,0,1.09,11.1,101,12.5
FM,11,8/23/2017,CMP 550,6.97,8.19,140.2,0.855,0.396,0.385,2.02,1.59,0.56,0,1.03,11.3,133,16
FM,12,8/23/2017,CMP 551,7.08,8.3,95.7,0.683,0.385,0.364,1.85,1.54,0.53,0,1.01,10.4,87.3,10.7
FM,13,8/23/2017,CMP 552,7.15,8.28,67,0.622,0.384,0.379,1.85,1.57,0.48,0,1.09,10,62.7,7.9
FM,14,8/23/2017,CMP 553,7.23,8.1,127.5,0.634,0.31,0.295,1.7,1.4,0.58,0,0.82,10.7,115,13.8
FM,15,8/23/2017,CMP 554,7.61,8.05,92.3,0.432,0.166,0.153,1.36,1.01,0.58,0,0.43,9.2,70,10.3
FM,16,8/23/2017,CMP 555,8.4,8.12,133.1,0.654,0.238,0.221,1.61,1.12,0.47,0,0.65,7.3,129,15.2
FM,17,8/23/2017,CMP 556,7.54,8.19,40.6,0.481,0.316,0.298,1.88,1.39,0.53,0,0.86,9.5,37.8,5.4
FM,18,8/23/2017,CMP 557,7.35,8.13,43.9,0.456,0.31,0.259,1.74,1.4,0.47,0,0.93,10,37.5,5.7
FM,19,8/23/2017,CMP 558,7.13,8.25,49.3,0.585,0.402,0.362,1.77,1.58,0.54,0.01,1.03,10.4,41.7,6.4
FM,20,8/23/2017,CMP 559,7.09,8.25,55.2,0.604,0.421,0.358,1.86,1.58,0.57,0.01,1.01,11.1,44.4,7.2
FM,21,8/23/2017,CMP 560,7.04,8.16,54.8,0.602,0.372,0.337,1.79,1.52,0.62,0.02,0.87,11.5,52.8,7.5
FM,22,8/23/2017,CMP 561,7.24,8.2,74.7,0.591,0.347,0.325,1.63,1.46,0.66,0.02,0.78,11.9,74.1,9.8
FM,23,8/23/2017,CMP 562,7.25,8.2,122,0.708,0.322,0.302,1.71,1.41,0.71,0.02,0.68,12.6,121.6,14.6
FM,24,8/23/2017,CMP 563,7.27,8.23,114,0.694,0.332,0.31,1.88,1.49,0.72,0,0.77,12.6,97.6,12
SD,1,8/23/2017,CMP 564,7.36,8.21,174,0.848,0.368,0.355,1.99,1.55,0.53,0,1.02,9.3,147.3,17.2
SD,2,8/23/2017,CMP 565,7.92,8.24,158,0.693,0.307,0.268,1.61,1.32,0.49,0,0.83,8.2,146.4,14.5
SD,3,8/23/2017,CMP 566,8.21,8.15,97.3,0.518,0.252,0.226,1.36,1.2,0.47,0,0.73,8.3,86.1,9.3
SD,4,8/23/2017,CMP 567,7.69,8.27,60.7,0.579,0.35,0.329,1.67,1.44,0.49,0,0.94,8.7,60.8,8.1
SD,5,8/23/2017,CMP 568,7.37,8.29,68.1,0.561,0.399,0.361,1.75,1.66,0.59,0,1.06,10.1,51.6,8.2
SD,6,8/23/2017,CMP 569,7.25,8.3,81.2,0.616,0.418,0.385,1.86,1.7,0.57,0,1.12,10.6,62.6,9.7
SD,7,8/23/2017,CMP 570,6.82,8.32,66.9,0.702,0.485,0.451,2.01,1.8,0.53,0,1.27,10.4,62.5,7.2
SD,8,8/23/2017,CMP 571,6.68,8.37,70.9,0.739,0.553,0.465,2.19,1.92,0.61,0,1.3,10.6,60.4,6.2
SD,9,8/23/2017,CMP 572,6.67,8.33,74.9,0.751,0.522,0.457,2.19,1.85,0.59,0.01,1.25,11.2,66.3,7.1
SD,10,8/23/2017,CMP 573,6.68,8.33,64.9,0.702,0.516,0.463,2.08,1.82,0.55,0.01,1.26,10.7,57,6.6
SD,11,8/23/2017,CMP 574,6.71,8.34,81.5,0.794,0.527,0.495,2.24,1.98,0.58,0,1.4,10.5,78.2,7.5
SD,12,8/23/2017,CMP 575,7.22,8.34,109,0.726,0.43,0.394,1.9,1.74,0.57,0.01,1.16,10.2,99.6,10.2
SD,13,8/23/2017,CMP 576,7.73,8.21,142,0.69,0.332,0.307,1.68,1.49,0.56,0.01,0.92,8.1,115.7,11.7
SD,14,8/23/2017,CMP 577,8.13,8.17,118,0.561,0.264,0.248,1.41,1.28,0.52,0,0.76,7.3,105.3,10.7
SD,15,8/23/2017,CMP 578,7.99,8.15,62.3,0.456,0.295,0.269,1.38,1.29,0.5,0.01,0.77,7.7,60.1,5.3
SD,16,8/23/2017,CMP 579,7.68,8.21,55.8,0.511,0.35,0.316,1.57,1.46,0.51,0.01,0.94,8.4,51.9,6
SD,17,8/23/2017,CMP 580,7.03,8.2,58.4,0.536,0.368,0.332,1.67,1.51,0.51,0.02,0.98,8.4,55.9,5.8
SD,18,8/23/2017,CMP 581,6.77,8.23,70.3,0.673,0.418,0.411,2.05,1.7,0.47,0.02,1.21,9.5,69.3,8.6
SD,19,8/23/2017,CMP 582,6.71,8.23,76,0.738,0.498,0.451,2.2,1.84,0.54,0.02,1.28,10.1,75.5,8.2
SD,20,8/23/2017,CMP 583,6.69,8.26,77.8,0.722,0.461,0.424,2.11,1.73,0.56,0.02,1.15,11.1,74.5,8.1
SD,21,8/23/2017,CMP 584,6.71,8.25,97.8,0.726,0.473,0.414,2.02,1.76,0.66,0.02,1.08,11.1,90.5,10
SD,22,8/23/2017,CMP 585,6.74,8.2,104,0.739,0.455,0.399,1.98,1.63,0.66,0,0.96,11.3,98.7,11.7
SD,23,8/23/2017,CMP 586,6.74,8.2,107,0.763,0.455,0.397,1.98,1.66,0.69,0,0.97,11.6,94.5,10.5
SD,24,8/23/2017,CMP 587,6.63,8.21,130,0.908,0.553,0.494,2.33,2.1,0.61,0.1,1.39,10.5,116.8,11.8
FM,1,8/28/2017,CMP 588,7.39,8.19,51.1,0.542,0.316,0.235,1.98,1.83,0.84,0.1,0.89,12.6,43.2,6.8
FM,2,8/28/2017,CMP 589,7.33,8.28,282,1.292,0.353,0.272,2.41,1.81,0.82,0.04,0.94,10.3,244.7,24.8
FM,3,8/28/2017,CMP 590,7.28,8.31,58.8,0.619,0.353,0.287,2.1,1.63,0.71,0.03,0.89,9.7,56.7,7.2
FM,4,8/28/2017,CMP 591,7.25,8.29,55.8,0.505,0.343,0.259,2.05,1.57,0.7,0.03,0.83,10.1,54,7.3
FM,5,8/28/2017,CMP 592,7.44,8.3,53.8,0.567,0.318,0.216,1.98,1.52,0.7,0.02,0.8,8.9,49.2,5.6
FM,6,8/28/2017,CMP 593,7.41,8.29,71.5,0.561,0.304,0.186,2.08,1.49,0.68,0.03,0.78,8.6,58.6,8.2
FM,7,8/28/2017,CMP 594,7.58,8.33,50.4,0.487,0.283,0.192,1.83,1.43,0.68,0.02,0.73,8.2,38.3,6.8
FM,8,8/28/2017,CMP 595,8.07,8.16,52.3,0.241,0.109,0.051,1.37,0.82,0.56,0.02,0.24,7,28.7,7.1
FM,9,8/28/2017,CMP 596,8.03,8.09,45.5,0.198,0.058,0.02,1.32,0.68,0.52,0.03,0.14,6.8,29.9,5.9
FM,10,8/28/2017,CMP 597,8.02,8.19,33.7,0.333,0.15,0.081,1.57,0.95,0.54,0.03,0.38,7,28.1,3.9
FM,11,8/28/2017,CMP 598,7.89,8.13,59.2,0.376,0.14,0.069,1.45,0.93,0.57,0.03,0.33,7.2,56.6,7.2
FM,12,8/28/2017,CMP 599,7.97,8.14,47.3,0.235,0.092,0.038,1.39,0.75,0.51,0.03,0.21,6.9,42.3,9.5
FM,13,8/28/2017,CMP 600,7.73,8.2,44,0.339,0.196,0.112,1.62,1.11,0.57,0.02,0.52,7.4,31.4,4.7
FM,14,8/28/2017,CMP 601,7.54,8.22,46,0.425,0.274,0.161,1.85,1.34,0.64,0.01,0.69,8.3,32.4,4.3
FM,15,8/28/2017,CMP 602,7.44,8.22,81.9,0.628,0.301,0.229,1.96,1.58,0.78,0.02,0.78,10.8,70.4,10.4
FM,16,8/28/2017,CMP 603,7.37,8.2,48.4,0.499,0.313,0.229,1.79,1.42,0.66,0.01,0.74,9.4,40.8,5.3
FM,17,8/28/2017,CMP 604,7.35,8.24,62.1,0.456,0.307,0.235,1.75,1.46,0.77,0.02,0.66,9.8,38.6,7.6
FM,18,8/28/2017,CMP 605,7.37,8.17,44.5,0.547,0.308,0.21,1.95,1.41,0.76,0.04,0.61,9.5,38.6,6.6
FM,19,8/28/2017,CMP 606,7.43,8.18,87.7,0.561,0.293,0.223,1.9,1.38,0.72,0.01,0.65,9.4,72.7,9.5
FM,20,8/28/2017,CMP 607,7.1,8.27,57,0.591,0.426,0.296,2.2,1.78,0.73,0.01,1.03,11.3,44.5,12
FM,21,8/28/2017,CMP 608,7.28,8.08,46.1,0.554,0.34,0.232,1.96,1.58,0.69,0.02,0.87,10,39.4,5.9
FM,22,8/28/2017,CMP 609,7.48,8.19,50.5,0.462,0.257,0.186,1.79,1.38,0.7,0.01,0.68,8.3,47.7,5.1
FM,23,8/28/2017,CMP 610,7.81,8.08,51.6,0.287,0.153,0.087,1.54,1.05,0.63,0,0.41,7.4,35,7.5
FM,24,8/28/2017,CMP 611,7.81,8.02,43.1,0.266,0.143,0.075,1.46,0.94,0.57,0.01,0.36,7.2,35.2,7.9
SD,1,8/28/2017,CMP 612,7.17,8.23,63.4,0.622,0.338,0.272,1.95,1.78,0.63,0.02,1.13,9,53.8,8.3
SD,2,8/28/2017,CMP 613,7.21,8.28,59.1,0.579,0.355,0.339,2.19,1.91,0.69,0.02,1.2,8.6,55.6,6.3
SD,3,8/28/2017,CMP 614,7.07,8.3,66.9,0.64,0.362,0.296,2.03,1.9,0.66,0.02,1.22,9.1,61.8,7
SD,4,8/28/2017,CMP 615,7.02,8.23,88.1,0.658,0.369,0.321,2.06,1.87,0.59,0.01,1.27,9.2,61.8,7.7
SD,5,8/28/2017,CMP 616,7.16,8.25,87.7,0.653,0.367,0.302,1.99,1.9,0.65,0.03,1.22,9.5,61.1,6.8
SD,6,8/28/2017,CMP 617,7.23,8.28,66.2,0.616,0.369,0.312,1.98,1.85,0.62,0.02,1.2,8.6,61.5,8.4
SD,7,8/28/2017,CMP 618,7.44,8.28,73.8,0.585,0.327,0.272,1.84,1.72,0.57,0.02,1.13,8.1,59.9,9.3
SD,8,8/28/2017,CMP 619,7.63,8.25,68.8,0.539,0.288,0.235,1.75,1.59,0.53,0.02,1.03,7.6,54.8,8.9
SD,9,8/28/2017,CMP 620,7.94,8.22,61.9,0.444,0.225,0.198,1.59,1.41,0.53,0.01,0.86,7.1,45.7,7.3
SD,10,8/28/2017,CMP 621,8.14,8.23,89.5,0.499,0.204,0.155,1.51,1.39,0.59,0,0.8,6.7,76.5,11.3
SD,11,8/28/2017,CMP 622,8.08,8.18,42.2,0.382,0.205,0.18,1.53,1.31,0.49,0.01,0.81,7.8,35.6,5.1
SD,12,8/28/2017,CMP 623,7.92,8.25,47.8,0.444,0.231,0.21,1.63,1.44,0.56,0,0.87,7.1,39,5.7
SD,13,8/28/2017,CMP 624,7.62,8.25,33.9,0.481,0.282,0.253,1.8,1.62,0.61,0,1.01,7.6,27.5,5.1
SD,14,8/28/2017,CMP 625,7.48,8.23,37.6,0.468,0.299,0.241,1.76,1.55,0.51,0,1.04,7.8,28.9,5
SD,15,8/28/2017,CMP 626,7.26,8.28,30.8,0.493,0.332,0.306,1.94,1.8,0.66,0,1.13,8.4,25.5,4.2
SD,16,8/28/2017,CMP 627,7.17,8.24,38,0.548,0.36,0.339,1.98,1.73,0.57,0.01,1.15,8.5,31.8,5.3
SD,17,8/28/2017,CMP 628,7.12,8.23,47.1,0.578,0.346,0.278,2.24,1.81,0.64,0.01,1.16,8.6,44.9,6.1
SD,18,8/28/2017,CMP 629,7.09,8.25,47.9,0.596,0.347,0.309,2.17,1.91,0.74,0.03,1.15,9,46.9,6
SD,19,8/28/2017,CMP 630,7.09,8.2,47.4,0.585,0.346,0.278,2.09,1.84,0.69,0.02,1.13,9.1,47,5.2
SD,20,8/28/2017,CMP 631,7.86,8.27,39,0.69,0.456,0.377,2.15,1.93,0.53,0.01,1.39,9,36.3,5.1
SD,21,8/28/2017,CMP 632,7.04,8.25,48.8,0.616,0.413,0.347,2.23,1.85,0.52,0,1.33,8.7,47.2,8
SD,22,8/28/2017,CMP 633,7.42,8.16,54.4,0.53,0.318,0.29,1.9,1.8,0.72,0.03,1.05,8.5,49.2,6.4
SD,23,8/28/2017,CMP 634,7.66,8.26,50.2,0.542,0.271,0.216,1.84,1.59,0.61,0.01,0.97,7.8,42.2,7.8
SD,24,8/28/2017,CMP 635,7.69,8.23,83.7,0.511,0.258,0.238,1.83,1.65,0.68,0.02,0.95,7.8,66.6,9.6
PT,1,8/29/2017,CMP 636,6.34,8.35,38.4,0.776,0.569,0.468,2.46,2.27,0.76,0.03,1.48,10.6,35,5.7
PT,2,8/29/2017,CMP 637,6.34,8.37,36,0.772,0.536,0.468,2.29,2.09,0.74,0.01,1.35,10.7,32.3,5.2
PT,3,8/29/2017,CMP 638,6.35,8.4,43.2,0.782,0.545,0.487,2.2,2,0.72,0.01,1.27,10.7,40.8,6.4
PT,4,8/29/2017,CMP 639,6.31,8.37,44.5,0.763,0.547,0.438,2.19,2.06,0.73,0.01,1.31,10.6,42,6.1
PT,5,8/29/2017,CMP 640,6.32,8.39,40.9,0.769,0.558,0.45,2.24,2.07,0.68,0.01,1.38,10.4,38.7,6.6
PT,6,8/29/2017,CMP 641,6.27,8.4,38.6,0.831,0.597,0.568,2.46,2.32,0.73,0.01,1.59,10.3,34.6,5.6
PT,7,8/29/2017,CMP 642,6.44,8.4,40.2,0.757,0.581,0.518,2.54,2.35,0.61,0.01,1.73,10.4,36,6.3
PT,8,8/29/2017,CMP 643,6.6,8.4,45.7,0.804,0.544,0.456,2.42,2.25,0.6,0.02,1.63,9.3,39.8,6.8
PT,9,8/29/2017,CMP 644,6.66,8.39,30.3,0.757,0.533,0.502,2.46,2.2,0.62,0.01,1.57,9.3,27.5,5
PT,10,8/29/2017,CMP 645,6.7,8.37,21.1,0.647,0.5,0.413,2.29,2.1,0.58,0.01,1.51,9.1,20.1,3.2
PT,11,8/29/2017,CMP 646,6.58,8.37,26.7,0.711,0.539,0.468,2.42,2.24,0.55,0.01,1.68,9.5,17.5,4.2
PT,12,8/29/2017,CMP 647,6.42,8.4,28.6,0.794,0.592,0.518,2.55,2.34,0.57,0.01,1.76,9.6,27.3,6.3
PT,13,8/29/2017,CMP 648,6.33,8.38,34.4,0.769,0.58,0.493,2.37,2.16,0.67,0.01,1.49,10.6,31.5,5.9
PT,14,8/29/2017,CMP 649,6.22,8.35,46.9,0.783,0.539,0.475,2.17,1.93,0.64,0.01,1.28,10.9,28.4,5.2
PT,15,8/29/2017,CMP 650,6.17,8.37,36.3,0.763,0.528,0.493,2.13,1.97,0.77,0.01,1.19,11.3,33,6.6
PT,16,8/29/2017,CMP 651,6.14,8.36,30.4,0.708,0.55,0.518,2.03,1.82,0.76,0.01,1.05,11.7,29.1,5.6
PT,17,8/29/2017,CMP 652,6.02,8.4,38.8,0.769,0.499,0.468,1.99,1.79,0.87,0.01,0.91,12.5,37.8,5.4
PT,18,8/29/2017,CMP 653,5.94,8.37,38.2,0.714,0.474,0.425,1.92,1.77,0.86,0.01,0.91,12,37.9,5.7
PT,19,8/29/2017,CMP 654,6.2,8.38,38.2,0.757,0.536,0.499,2.11,1.95,0.73,0.02,1.2,11.4,36.8,5.5
PT,20,8/29/2017,CMP 655,6.36,8.36,45.7,0.852,0.556,0.53,2.32,2.22,0.84,0.01,1.37,11.4,45.3,6.4
PT,21,8/29/2017,CMP 656,6.3,8.37,42.7,0.923,0.646,0.554,2.76,2.59,0.73,0.01,1.85,10.9,41.5,6.1
PT,22,8/29/2017,CMP 657,6.24,8.39,34,0.892,0.717,0.69,3.09,2.76,0.64,0.02,2.1,10.7,32.8,5.1
PT,23,8/29/2017,CMP 658,6.32,8.37,33.6,0.892,0.644,0.591,3.03,2.77,0.63,0.01,2.13,10.7,33.4,4.9
PT,24,8/29/2017,CMP 659,6.3,8.34,51.7,0.953,0.681,0.61,2.91,2.79,0.67,0.01,2.11,10.5,44,5.9
HL,1,8/29/2017,CMP 660,6.33,8.44,21.3,0.879,0.644,0.567,2.99,2.86,0.73,0.04,2.09,10.1,20.6,3.2
HL,2,8/29/2017,CMP 661,6.24,8.45,23.9,0.862,0.674,0.585,3.01,2.72,0.51,0.06,2.16,10.2,22.8,3.8
HL,3,8/29/2017,CMP 662,6.05,8.47,25.4,0.935,0.671,0.591,2.98,2.81,0.63,0.04,2.14,10.4,20.8,4
HL,4,8/29/2017,CMP 663,6.19,8.48,25.9,0.874,0.717,0.683,2.82,2.64,0.54,0.03,2.07,10.1,24.9,3.6
HL,5,8/29/2017,CMP 664,6.25,8.45,26.4,0.935,0.687,0.659,2.94,2.81,0.71,0.04,2.05,10.1,25.8,4.1
HL,6,8/29/2017,CMP 665,6.31,8.47,32.6,0.966,0.706,0.677,2.95,2.72,0.69,0.03,2,9.9,28.4,4.7
HL,7,8/29/2017,CMP 666,6.38,8.45,38.5,0.902,0.623,0.554,2.73,2.67,0.68,0.04,1.95,9.9,35.2,4.5
HL,8,8/29/2017,CMP 667,6.54,8.42,27.2,0.794,0.576,0.499,2.49,2.4,0.55,0.03,1.82,7.8,24.4,4.3
HL,9,8/29/2017,CMP 668,6.74,8.42,24.9,0.733,0.515,0.425,2.33,2.17,0.49,0.03,1.65,9.5,21.5,3.6
HL,10,8/29/2017,CMP 669,6.9,8.42,25.6,0.64,0.464,0.376,2.2,2,0.48,0.02,1.5,8.9,20.5,3.6
HL,11,8/29/2017,CMP 670,6.79,8.4,22.7,0.64,0.45,0.389,2.15,2,0.51,0.03,1.47,8.6,19.6,3.7
HL,12,8/29/2017,CMP 671,6.76,8.44,28.8,0.714,0.512,0.413,2.3,2.16,0.5,0.02,1.65,9.1,23,4
HL,13,8/29/2017,CMP 672,6.4,8.44,25.1,0.8,0.56,0.499,2.52,2.45,0.62,0.02,1.81,9.1,18.9,4.3
HL,14,8/29/2017,CMP 673,6.38,8.46,33.6,0.871,0.622,0.524,2.67,2.58,0.63,0.02,1.93,10.6,31.4,5.2
HL,15,8/29/2017,CMP 674,6.17,8.45,41.5,0.862,0.617,0.511,2.56,2.47,0.61,0.03,1.83,10.1,39.2,6
HL,16,8/29/2017,CMP 675,6.31,8.45,44.3,0.843,0.609,0.511,2.25,2.19,0.67,0.02,1.51,10.8,41.7,6.3
HL,17,8/29/2017,CMP 676,6.28,8.44,60.6,0.939,0.593,0.493,2.24,2.13,0.8,0.03,1.3,11.2,57.5,9.9
HL,18,8/29/2017,CMP 677,6.38,8.39,42.2,0.855,0.586,0.518,2.09,1.87,0.89,0.02,0.96,11.8,36.9,6
HL,19,8/29/2017,CMP 678,6.49,8.35,34.4,0.905,0.584,0.528,1.88,1.81,0.89,0.01,0.91,12,31.6,5.7
HL,20,8/29/2017,CMP 679,6.49,8.38,37.4,0.886,0.579,0.53,2.01,1.9,0.9,0.01,0.99,11.8,32.1,5.8
HL,21,8/29/2017,CMP 680,6.14,8.42,37.7,0.88,0.668,0.524,2.46,2.33,0.65,0.01,1.67,10.5,30.6,5.4
HL,22,8/29/2017,CMP 681,6.2,8.38,38.4,0.965,0.715,0.633,3.2,3.13,0.72,0.01,2.4,10,32.7,6.1
HL,23,8/29/2017,CMP 682,6.28,8.38,27.2,0.951,0.703,0.591,3.04,2.93,0.59,0.01,2.33,10.9,20.5,4.6
HL,24,8/29/2017,CMP 683,6.43,8.4,34.5,0.886,0.635,0.554,2.81,2.73,0.79,0.03,1.91,10.3,29.7,4.9
WL-OUT,1,8/29/2017,CMP 684,6.51,7.92,21.4,0.74,0.533,0.493,1.2,1.03,0.87,0.03,0.13,13.5,15.7,6
WL-OUT,2,8/29/2017,CMP 685,6.43,7.96,18.3,0.674,0.492,0.456,1.18,0.98,0.79,0.04,0.15,13.6,14,5.5
WL-OUT,3,8/29/2017,CMP 686,6.42,7.98,18.7,0.697,0.533,0.505,1.14,1.08,1.01,0.05,0.03,13.4,17.1,5.2
WL-OUT,4,8/29/2017,CMP 687,6.4,8.02,22.5,0.705,0.463,0.419,1.35,1.11,0.93,0.04,0.13,12.2,20.2,5.4
WL-OUT,5,8/29/2017,CMP 688,6.47,7.94,18.6,0.706,0.458,0.395,1.49,1.33,0.79,0.03,0.51,11.4,18.1,3.9
WL-OUT,6,8/29/2017,CMP 689,6.39,7.99,21.2,0.709,0.469,0.45,1.54,1.48,0.72,0.03,0.72,11.1,18.9,4
WL-OUT,7,8/29/2017,CMP 690,6.37,8.05,24.7,0.806,0.511,0.444,1.84,1.68,0.54,0.04,1.11,10.8,19.8,5.1
WL-OUT,8,8/29/2017,CMP 691,6.45,8.07,29.2,0.794,0.536,0.45,1.86,1.87,0.54,0.04,1.29,10.4,24,5.4
WL-OUT,9,8/29/2017,CMP 692,6.46,8.12,26.5,0.776,0.528,0.444,1.9,1.87,0.53,0.03,1.31,10.3,21.7,5.3
WL-OUT,10,8/29/2017,CMP 693,6.54,8.04,23.9,0.72,0.438,0.377,1.46,1.47,0.55,0.04,0.88,10.9,19.2,4.7
WL-OUT,11,8/29/2017,CMP 694,6.54,7.93,18.3,0.688,0.455,0.395,1.55,1.43,0.55,0.05,0.83,10.7,15.3,4.3
WL-OUT,12,8/29/2017,CMP 695,6.52,8.06,20.7,0.671,0.426,0.365,1.37,1.32,0.58,0.06,0.68,10.9,17.4,4.1
WL-OUT,13,8/29/2017,CMP 696,6.52,7.88,21.3,0.6,0.418,0.359,1.42,1.33,0.61,0.05,0.67,10.8,16.9,4.6
WL-OUT,14,8/29/2017,CMP 697,6.49,7.87,16,0.633,0.431,0.407,1.37,1.35,0.67,0.05,0.62,11.4,13.9,3.6
WL-OUT,15,8/29/2017,CMP 698,6.53,8.1,15.1,0.569,0.418,0.356,1.31,1.28,0.66,0.05,0.57,11.6,12.8,3.6
WL-OUT,16,8/29/2017,CMP 699,6.51,7.89,15,0.612,0.448,0.359,1.19,1.19,0.75,0.06,0.38,13.6,12.3,4.2
WL-OUT,17,8/29/2017,CMP 700,6.57,7.82,14.1,0.658,0.425,0.377,1.18,1.16,0.8,0.05,0.31,12.9,12.9,3.7
WL-OUT,18,8/29/2017,CMP 701,6.59,7.99,13.5,0.635,0.42,0.389,1.16,1.11,0.8,0.05,0.25,12.1,13.1,3.7
WL-OUT,19,8/29/2017,CMP 702,6.55,7.83,14.2,0.635,0.469,0.444,1.12,1.08,0.88,0.06,0.14,13.7,13.6,3.9
WL-OUT,20,8/29/2017,CMP 703,6.52,8.11,14.3,0.68,0.435,0.383,1.09,1.08,0.86,0.05,0.17,13.6,12.5,4
WL-OUT,21,8/29/2017,CMP 704,6.55,7.81,16.4,0.655,0.399,0.347,1.19,1.17,0.76,0.06,0.35,12.9,15.8,4.5
WL-OUT,22,8/29/2017,CMP 705,6.48,7.92,15.5,0.629,0.42,0.359,1.33,1.22,0.68,0.05,0.49,12.4,11.8,3.5
WL-OUT,23,8/29/2017,CMP 706,6.54,7.77,14.9,0.643,0.426,0.371,1.28,1.26,0.74,0.04,0.48,12.5,14.2,4.2
WL-OUT,24,8/29/2017,CMP 707,6.37,8.07,15.6,0.694,0.445,0.419,1.52,1.51,0.63,0.04,0.84,11.5,15.4,3.8
PT ,1,9/11/2017,CMP 708,6.82,8.36,130,0.991,0.545,0.499,2.39,2.12,0.62,0.01,1.49,10.8,123.6,15.8
PT ,2,9/11/2017,CMP 709,6.92,8.3,41.2,0.709,0.568,0.487,2.36,2.28,0.67,0.01,1.61,10.7,39.4,5.9
PT ,3,9/11/2017,CMP 710,6.99,8.25,42.8,0.843,0.695,0.653,2.73,2.51,0.61,0.01,1.89,10.2,41.1,6
PT ,4,9/11/2017,CMP 711,7.02,8.15,44,0.788,0.681,0.665,2.96,2.68,0.69,0.01,1.98,10.1,43.5,6
PT ,5,9/11/2017,CMP 712,7.18,8.34,55.4,0.753,0.605,0.505,2.81,2.53,0.58,0.03,1.92,9.7,51.9,8.1
PT ,6,9/11/2017,CMP 713,7.36,8.37,52.3,0.634,0.474,0.416,2.35,2.19,0.61,0.01,1.57,9.1,47,8.1
PT ,7,9/11/2017,CMP 714,7.44,8.3,38.7,0.579,0.47,0.438,2.28,2.08,0.64,0.01,1.43,8.9,31.4,6.3
PT ,8,9/11/2017,CMP 715,7.48,8.3,36,0.661,0.542,0.475,2.28,2.22,0.61,0.02,1.59,8.8,28.5,5.9
PT ,9,9/11/2017,CMP 716,7.4,8.3,42.7,0.642,0.504,0.432,2.29,2.13,0.61,0.01,1.51,9.1,41.1,5.9
PT ,10,9/11/2017,CMP 717,7.07,8.14,72.3,0.831,0.632,0.591,2.69,2.55,0.69,0.01,1.86,9.6,69.7,9.4
PT ,11,9/11/2017,CMP 718,6.93,8.39,75.5,0.769,0.618,0.567,2.55,2.44,0.65,0.01,1.78,10.6,71.7,10.8
PT ,12,9/11/2017,CMP 719,6.86,8.22,56.9,0.855,0.66,0.647,2.46,2.36,0.71,0.01,1.64,11,55,8.3
PT ,13,9/11/2017,CMP 720,6.79,8.3,55.7,0.753,0.649,0.597,2.27,2.18,0.59,0.01,1.57,10.8,45.1,8.3
PT ,14,9/11/2017,CMP 721,6.76,8.22,53.8,0.64,0.525,0.468,2.18,2.1,0.64,0.01,1.45,11.2,43.8,8.3
PT ,15,9/11/2017,CMP 722,6.71,8.29,39.9,0.604,0.523,0.459,2.05,1.99,0.6,0.01,1.38,11.4,32.7,5.8
PT ,16,9/11/2017,CMP 723,6.74,8.11,41.6,0.726,0.564,0.524,2.2,2.07,0.63,0.02,1.43,11.1,34.8,6.5
PT ,17,9/11/2017,CMP 724,6.97,8.21,58.9,0.757,0.679,0.665,2.41,2.24,0.59,0.01,1.63,10.6,43.7,9
PT ,18,9/11/2017,CMP 725,6.85,8.39,50.7,0.796,0.734,0.702,2.88,2.73,0.65,0.01,2.07,9.9,43.9,6
PT ,19,9/11/2017,CMP 726,6.99,8.37,45.3,0.796,0.733,0.69,2.95,2.7,0.65,0.02,2.03,9.7,41,6.4
PT ,20,9/11/2017,CMP 727,6.72,8.22,43.2,0.625,0.554,0.499,2.56,2.44,0.71,0.01,1.72,9.9,39.8,6.1
PT ,21,9/11/2017,CMP 728,7.09,8.06,39.7,0.674,0.562,0.481,2.6,2.5,0.68,0.01,1.82,10.3,32.9,5.9
PT ,22,9/11/2017,CMP 729,6.98,8.29,39,0.796,0.728,0.677,2.76,2.61,0.72,0.01,1.88,9.7,35.4,6
PT ,23,9/11/2017,CMP 730,6.64,8.24,45,0.726,0.603,0.518,2.66,2.55,0.67,0.02,1.86,10.3,41.5,6.7
PT ,24,9/11/2017,CMP 731,6.62,8.31,52.3,0.733,0.618,0.539,2.44,2.33,0.65,0.01,1.66,10.9,47.5,7.8
HL,1,9/11/2017,CMP 732,6.98,8.05,41.8,0.708,0.604,0.536,2.31,2.03,0.7,0.02,1.31,12.5,36.1,7.2
HL,2,9/11/2017,CMP 733,6.95,8.15,56.5,0.812,0.685,0.634,2.5,2.39,0.68,0.01,1.71,10.6,47.3,8
HL,3,9/11/2017,CMP 734,7.03,8.07,48.5,0.769,0.637,0.585,2.88,2.51,0.61,0.01,1.89,10.4,39.9,6.9
HL,4,9/11/2017,CMP 735,7.18,8.14,56.6,0.688,0.507,0.444,2.43,2.37,0.59,0.01,1.77,9.5,53.1,7.6
HL,5,9/11/2017,CMP 736,7.4,8.15,44.8,0.57,0.502,0.438,2.26,2.2,0.68,0.01,1.51,8.9,43.4,6.2
HL,6,9/11/2017,CMP 737,7.58,8.24,42.6,0.536,0.437,0.364,2.03,1.95,0.58,0.03,1.35,8.3,39,5.5
HL,7,9/11/2017,CMP 738,7.63,8.33,28.8,0.485,0.446,0.364,2.1,1.94,0.62,0.01,1.32,8.3,27.3,3.6
HL,8,9/11/2017,CMP 739,7.56,8.21,43.3,0.505,0.407,0.296,2.03,1.97,0.7,0.01,1.26,8.9,40.1,7.2
HL,9,9/11/2017,CMP 740,7.31,8.04,58.2,0.647,0.527,0.471,2.29,2.24,0.61,0.01,1.62,9.1,52.2,7.6
HL,10,9/11/2017,CMP 741,7.12,8.22,73.2,0.769,0.552,0.487,2.5,2.42,0.61,0.01,1.8,9.7,66.4,9.1
HL,11,9/11/2017,CMP 742,7.02,8.15,79.3,0.899,0.693,0.64,2.7,2.53,0.68,0.01,1.83,10.3,66.1,10.3
HL,12,9/11/2017,CMP 743,7.04,8.27,58,0.788,0.593,0.505,2.32,2.22,0.63,0.01,1.58,10.9,50.4,8
HL,13,9/11/2017,CMP 744,7.05,8.34,48.6,0.769,0.589,0.481,2.16,2.1,0.68,0.01,1.41,11.6,41.7,6.9
HL,14,9/11/2017,CMP 745,7.09,8.28,46,0.736,0.609,0.573,2.1,1.99,0.66,0.01,1.33,11.6,40.5,6.1
HL,15,9/11/2017,CMP 746,7.11,8.25,49.2,0.78,0.717,0.683,2.08,1.99,0.76,0.01,1.22,11.6,42.2,6.6
HL,16,9/11/2017,CMP 747,7.04,8.17,51.5,0.714,0.644,0.585,2.34,2.22,0.63,0.01,1.57,10.9,48.9,7.4
HL,17,9/11/2017,CMP 748,6.94,8.33,60.8,0.972,0.753,0.702,3.03,2.93,0.66,0.01,2.26,9.9,46.7,6.1
HL,18,9/11/2017,CMP 749,7.12,8.31,58.9,0.787,0.668,0.601,2.72,2.62,0.65,0.01,1.95,9.4,54.4,7.4
HL,19,9/11/2017,CMP 750,7.28,8.23,51.6,0.697,0.605,0.536,2.5,2.29,0.52,0.01,1.76,9.4,49.8,7.1
HL,20,9/11/2017,CMP 751,7.22,8.16,46,0.69,0.591,0.548,2.4,2.25,0.5,0.02,1.72,9.3,42.7,5.6
HL,21,9/11/2017,CMP 752,7.17,8.28,37.6,0.597,0.538,0.438,2.5,2.44,0.6,0.01,1.84,9.4,33.4,4.9
HL,22,9/11/2017,CMP 753,7.02,8.11,34,0.759,0.693,0.653,2.96,2.8,0.7,0.01,2.08,9.7,33.6,5.1
HL,23,9/11/2017,CMP 754,6.93,8.28,44.9,0.878,0.747,0.659,3.14,2.84,0.63,0.01,2.2,10.1,43.9,5.4
HL,24,9/11/2017,CMP 755,7,8.33,43.6,0.839,0.716,0.683,2.67,2.51,0.73,0.01,1.78,10.8,43,6.3
FM,1,9/12/2017,CMP 756,7.83,8.27,72.4,0.53,0.361,0.278,1.74,1.59,0.57,0.01,1.02,8.1,67.5,8.9
FM,2,9/12/2017,CMP 757,7.88,8.11,62.3,0.401,0.286,0.155,1.48,1.35,0.54,0.01,0.8,7.6,60.1,7.6
FM,3,9/12/2017,CMP 758,8.4,8.18,58.5,0.389,0.223,0.112,1.39,1.12,0.43,0.01,0.67,6.5,54.2,7.3
FM,4,9/12/2017,CMP 759,8.96,8.05,83.8,0.339,0.142,0.069,1.17,0.9,0.44,0.01,0.46,4.9,77.9,9.5
FM,5,9/12/2017,CMP 760,9.1,8,68.9,0.235,0.117,0.038,1.05,0.73,0.36,0,0.37,4.3,58.6,8.1
FM,6,9/12/2017,CMP 761,8.97,7.97,53,0.273,0.177,0.124,1.1,0.91,0.4,0.08,0.43,4.9,46.9,6.5
FM,7,9/12/2017,CMP 762,8.3,8.03,71.4,0.456,0.248,0.173,1.42,1.32,0.57,0.02,0.73,7.1,65.1,8.8
FM,8,9/12/2017,CMP 763,8.02,8.05,45.7,0.438,0.317,0.216,1.68,1.46,0.57,0.02,0.87,8.3,38.6,6
FM,9,9/12/2017,CMP 764,8.02,8.07,36.5,0.403,0.332,0.198,1.62,1.46,0.58,0.01,0.86,9.3,31.6,6.1
FM,10,9/12/2017,CMP 765,8.12,8.01,144.7,0.69,0.328,0.229,1.58,1.45,0.65,0.01,0.8,10,122,16.5
FM,11,9/12/2017,CMP 766,8.26,8.02,178.6,0.929,0.323,0.284,1.73,1.58,0.84,0.01,0.73,11.1,151.2,25
FM,12,9/12/2017,CMP 767,8.4,8.07,173,0.793,0.316,0.204,1.56,1.45,0.73,0.04,0.68,11.8,152.2,27.6
FM,13,9/12/2017,CMP 768,8.32,7.91,149.4,0.69,0.322,0.247,1.58,1.38,0.65,0.01,0.71,11.7,137.4,23.6
FM,14,9/12/2017,CMP 769,7.69,8.15,65.3,0.591,0.462,0.352,1.91,1.77,0.51,0.01,1.26,9.2,61.9,9.2
FM,15,9/12/2017,CMP 770,7.69,8.1,48.2,0.579,0.446,0.345,2.07,1.77,0.52,0.01,1.24,9,41.6,6.4
FM,16,9/12/2017,CMP 771,8.14,7.96,90.2,0.456,0.301,0.235,1.65,1.52,0.69,0.01,0.83,11.8,54.4,7.2
FM,17,9/12/2017,CMP 772,8.31,7.96,124,0.358,0.177,0.1,1.27,1.13,0.63,0.01,0.5,10.6,104.9,13.7
FM,18,9/12/2017,CMP 773,8.39,7.88,151.5,0.45,0.12,0.044,1.13,0.93,0.59,0.01,0.32,9.1,153.7,17.5
FM,19,9/12/2017,CMP 774,8.34,7.92,61.1,0.278,0.162,0.1,1.2,1.1,0.63,0.01,0.46,9.6,49.8,6.9
FM,20,9/12/2017,CMP 775,8.22,7.97,93.3,0.407,0.25,0.18,1.44,1.38,0.68,0.01,0.68,10.6,90.5,12.2
FM,21,9/12/2017,CMP 776,8.02,8,100.4,0.518,0.35,0.281,1.8,1.66,0.72,0.01,0.93,11.5,98.1,12.8
FM,22,9/12/2017,CMP 777,7.8,8.08,354,1.574,0.416,0.29,2.11,1.87,0.7,0.01,1.17,11.1,303.1,45.1
FM,23,9/12/2017,CMP 778,7.81,8.02,225,1.027,0.419,0.376,2.02,1.92,0.72,0.01,1.19,11.2,218.7,26.2
FM,24,9/12/2017,CMP 779,8.11,8.03,93,0.536,0.304,0.21,1.55,1.46,0.61,0.01,0.84,10.8,84.2,14.1
SD,1,9/12/2017,CMP 780,8.01,7.8,46.9,0.499,0.298,0.235,1.76,1.62,0.59,0.03,1.01,9.2,46.1,6.8
SD,2,9/12/2017,CMP 781,8.32,7.9,61.5,0.376,0.232,0.186,1.55,1.43,0.68,0.01,0.74,8.5,53.5,10.3
SD,3,9/12/2017,CMP 782,8.46,7.89,68,0.358,0.205,0.173,1.53,1.37,0.6,0.02,0.74,8.3,61.9,8.1
SD,4,9/12/2017,CMP 783,8.49,7.95,52.4,0.309,0.198,0.149,1.51,1.38,0.64,0,0.74,8.1,38.4,7.3
SD,5,9/12/2017,CMP 784,8.47,7.88,41.2,0.321,0.204,0.137,1.5,1.38,0.61,0.03,0.74,8,35.4,7.2
SD,6,9/12/2017,CMP 785,8.12,7.77,26.8,0.367,0.271,0.226,1.64,1.53,0.58,0.03,0.92,8.8,25.3,5
SD,7,9/12/2017,CMP 786,8.05,7.76,25.9,0.383,0.289,0.192,1.72,1.58,0.64,0.02,0.93,9,25,4
SD,8,9/12/2017,CMP 787,7.77,8,33.4,0.414,0.37,0.272,1.93,1.83,0.59,0.01,1.23,9.7,26.9,6.3
SD,9,9/12/2017,CMP 788,7.62,8.03,36.5,0.45,0.396,0.339,2.22,1.92,0.62,0.04,1.26,10.2,31.8,6.2
SD,10,9/12/2017,CMP 789,7.53,7.93,37.4,0.468,0.394,0.341,2.26,1.9,0.67,0.01,1.23,10.4,35.9,4.8
SD,11,9/12/2017,CMP 790,7.55,8.06,45.6,0.487,0.365,0.296,2.22,1.91,0.67,0.01,1.23,10.9,40.6,6.9
SD,12,9/12/2017,CMP 791,7.55,8,64.1,0.597,0.319,0.272,2.14,1.96,0.69,0.02,1.25,10.8,58.8,6.9
SD,13,9/12/2017,CMP 792,7.52,7.96,62.2,0.521,0.26,0.241,2.25,2.01,0.79,0.03,1.19,11.6,57.6,8.6
SD,14,9/12/2017,CMP 793,7.49,8.02,68.9,0.626,0.334,0.315,2.26,1.93,0.72,0.01,1.19,10.2,69,10
SD,15,9/12/2017,CMP 794,7.74,7.93,73.1,0.567,0.254,0.235,2.32,1.9,0.66,0.02,1.22,9.8,72.6,9.6
SD,16,9/12/2017,CMP 795,8.02,7.98,74.5,0.573,0.302,0.219,2.05,1.91,0.64,0.04,1.23,9.1,72.8,9
SD,17,9/12/2017,CMP 796,8.23,7.94,51.4,0.432,0.265,0.247,2.04,1.68,0.67,0.03,0.98,9.2,49.9,7.4
SD,18,9/12/2017,CMP 797,8.23,7.81,55.9,0.456,0.277,0.259,1.93,1.53,0.59,0.04,0.89,8.7,55.4,7
SD,19,9/12/2017,CMP 798,7.9,7.96,72.7,0.542,0.274,0.204,2.25,1.77,0.64,0.01,1.12,9.3,72.1,7.9
SD,20,9/12/2017,CMP 799,7.88,7.9,60,0.481,0.29,0.216,2.08,1.77,0.63,0.02,1.12,9.5,51.2,7.6
SD,21,9/12/2017,CMP 800,7.82,7.92,52.1,0.475,0.27,0.241,2.2,1.84,0.62,0.01,1.21,9.5,48.2,6.7
SD,22,9/12/2017,CMP 801,7.72,8.1,68.8,0.554,0.385,0.315,2.25,1.92,0.63,0.02,1.27,9.6,55.8,8.6
SD,23,9/12/2017,CMP 802,7.71,7.97,84.1,0.616,0.336,0.284,2.34,1.91,0.59,0.03,1.29,9.5,78,10.6
SD,24,9/12/2017,CMP 803,7.77,7.96,72,0.634,0.38,0.358,2.15,1.94,0.63,0.04,1.27,9.5,58.5,9.6
PT ,1,9/18/2017,CMP 804,7.5,8.16,129.8,0.997,0.503,0.389,2.37,2.06,0.72,0.02,1.33,11.6,121,17.3
PT ,2,9/18/2017,CMP 805,7.44,8.13,126,1.07,0.585,0.462,2.91,2.56,0.62,0.02,1.92,10.5,108.4,11.1
PT ,3,9/18/2017,CMP 806,7.59,8.01,101,0.911,0.52,0.418,2.71,2.36,0.6,0.01,1.75,9.6,89.4,10.4
PT ,4,9/18/2017,CMP 807,7.79,8.02,89.1,0.714,0.443,0.376,2.4,2.02,0.58,0.01,1.44,9.3,81,9.8
PT ,5,9/18/2017,CMP 808,7.82,8.09,62,0.628,0.419,0.352,2.28,2.05,0.64,0.02,1.39,9,61.6,7.5
PT ,6,9/18/2017,CMP 809,7.73,8.07,49.3,0.585,0.465,0.352,2.34,2.17,0.64,0.02,1.51,9.3,45.4,6.5
PT ,7,9/18/2017,CMP 810,7.53,8.09,72,0.726,0.541,0.454,2.61,2.46,0.68,0.01,1.78,9.7,68,10.9
PT ,8,9/18/2017,CMP 811,7.46,8.04,84.4,0.812,0.56,0.432,2.53,2.37,0.74,0,1.62,10.6,80.1,10.9
PT ,9,9/18/2017,CMP 812,7.38,8.06,70.7,0.791,0.627,0.588,2.32,2.18,0.86,0.01,1.31,11.3,66.4,9
PT ,10,9/18/2017,CMP 813,7.32,8.1,55.2,0.788,0.621,0.597,2.2,2.07,0.84,0.01,1.22,11.8,52.9,7.3
PT ,11,9/18/2017,CMP 814,7.35,8.14,50.5,0.733,0.513,0.382,2.29,2.16,0.97,0.01,1.19,11.9,48.3,7.7
PT ,12,9/18/2017,CMP 815,7.44,8.18,60.7,0.763,0.524,0.407,2.5,2.38,0.87,0.01,1.5,10.8,41.1,9.1
PT ,13,9/18/2017,CMP 816,7.49,8.08,66,0.745,0.545,0.436,2.64,2.51,0.75,0.02,1.74,10.2,58.4,10
PT ,14,9/18/2017,CMP 817,7.63,8.01,78.4,0.751,0.489,0.352,2.58,2.34,0.7,0,1.64,9.8,77.6,11.6
PT ,15,9/18/2017,CMP 818,7.82,7.96,105.6,0.819,0.438,0.374,2.66,2.12,0.68,0.03,1.41,9.2,95.8,17.2
PT ,16,9/18/2017,CMP 819,7.96,8.02,68.3,0.616,0.396,0.272,2.41,2.05,0.71,0.02,1.32,8.7,67.7,10.3
PT ,17,9/18/2017,CMP 820,8.01,8.04,49.4,0.628,0.372,0.284,2.41,1.93,0.65,0.02,1.26,8.6,44.9,6.4
PT ,18,9/18/2017,CMP 821,7.87,7.97,68.9,0.757,0.425,0.315,2.37,2.11,0.64,0.03,1.44,9,66,10.9
PT ,19,9/18/2017,CMP 822,7.65,7.96,95,0.978,0.498,0.442,2.85,2.27,0.67,0.01,1.59,9.6,93.2,14.3
PT ,20,9/18/2017,CMP 823,7.51,7.96,100,0.868,0.538,0.425,2.5,2.3,0.75,0.01,1.54,10.9,92.9,15.6
PT ,21,9/18/2017,CMP 824,7.38,7.98,78.1,0.88,0.504,0.456,2.54,2.35,1.01,0.01,1.33,11.7,75.9,12
PT ,22,9/18/2017,CMP 825,7.3,8.06,77.1,0.868,0.513,0.438,2.26,2.14,0.91,0.03,1.19,11.8,70.5,13.6
PT ,23,9/18/2017,CMP 826,7.22,8.18,90.7,0.923,0.498,0.475,2.08,1.97,0.91,0.01,1.05,12.1,90.7,14.1
PT ,24,9/18/2017,CMP 827,7.15,8,56.8,0.729,0.49,0.456,2.27,2.02,1.01,0.01,1.01,12.8,47.5,10
HL,1,9/18/2017,CMP 828,7.57,7.9,80.3,0.8,0.462,0.358,2.02,1.9,0.74,0.01,1.16,12.1,74.7,11.1
HL,2,9/18/2017,CMP 829,7.45,8.06,109,0.989,0.546,0.444,2.87,2.55,0.62,0,1.92,10.3,84.1,10.7
HL,3,9/18/2017,CMP 830,7.69,7.92,108,0.949,0.569,0.511,2.66,2.33,0.71,0.01,1.62,9.7,91.8,12.6
HL,4,9/18/2017,CMP 831,7.87,7.94,94,0.751,0.386,0.29,2.27,1.99,0.62,0,1.37,9,82.1,11.1
HL,5,9/18/2017,CMP 832,7.97,7.93,80.5,0.622,0.437,0.382,2.25,1.95,0.66,0,1.29,9,77.9,10.7
HL,6,9/18/2017,CMP 833,7.94,7.91,63.1,0.628,0.416,0.315,2.13,1.97,0.68,0,1.3,9,53.8,7.3
HL,7,9/18/2017,CMP 834,7.79,7.95,62.5,0.653,0.393,0.333,2.19,2.07,0.58,0,1.49,9.3,57.5,9.2
HL,8,9/18/2017,CMP 835,7.58,8.01,64.8,0.733,0.588,0.511,2.59,2.38,0.6,0,1.77,9.9,66.8,11.2
HL,9,9/18/2017,CMP 836,7.41,8.07,80.6,0.825,0.649,0.597,2.64,2.53,0.69,0,1.84,10.6,77.2,11.6
HL,10,9/18/2017,CMP 837,7.51,8.01,68.4,0.806,0.561,0.481,2.32,2.21,0.81,0.01,1.39,11.4,68.9,8.2
HL,11,9/18/2017,CMP 838,7.57,8.13,90.2,0.905,0.586,0.536,2.18,2.05,0.83,0,1.21,12.1,83.3,12.4
HL,12,9/18/2017,CMP 839,7.56,8.18,53.7,0.733,0.561,0.496,2.26,2.07,0.75,0.01,1.32,12.2,46.5,7.8
HL,13,9/18/2017,CMP 840,7.5,7.99,69.4,0.923,0.613,0.561,2.86,2.48,0.75,0.01,1.72,10.3,65.8,9.5
HL,14,9/18/2017,CMP 841,7.63,7.96,84.5,0.862,0.54,0.499,2.49,2.3,0.66,0.01,1.63,9.6,77,12.9
HL,15,9/18/2017,CMP 842,7.82,7.93,82.2,0.714,0.468,0.438,2.18,2.07,0.61,0.03,1.43,9,82,11.8
HL,16,9/18/2017,CMP 843,8.02,7.99,78.8,0.647,0.374,0.309,2.1,1.94,0.64,0.02,1.27,8.6,75.4,11.5
HL,17,9/18/2017,CMP 844,8.09,7.96,56.3,0.536,0.359,0.29,2.04,1.8,0.61,0.02,1.17,8.2,55.9,8
HL,18,9/18/2017,CMP 845,8.06,7.99,57.6,0.647,0.399,0.327,2.04,1.84,0.61,0.02,1.22,8.4,53.1,8.3
HL,19,9/18/2017,CMP 846,7.88,7.91,75.1,0.696,0.486,0.438,2.24,2.1,0.66,0.01,1.43,9.3,70.2,10.9
HL,20,9/18/2017,CMP 847,7.65,8,91.6,0.794,0.559,0.462,2.38,2.26,0.73,0.01,1.52,10.8,86.4,13
HL,21,9/18/2017,CMP 848,7.58,8.03,85,0.831,0.468,0.389,2.61,2.32,0.69,0.01,1.61,11.8,83.9,10.9
HL,22,9/18/2017,CMP 849,7.62,7.99,77,0.833,0.636,0.597,2.27,1.96,0.74,0.01,1.21,12.1,76.4,11.5
HL,23,9/18/2017,CMP 850,7.65,8.02,54.9,0.637,0.488,0.395,2,1.87,0.8,0.02,1.05,12.5,54,8.2
HL,24,9/18/2017,CMP 851,7.77,8.14,69.8,0.855,0.518,0.401,1.94,1.81,0.85,0.01,0.95,12.6,51.5,8.6
SD,1,9/19/2017,CMP 852,8.38,8.17,97.6,0.579,0.251,0.18,1.57,1.45,0.56,0.02,0.88,9.8,84.9,14.2
SD,2,9/19/2017,CMP 853,8.52,8.06,92.9,0.547,0.205,0.137,1.44,1.33,0.53,0.03,0.76,6.5,84.2,10.9
SD,3,9/19/2017,CMP 854,8.51,8.03,56.1,0.419,0.189,0.137,1.42,1.33,0.56,0.03,0.74,6.6,48.7,7.6
SD,4,9/19/2017,CMP 855,8.4,8.03,47.3,0.419,0.28,0.204,1.55,1.33,0.45,0.02,0.85,7.1,40.3,5.3
SD,5,9/19/2017,CMP 856,8.18,8.09,48.2,0.542,0.376,0.278,1.93,1.63,0.48,0.04,1.11,8.2,41.3,5.8
SD,6,9/19/2017,CMP 857,8.09,7.99,43.7,0.622,0.366,0.318,1.94,1.83,0.63,0.09,1.11,10.5,35.5,5.9
SD,7,9/19/2017,CMP 858,8.16,7.86,41.3,0.551,0.329,0.296,2.15,2.08,0.91,0.16,1.01,12.8,37.9,7.1
SD,8,9/19/2017,CMP 859,8.19,7.83,39.3,0.465,0.281,0.223,2.17,2.02,0.92,0.18,0.92,14.4,31.1,7.4
SD,9,9/19/2017,CMP 860,8.28,7.65,41.5,0.469,0.253,0.21,2.31,2.25,1.29,0.24,0.72,16.7,36.3,8
SD,10,9/19/2017,CMP 861,8.18,7.63,33.9,0.457,0.272,0.241,2.15,1.99,1.04,0.19,0.76,16.1,32.9,6.6
SD,11,9/19/2017,CMP 862,8,8.12,70,0.591,0.314,0.278,1.9,1.83,0.58,0.01,1.24,9,53.1,9.4
SD,12,9/19/2017,CMP 863,8.31,8.15,107.2,0.64,0.23,0.186,1.6,1.53,0.52,0.02,1,7.5,104,14.1
SD,13,9/19/2017,CMP 864,8.47,8.1,72.4,0.499,0.26,0.167,1.44,1.31,0.47,0.03,0.8,6.8,62.8,9.5
SD,14,9/19/2017,CMP 865,8.54,8.01,50.4,0.468,0.223,0.118,1.49,1.26,0.53,0.01,0.72,6.5,41.3,6
SD,15,9/19/2017,CMP 866,8.46,8.02,38.7,0.401,0.241,0.161,1.4,1.24,0.46,0.03,0.74,6.4,29.3,5.8
SD,16,9/19/2017,CMP 867,8.35,8.04,36.1,0.401,0.193,0.155,1.46,1.39,0.48,0.03,0.88,7.2,26.3,5
SD,17,9/19/2017,CMP 868,8.09,8,40.3,0.442,0.264,0.21,1.79,1.68,0.53,0.04,1.1,8.3,33.5,6
SD,18,9/19/2017,CMP 869,8.14,7.9,44.5,0.643,0.358,0.309,2.1,1.97,0.77,0.12,1.08,11.4,36.2,6.6
SD,19,9/19/2017,CMP 870,8.36,7.65,46.8,0.457,0.298,0.272,2.21,2.12,1.16,0.21,0.74,15.9,34.2,10.2
SD,20,9/19/2017,CMP 871,8.46,7.55,74.8,0.455,0.22,0.161,2.42,2.05,1.26,0.27,0.52,18.7,53.6,14.9
SD,21,9/19/2017,CMP 872,8.81,7.38,61.8,0.486,0.183,0.13,2.34,1.9,1.41,0.29,0.2,22.2,43.3,13.6
SD,22,9/19/2017,CMP 873,8.79,7.34,54.5,0.472,0.174,0.118,2.24,1.94,1.4,0.31,0.23,22.4,30.3,11.9
SD,23,9/19/2017,CMP 874,7.95,7.89,70.7,0.708,0.404,0.339,2.19,2.13,0.67,0.07,1.39,10.3,62.8,10.1
SD,24,9/19/2017,CMP 875,8.04,8.02,111.3,0.88,0.387,0.333,2.02,1.87,0.57,0.06,1.24,8.6,103,14.2
FM,1,9/19/2017,CMP 876,8.66,7.91,114.6,0.475,0.136,0.069,1.28,0.95,0.55,0.02,0.38,7.5,98.9,14.6
FM,2,9/19/2017,CMP 877,8.63,7.9,125.8,0.413,0.073,0.026,0.95,0.71,0.5,0.01,0.21,6.2,113,15.7
FM,3,9/19/2017,CMP 878,8.62,7.85,76.6,0.318,0.063,0.02,0.97,0.72,0.52,0.02,0.18,6.4,56.5,9.7
FM,4,9/19/2017,CMP 879,8.63,7.86,60.5,0.321,0.089,0.032,1.07,0.77,0.48,0.01,0.28,6.5,41.5,8
FM,5,9/19/2017,CMP 880,8.58,7.91,57.9,0.358,0.17,0.087,1.18,1.06,0.55,0.01,0.49,7.7,39.9,8.2
FM,6,9/19/2017,CMP 881,8.42,8.03,52.3,0.505,0.289,0.198,1.59,1.43,0.6,0.01,0.82,8.9,31.4,7.9
FM,7,9/19/2017,CMP 882,8.26,8.1,48.4,0.493,0.372,0.266,1.75,1.58,0.53,0.01,1.04,9.3,32.4,7.1
FM,8,9/19/2017,CMP 883,8.42,8.15,44.2,0.562,0.361,0.309,1.71,1.61,0.61,0.01,0.98,9.6,31.8,7.1
FM,9,9/19/2017,CMP 884,8.55,8.09,43.7,0.504,0.305,0.229,1.56,1.5,0.58,0.01,0.9,10.2,34.5,6.6
FM,10,9/19/2017,CMP 885,8.4,8.1,53.5,0.516,0.298,0.21,1.64,1.56,0.61,0.02,0.93,9.7,43.7,8
FM,11,9/19/2017,CMP 886,8.08,8.13,52.2,0.591,0.411,0.352,2.01,1.86,0.61,0.02,1.23,8.8,51.7,6.9
FM,12,9/19/2017,CMP 887,8.33,8.14,58,0.514,0.329,0.204,1.63,1.53,0.53,0.01,0.98,8.9,46.8,9.4
FM,13,9/19/2017,CMP 888,8.62,7.96,145.3,0.518,0.106,0.044,0.92,0.79,0.42,0.01,0.36,6.7,129,19
FM,14,9/19/2017,CMP 889,8.57,7.97,83.2,0.302,0.065,0.02,0.92,0.71,0.46,0,0.24,5.8,74.1,10.4
FM,15,9/19/2017,CMP 890,8.51,7.93,45.9,0.272,0.12,0.038,1.04,0.92,0.51,0.01,0.41,6.5,36.8,6.3
FM,16,9/19/2017,CMP 891,8.55,7.89,41.7,0.223,0.079,0.038,0.93,0.73,0.45,0.02,0.27,6.1,33.3,6.1
FM,17,9/19/2017,CMP 892,8.45,7.97,33.1,0.315,0.202,0.149,1.34,1.22,0.57,0.03,0.63,9.8,27.2,5.8
FM,18,9/19/2017,CMP 893,8.19,8.09,43.4,0.468,0.304,0.21,1.78,1.66,0.59,0.04,1.02,10.1,28.8,6.9
FM,19,9/19/2017,CMP 894,8.31,8.06,48.9,0.487,0.258,0.198,1.84,1.74,0.71,0.03,1,11.2,37.1,7.9
FM,20,9/19/2017,CMP 895,8.5,8.03,52.4,0.542,0.341,0.284,1.76,1.62,0.7,0.02,0.9,11.5,41.7,8.3
FM,21,9/19/2017,CMP 896,8.67,8.11,75.6,0.586,0.289,0.204,1.77,1.69,0.88,0.02,0.78,12.1,65,9.8
FM,22,9/19/2017,CMP 897,8.69,8,72.5,0.563,0.302,0.216,1.58,1.49,0.74,0.01,0.74,12.1,58.4,11.4
FM,23,9/19/2017,CMP 898,8.02,8.08,79.3,0.671,0.446,0.364,2.07,1.96,0.62,0.04,1.29,11,68.1,10.3
FM,24,9/19/2017,CMP 899,7.96,8.04,129.1,0.828,0.451,0.284,2.14,2,0.62,0.03,1.34,10.8,120,16.1
