Bottle,Date,Site,ID,DOC_ppm,DOC_rep2,TN_ppm,TN_rep2,NO3_ppm,NO3_rep2,NH4_ppm,NH4_rep2,TP_ppm,TP_rep2,PO4_PPM,PO4_rep2
1,4/18/2018,FM,CMP 1,15.3,,2.53,,1.47,,0.00,,0.582,,0.137,
2,4/18/2018,FM,CMP 2,13.0,,2.47,,1.52,,0.06,0.04,0.621,,0.257,
3,4/18/2018,FM,CMP 3,12.9,,2.63,,1.45,1.42,0.03,,0.699,,0.273,
7,4/18/2018,FM,CMP 4,14.1,,2.93,,1.88,,0.06,,0.959,,0.323,
8,4/18/2018,FM,CMP 5,13.0,,2.56,,1.59,,0.05,,0.931,,0.279,
9,4/18/2018,FM,CMP 6,10.5,,1.82,1.83,0.94,0.92,0.04,,0.969,,0.153,
10,4/18/2018,FM,CMP 7,7.5,,1.24,,0.40,0.41,0.04,,0.728,,0.068,
11,4/18/2018,FM,CMP 8,8.3,,1.34,,0.50,0.50,0.03,,0.485,0.504,0.074,
12,4/18/2018,FM,CMP 9,10.3,,1.39,,0.70,0.69,0.05,,0.377,,0.123,
13,4/18/2018,FM,CMP 10,10.8,10.8,2.14,,1.07,,0.01,,0.543,,0.171,
14,4/18/2018,FM,CMP 11,12.9,,2.60,,1.51,,0.04,0.03,0.602,,0.245,0.243
15,4/18/2018,FM,CMP 12,13.0,,2.75,,1.74,1.72,0.05,,0.611,,0.294,
16,4/18/2018,FM,CMP 13,13.0,,2.74,,1.78,,0.05,,0.660,,0.302,
17,4/18/2018,FM,CMP 14,12.7,,2.85,,1.64,,0.06,,0.718,,0.281,
18,4/18/2018,FM,CMP 15,11.7,,2.33,2.33,1.40,,0.06,,0.553,,0.234,
19,4/18/2018,FM,CMP 16,12.5,,2.52,,1.60,,0.06,,0.582,,0.263,
20,4/18/2018,FM,CMP 17,8.7,,1.39,,0.59,,0.00,,0.504,0.514,0.085,
21,4/18/2018,FM,CMP 18,8.0,,1.17,,0.59,,0.00,,0.436,,0.069,
22,4/18/2018,FM,CMP 19,9.2,,1.67,,0.44,,0.07,,0.407,,0.131,
23,4/18/2018,FM,CMP 20,10.5,10.6,1.89,,0.83,,0.08,0.07,0.416,,0.154,0.156
24,4/18/2018,FM,CMP 21,8.6,,1.40,,0.59,,0.01,,0.387,,0.091,
1,4/18/2018,PT,CMP 22,12.4,,2.90,,0.59,0.58,0.03,,0.786,,0.434,
2,4/18/2018,PT,CMP 23,11.4,,2.77,,1.84,,0.06,,0.708,,0.446,
3,4/18/2018,PT,CMP 24,10.9,,2.92,2.91,1.83,1.76,0.05,,0.737,,0.458,
4,4/18/2018,PT,CMP 25,11.0,,2.73,,1.80,,0.05,,0.747,,0.456,
5,4/18/2018,PT,CMP 26,11.0,,2.75,,1.79,,0.07,,0.757,0.757,0.458,
6,4/18/2018,PT,CMP 27,12.7,,3.06,,1.72,,0.04,,0.853,,0.383,
7,4/18/2018,PT,CMP 28,13.0,,3.53,,2.31,,0.07,,0.853,,0.443,
8,4/18/2018,PT,CMP 29,13.0,,3.54,,2.35,,0.07,0.07,0.805,,0.427,0.415
9,4/18/2018,PT,CMP 30,12.9,12.9,3.45,,2.15,,0.07,,0.786,,0.385,
10,4/18/2018,PT,CMP 31,12.8,,3.18,3.33,2.10,,0.07,,0.815,0.815,0.364,
11,4/18/2018,PT,CMP 32,12.9,,3.48,,2.27,,0.04,,0.776,,0.411,
12,4/18/2018,PT,CMP 33,13.1,,3.68,3.62,2.37,2.41,0.06,,0.737,,0.455,
13,4/18/2018,PT,CMP 34,13.1,,2.99,,2.02,,0.05,,0.699,,0.409,
14,4/18/2018,PT,CMP 35,12.6,,2.73,2.73,1.73,,0.05,,0.670,0.660,0.389,
15,4/18/2018,PT,CMP 36,12.6,,2.72,,1.75,,0.03,,0.670,,0.394,
16,4/18/2018,PT,CMP 37,12.5,,3.05,,1.83,,0.05,,0.679,,0.397,
17,4/18/2018,PT,CMP 38,13.1,,3.17,,2.21,,0.07,0.06,0.737,,0.418,0.415
18,4/18/2018,PT,CMP 39,12.8,,3.44,,2.27,,0.07,,0.795,,0.411,
19,4/18/2018,PT,CMP 40,10.9,,3.08,,2.10,,0.07,,0.795,,0.362,
20,4/18/2018,PT,CMP 41,10.7,,3.00,,2.01,,0.06,,0.699,,0.323,
21,4/18/2018,PT,CMP 42,10.9,,3.26,,1.90,1.87,0.08,,0.679,,0.314,
22,4/18/2018,PT,CMP 43,7.3,7.3,2.83,,1.94,,0.05,,0.611,,0.297,
23,4/18/2018,PT,CMP 44,11.0,,3.08,3.10,2.08,,0.06,,0.776,0.776,0.364,
24,4/18/2018,PT,CMP 45,11.1,,3.16,,2.17,,0.05,,0.882,,0.401,
1,4/18/2018,SD,CMP 46,11.4,,2.75,,1.62,,0.02,,0.805,,0.230,
2,4/18/2018,SD,CMP 47,10.9,,2.70,,1.72,,0.08,0.08,0.757,,0.240,0.237
3,4/18/2018,SD,CMP 48,11.4,,2.82,,1.74,,0.08,,0.718,,0.246,
4,4/18/2018,SD,CMP 49,20.0,,3.11,,1.62,,0.08,,0.892,,0.179,
5,4/18/2018,SD,CMP 50,17.0,,3.13,,1.42,,0.12,,0.863,,0.090,
6,4/18/2018,SD,CMP 51,14.4,13.8,3.06,,1.48,1.46,0.13,,0.805,,0.137,
7,4/18/2018,SD,CMP 52,13.9,,3.14,,1.87,,0.06,,0.853,,0.383,
8,4/18/2018,SD,CMP 53,11.0,,2.85,2.86,1.70,,0.06,,0.747,0.747,0.257,
9,4/18/2018,SD,CMP 54,11.6,,2.60,,1.40,,0.01,,0.602,,0.171,
10,4/18/2018,SD,CMP 55,11.1,,2.44,,1.39,,0.00,,0.582,,0.163,
11,4/18/2018,SD,CMP 56,10.7,,2.66,,1.41,,0.03,0.03,0.640,,0.184,0.182
12,4/18/2018,SD,CMP 57,11.1,,2.57,,1.51,,0.07,,0.543,,0.211,
13,4/18/2018,SD,CMP 58,11.0,,2.77,,1.60,,0.08,,0.602,,0.225,
14,4/18/2018,SD,CMP 59,14.5,14.6,2.71,,1.64,,0.07,,0.533,,0.240,
15,4/18/2018,SD,CMP 60,11.1,,3.10,,1.73,,0.08,,0.708,,0.255,
16,4/18/2018,SD,CMP 61,11.6,,2.88,,1.73,,0.14,,0.747,,0.246,
17,4/18/2018,SD,CMP 62,11.0,,2.81,2.85,1.89,,0.07,,0.640,0.660,0.302,
18,4/18/2018,SD,CMP 63,10.8,,2.84,,1.66,,0.08,,0.611,,0.254,
19,4/18/2018,SD,CMP 64,10.3,,2.37,,1.43,,0.07,,0.563,,0.193,
20,4/18/2018,SD,CMP 65,10.0,,2.24,,1.27,,0.09,0.09,0.543,,0.156,0.156
21,4/18/2018,SD,CMP 66,9.6,,2.17,,1.19,,0.11,,0.514,,0.141,
22,4/18/2018,SD,CMP 67,9.3,,2.06,,1.19,,0.08,,0.494,,0.143,
23,4/18/2018,SD,CMP 68,12.5,12.6,2.18,,1.27,,0.09,,0.455,,0.156,
24,4/18/2018,SD,CMP 69,9.9,,2.29,,1.38,1.36,0.08,,0.524,,0.182,
1,4/18/2018,HL,CMP 70,11.6,,3.12,,1.99,,0.01,,0.844,,0.391,
2,4/18/2018,HL,CMP 71,11.3,,2.65,2.65,1.60,,0.03,,0.728,0.718,0.357,
6,4/18/2018,HL,CMP 72,11.6,,2.62,,1.57,,0.03,,0.660,,0.364,
7,4/18/2018,HL,CMP 73,11.7,,3.94,,2.55,,0.05,,1.017,,0.475,
8,4/18/2018,HL,CMP 74,11.5,,3.66,,2.26,,0.07,0.07,0.873,,0.418,0.420
9,4/18/2018,HL,CMP 75,11.1,,3.31,,2.05,,0.06,,0.747,,0.357,
10,4/18/2018,HL,CMP 76,11.1,,3.20,,1.98,,0.05,,0.737,,0.330,
11,4/18/2018,HL,CMP 77,11.0,,2.96,,2.01,,0.05,,0.631,,0.342,
12,4/18/2018,HL,CMP 78,11.1,11.1,3.29,,2.04,2.06,0.07,,0.679,,0.373,
13,4/18/2018,HL,CMP 79,11.3,,3.43,,2.21,,0.06,,0.660,,0.411,
14,4/18/2018,HL,CMP 80,11.3,,3.48,3.53,2.29,,0.07,,0.737,0.737,0.438,
15,4/18/2018,HL,CMP 81,11.4,,3.15,,1.98,,0.01,,0.708,,0.400,
16,4/18/2018,HL,CMP 82,11.4,,2.94,,1.84,,0.06,,0.621,,0.391,
17,4/18/2018,HL,CMP 83,11.2,,3.40,,2.17,,0.06,0.06,0.747,,0.418,0.420
18,4/18/2018,HL,CMP 84,10.9,,3.30,,2.16,,0.07,,0.737,,0.403,
19,4/18/2018,HL,CMP 85,10.8,,3.32,,2.05,,0.05,,0.757,,0.360,
20,4/18/2018,HL,CMP 86,10.9,,3.22,,1.90,,0.04,,0.757,,0.315,
21,4/18/2018,HL,CMP 87,10.8,10.8,2.74,,1.70,1.72,0.08,,0.592,,0.275,
22,4/18/2018,HL,CMP 88,10.7,,2.70,,1.67,,0.06,,0.563,,0.261,
23,4/18/2018,HL,CMP 89,11.0,,3.11,3.11,1.80,,0.08,,0.621,0.611,0.287,
24,4/18/2018,HL,CMP 90,10.8,,3.16,,1.94,,0.07,,0.728,,0.344,
,,,CMP 91,10.0,,1.88,,1.21,,0.02,,0.631,,0.151,
,,,CMP 92,11.4,,2.02,,1.22,,0.04,0.03,0.524,,0.169,0.169
,,,CMP 93,10.7,,2.01,,1.17,,0.03,,0.543,,0.196,
,,,CMP 94,12.0,,2.24,,1.43,,0.01,,0.572,,0.249,
,,,CMP 95,12.4,,2.37,,1.40,,0.05,,0.650,,0.270,
,,,CMP 96,12.7,,2.38,,1.21,1.21,0.00,,0.959,,0.281,
,,,CMP 97,13.1,,2.28,,1.16,,0.04,,0.892,,0.288,
,,,CMP 98,12.8,,2.39,2.40,1.23,,0.03,,0.931,0.931,0.278,
,,,CMP 99,13.0,,2.98,,1.90,,0.07,,0.873,,0.312,
,,,CMP 100,12.1,12.2,2.80,,1.81,,0.03,,0.776,,0.293,
,,,CMP 101,10.0,,2.00,,0.93,,0.03,0.03,0.988,,0.165,0.163
,,,CMP 102,6.7,,1.74,,0.33,,0.02,,0.640,,0.062,
,,,CMP 103,6.6,,0.96,,0.29,,0.03,,0.338,,0.042,
,,,CMP 104,6.7,,0.99,,0.30,,0.03,,0.260,,0.043,
,,,CMP 105,6.8,,0.95,,0.36,0.36,0.01,,0.279,,0.055,
,,,CMP 106,9.8,,1.75,,0.90,,0.03,,0.455,,0.163,
,,,CMP 107,11.7,,2.66,2.68,1.58,,0.07,,0.611,0.602,0.275,
,,,CMP 108,12.4,,2.83,,1.76,,0.06,,0.631,,0.308,
,,,CMP 109,12.6,,2.76,,1.77,,0.08,,0.611,,0.309,
,,,CMP 110,12.7,12.9,2.69,,1.63,,0.06,0.07,0.602,,0.285,0.285
,,,CMP 111,10.0,,2.06,,1.13,,0.05,,0.533,,0.193,0.187
,,,CMP 112,11.3,,2.57,,1.41,,0.06,,0.621,,0.206,
,,,CMP 113,11.4,,2.51,,1.46,,0.01,,0.602,,0.234,
,,,CMP 114,8.9,,1.64,,0.78,0.79,0.00,,0.465,,0.122,
,,,CMP 115,13.0,,3.67,,2.29,,0.01,,0.892,,0.401,
,,,CMP 116,12.8,,3.37,3.40,2.18,,0.06,,0.853,0.853,0.486,
,,,CMP 117,12.1,,3.27,,1.95,,0.03,,0.844,,0.437,
,,,CMP 118,11.7,,3.06,,1.92,,0.04,,0.940,,0.492,
,,,CMP 119,11.2,,3.27,,1.90,,0.04,0.04,1.046,,0.523,
,,,CMP 120,15.6,15.5,3.22,,1.86,,0.04,,1.256,,0.524,0.532
,,,CMP 121,11.3,11.1,3.12,,1.90,,0.06,,1.094,,0.523,
,,,CMP 122,13.1,,3.34,,1.93,,0.03,,1.046,,0.424,
,,,CMP 123,12.4,,4.11,,2.60,,0.04,,1.380,,0.484,
,,,CMP 124,12.6,,3.57,,2.47,,0.05,,0.988,,0.446,
,,,CMP 125,11.2,,3.43,3.47,2.19,,0.06,,0.844,0.844,0.385,
,,,CMP 126,12.1,,3.20,,2.03,,0.08,,0.660,,0.382,
,,,CMP 127,13.1,,3.23,,2.03,,0.08,,0.679,,0.342,
,,,CMP 128,13.6,,3.33,,2.16,,0.07,0.07,0.776,,0.374,
,,,CMP 129,14.1,,3.48,,2.44,,0.05,,0.795,,0.449,0.444
,,,CMP 130,13.4,,3.66,,2.44,,0.06,,0.931,,0.473,
,,,CMP 131,12.8,,3.10,,2.11,,0.06,,0.863,,0.535,
,,,CMP 132,13.1,,3.31,,1.99,1.99,0.06,,0.940,,0.449,
,,,CMP 133,13.4,,3.14,,2.00,,0.03,,1.103,,0.452,
,,,CMP 134,13.9,,3.31,3.23,2.24,,0.06,,1.027,1.027,0.458,
,,,CMP 135,14.4,,3.52,,2.31,,0.05,,0.592,,0.432,
,,,CMP 136,13.3,,3.55,,2.17,,0.06,,0.824,,0.392,
,,,CMP 137,12.7,,3.16,,2.10,,0.07,0.07,0.708,,0.367,
,,,CMP 138,12.2,,3.27,,1.99,,0.06,,0.747,,0.341,0.344
,,,CMP 139,12.3,,2.09,,1.22,,0.02,,0.465,,0.157,
,,,CMP 140,12.4,,2.41,,1.34,,0.03,,0.543,,0.181,
,,,CMP 141,11.5,,2.36,,1.46,1.45,0.04,,0.611,,0.199,
,,,CMP 142,12.3,,2.61,2.86,1.57,,0.02,,0.708,,0.218,
,,,CMP 143,12.5,,2.89,,1.57,,0.04,,0.824,0.824,0.225,
,,,CMP 144,13.2,,2.76,,1.52,,0.05,,0.786,,0.213,
,,,CMP 145,13.3,,2.89,2.90,1.48,,0.04,,0.795,,0.179,
,,,CMP 146,13.5,,2.80,,1.51,,0.06,0.05,0.699,,0.196,
,,,CMP 147,12.4,,3.09,,1.90,,0.06,,0.805,,0.302,0.300
,,,CMP 148,11.4,,3.15,,1.71,,0.06,,0.750,0.732,0.257,
,,,CMP 149,11.3,,3.11,,1.34,,0.04,,1.084,,0.179,
,,,CMP 150,10.6,,2.13,,1.15,1.17,0.07,,0.504,,0.145,
,,,CMP 151,9.7,,2.18,,1.11,,0.02,,0.485,,0.134,
,,,CMP 152,10.0,,2.06,2.05,1.11,,0.03,,0.494,0.485,0.147,
,,,CMP 153,10.5,,2.17,,1.24,,0.07,,0.475,,0.168,
,,,CMP 154,11.0,,2.53,,1.42,,0.06,,0.563,,0.199,
,,,CMP 155,11.1,,2.19,2.18,1.54,,0.04,0.02,0.718,,0.218,
,,,CMP 156,11.6,,2.66,,1.59,,0.07,,1.218,,0.228,0.225
,,,CMP 157,11.5,,2.74,,1.62,,0.05,,0.640,,0.230,
,,,CMP 158,12.0,,2.71,,1.62,,0.08,,0.621,,0.303,
,,,CMP 159,11.4,,2.78,,1.65,1.64,0.04,,0.592,,0.248,
,,,CMP 160,9.3,9.3,2.39,,1.41,,0.05,,0.563,,0.222,
,,,CMP 161,9.6,,2.29,2.29,1.16,,0.07,,0.533,0.543,0.150,
,,,CMP 162,9.6,,2.27,,1.10,,0.07,,0.563,,0.137,
,,,CMP 163,12.5,,3.33,,2.02,,0.01,,0.776,,0.306,
,,,CMP 164,13.1,,3.67,,2.20,,0.02,0.01,1.323,,0.376,
,,,CMP 165,13.2,,3.67,,2.25,,0.00,,1.247,,0.383,
,,,CMP 166,13.3,13.7,3.41,,1.99,,0.01,,1.917,,0.385,0.392
,,,CMP 167,13.0,,3.08,,1.72,,0.00,,1.409,,0.385,
,,,CMP 168,13.6,,3.12,,1.36,,0.02,,2.765,,0.379,
,,,CMP 169,13.1,,2.80,,1.36,,0.02,,1.352,,0.385,
,,,CMP 170,13.0,12.6,3.54,3.60,1.55,,0.02,,0.853,,0.450,
,,,CMP 171,12.3,,3.94,,2.29,,0.03,,0.892,,0.421,
,,,CMP 172,12.2,,3.25,,2.33,,0.03,,0.737,,0.365,
,,,CMP 173,11.8,,2.98,,2.17,,0.06,0.07,1.113,,0.339,
,,,CMP 174,12.3,,2.85,,2.00,,0.05,,0.950,,0.311,0.318
,,,CMP 175,11.5,,2.96,2.85,1.93,1.91,0.06,,0.892,,0.315,
,,,CMP 176,11.9,,2.94,,2.05,,0.07,,0.902,,0.344,
,,,CMP 177,12.4,,2.71,,2.19,2.19,0.03,,0.911,,0.385,
,,,CMP 178,12.3,,3.15,,2.36,,0.02,,1.456,,0.434,
,,,CMP 179,12.5,,3.03,,2.06,,0.04,,1.256,,0.466,
,,,CMP 180,12.6,12.5,2.62,,1.82,,0.01,,1.739,,0.401,
,,,CMP 181,12.3,,2.92,,1.98,,0.04,,1.247,,0.395,
,,,CMP 182,11.6,,3.15,,2.26,,0.03,0.01,0.998,,0.418,
,,,CMP 183,12.3,,2.81,,2.22,,0.04,,1.256,1.228,0.389,0.391
,,,CMP 184,11.9,,3.11,3.17,2.01,,0.07,,1.945,,0.350,
,,,CMP 185,11.2,,2.30,,1.92,,0.06,,1.046,,0.320,
,,,CMP 186,13.2,,1.89,,1.11,1.10,0.01,,1.103,,0.163,
,,,CMP 187,11.8,,1.83,,1.13,,0.07,,0.621,,0.212,
,,,CMP 188,10.7,,1.83,,0.98,,0.05,,0.524,,0.182,
,,,CMP 189,11.8,,1.91,,1.39,,0.06,,0.485,,0.275,
,,,CMP 190,12.6,12.6,2.23,,1.48,,0.06,,0.728,,0.291,
,,,CMP 191,12.0,,2.08,,1.36,,0.06,0.05,0.776,,0.281,
,,,CMP 192,12.5,,2.17,,1.31,,0.06,,1.170,,0.278,0.278
,,,CMP 193,15.9,,1.93,2.08,1.19,,0.06,,1.055,,0.273,
,,,CMP 194,13.6,,2.10,,1.21,,0.05,,0.940,,0.236,
,,,CMP 195,13.1,,2.41,,1.70,1.71,0.07,,0.892,,0.339,
,,,CMP 196,12.7,,2.23,,1.50,,0.06,,0.795,,0.288,
,,,CMP 197,14.2,,2.22,,1.59,,0.06,,0.766,,0.309,
,,,CMP 198,12.4,,2.10,,1.44,,0.05,,0.786,0.795,0.288,
,,,CMP 199,11.7,,2.10,,1.30,,0.07,,0.699,,0.258,
,,,CMP 200,11.6,11.6,1.75,1.73,1.28,,0.08,0.07,0.592,,0.251,
,,,CMP 201,14.0,,2.35,,1.36,,0.07,,0.660,,0.270,0.270
,,,CMP 202,12.9,,1.97,1.99,1.44,,0.05,,0.679,,0.354,
,,,CMP 203,13.7,,2.05,,1.59,,0.07,,0.689,,0.299,
,,,CMP 204,10.8,,1.91,,1.57,1.56,0.10,,0.679,,0.302,
,,,CMP 205,15.3,,2.05,,1.54,,0.09,,0.689,,0.300,
,,,CMP 206,14.4,,1.98,,1.55,,0.06,,0.689,0.689,0.305,
,,,CMP 207,14.8,,2.19,,1.54,,0.07,,0.747,,0.303,
,,,CMP 208,14.5,,1.98,,1.48,,0.07,,0.679,,0.288,
,,,CMP 209,13.9,,1.98,,1.36,,0.08,0.06,0.640,,0.248,
,,,CMP 210,14.0,14.1,2.67,,2.17,,0.02,,0.998,,0.490,0.501
,,,CMP 211,14.9,,4.50,4.35,2.00,,0.03,,4.747,4.706,0.509,
,,,CMP 212,14.7,,4.04,,2.01,,0.04,,5.677,5.710,0.537,
,,,CMP 213,10.7,,4.27,,2.11,2.18,0.04,,6.591,6.591,0.614,
,,,CMP 214,13.8,,4.77,,2.48,,0.05,,6.341,6.502,0.729,
,,,CMP 215,16.3,,4.89,,2.77,,0.07,,6.090,6.287,0.798,
,,,CMP 216,12.3,,4.45,,2.69,,0.04,,5.183,5.311,0.798,
,,,CMP 217,12.2,,3.84,,2.22,,0.06,,5.055,4.981,0.611,
,,,CMP 218,11.8,,3.47,,2.07,,0.04,0.05,3.572,3.591,0.501,
,,,CMP 219,11.9,,3.54,,2.54,,0.06,,3.082,3.007,0.546,0.547
,,,CMP 220,11.3,,2.97,2.84,2.35,,0.05,,1.465,,0.512,
,,,CMP 221,11.1,,2.93,,2.15,,0.05,,1.103,,0.476,
,,,CMP 222,11.0,,2.83,,2.13,2.18,0.09,,1.151,,0.458,
,,,CMP 223,11.2,,2.85,,2.14,,0.08,,1.579,,0.460,
,,,CMP 224,11.5,,3.15,,2.36,,0.07,,3.411,,0.496,
,,,CMP 225,11.3,,3.05,,2.45,,0.07,,2.279,,0.537,
,,,CMP 226,13.8,,2.74,,2.17,,0.07,,1.964,,0.515,
,,,CMP 227,13.6,,3.01,,2.05,,0.06,0.07,2.187,,0.501,
,,,CMP 228,13.4,,2.76,,2.07,,0.07,,3.090,3.072,0.512,0.509
,,,CMP 229,13.0,,3.20,3.17,2.10,,0.07,,2.399,,0.504,
,,,CMP 230,14.1,14.1,2.87,,2.27,,0.07,,2.765,,0.512,
,,,CMP 231,13.8,,2.91,,2.25,2.27,0.07,,2.399,,0.503,
,,,CMP 232,13.6,,2.96,,2.21,,0.09,,1.437,,0.486,
,,,CMP 233,13.2,,2.79,,2.22,,0.06,,1.664,,0.481,
,,,CMP 234,13.8,,1.98,,1.39,,0.00,,0.592,,0.227,
,,,CMP 235,13.6,,2.18,,1.56,,0.06,,0.660,,0.273,
,,,CMP 236,13.6,,2.30,,1.45,,0.07,0.07,0.844,,0.315,
,,,CMP 237,13.7,,2.29,,1.70,,0.08,,0.873,0.911,0.315,0.323
,,,CMP 238,14.8,,2.42,2.42,1.49,,0.08,,0.969,,0.305,
,,,CMP 239,16.3,,1.96,,1.41,,0.07,,0.940,,0.269,
,,,CMP 240,16.9,16.9,2.01,,1.33,1.37,0.10,,1.017,,0.249,
,,,CMP 241,18.2,,1.94,,1.29,,0.08,,0.882,,0.252,
,,,CMP 242,14.7,,2.75,,2.03,,0.07,,0.844,,0.398,
,,,CMP 243,13.5,,2.72,,1.96,,0.07,,0.882,,0.373,
,,,CMP 244,12.9,,2.46,,1.72,,0.09,,0.786,,0.317,
,,,CMP 245,12.5,,2.38,,1.41,,0.08,0.08,0.708,,0.252,
,,,CMP 246,12.4,,1.91,,1.28,,0.07,,0.631,0.640,0.216,
,,,CMP 247,12.3,,1.86,1.84,1.26,,0.08,,0.611,,0.215,
,,,CMP 248,12.0,,1.98,,1.29,,0.08,,0.621,,0.213,
,,,CMP 249,12.7,,1.93,,1.39,1.39,0.08,,0.670,,0.248,0.242
,,,CMP 250,12.7,12.8,2.26,,1.59,,0.10,,0.728,,0.284,
,,,CMP 251,13.3,,2.20,,1.68,,0.08,,0.699,,0.312,
,,,CMP 252,13.6,,2.38,,1.78,,0.07,,0.786,,0.338,
,,,CMP 253,13.5,,2.39,,1.76,,0.07,,0.892,,0.326,
,,,CMP 254,13.3,,2.45,,1.69,,0.07,0.08,0.776,,0.315,
,,,CMP 255,13.0,,2.50,,1.70,,0.08,,0.882,,0.303,
,,,CMP 256,12.7,,2.43,2.44,1.52,,0.10,,0.611,,0.266,
,,,CMP 257,12.0,,1.89,,1.35,,0.09,,0.795,,0.234,
,,,CMP 258,15.6,,2.46,,1.90,1.94,0.02,,0.844,0.815,0.403,0.405
,,,CMP 259,14.3,,2.69,,2.10,,0.07,,0.824,,0.461,
,,,CMP 260,14.3,14.3,2.81,,2.23,,0.07,,0.834,,0.503,
,,,CMP 261,14.8,,2.73,,2.15,,0.06,,0.795,,0.513,
,,,CMP 262,14.8,,2.32,,1.73,,0.05,,0.853,,0.466,
,,,CMP 263,15.8,,2.10,,1.44,,0.05,0.05,0.815,,0.440,
,,,CMP 264,15.4,,2.13,,1.24,,0.05,,0.757,,0.432,
,,,CMP 265,14.6,,2.03,2.16,1.27,,0.04,,0.931,,0.427,
,,,CMP 266,14.0,,2.28,,1.57,1.56,0.05,,1.046,,0.447,
,,,CMP 267,13.8,,3.00,,2.32,,0.05,,0.969,0.950,0.544,0.537
,,,CMP 268,13.4,,2.91,,2.26,,0.07,,0.834,,0.509,
,,,CMP 269,13.3,,2.84,2.90,2.12,,0.09,,0.747,,0.446,
,,,CMP 270,12.9,12.9,2.88,,1.96,,0.08,,0.747,,0.427,
,,,CMP 271,12.5,,2.69,,1.95,,0.08,,0.834,,0.412,
,,,CMP 272,12.5,,3.07,,1.95,,0.08,0.08,0.737,,0.415,
,,,CMP 273,12.7,,3.11,,2.04,,0.08,,0.824,,0.453,
,,,CMP 274,13.2,,2.88,2.84,2.24,,0.08,,0.921,,0.506,
,,,CMP 275,13.4,,3.18,,2.27,2.26,0.08,,0.815,,0.526,
,,,CMP 276,13.5,,2.62,,2.00,,0.06,,0.931,,0.492,0.496
,,,CMP 277,13.5,,3.02,,2.06,,0.07,,0.950,0.959,0.509,
,,,CMP 278,13.4,,3.07,,2.23,,0.06,,0.950,,0.512,
,,,CMP 279,13.2,,3.11,,2.17,,0.08,,0.892,,0.498,
,,,CMP 280,13.7,13.5,3.25,,2.13,,0.09,,0.853,,0.475,
,,,CMP 281,12.6,,3.00,,2.09,2.06,0.10,0.10,0.795,,0.463,0.466
,,,CMP 282,13.7,,2.98,,2.08,2.07,0.05,,0.853,,0.412,
,,,CMP 283,12.6,,2.95,2.95,2.07,,0.08,0.08,0.940,,0.403,
,,,CMP 284,12.4,,2.87,,2.12,,0.08,,0.776,,0.421,
,,,CMP 285,13.0,,3.11,,2.28,,0.07,,0.988,,0.473,
,,,CMP 286,13.4,,2.96,,1.96,,0.07,,0.988,0.998,0.503,
,,,CMP 287,13.8,,2.82,,2.01,,0.06,,0.911,,0.492,
,,,CMP 288,14.2,,2.62,,1.91,,0.06,,0.853,,0.507,
,,,CMP 289,13.6,,2.89,,2.09,,0.06,,0.911,,0.490,
,,,CMP 290,13.2,13.2,2.98,,2.24,,0.06,,0.853,,0.478,0.472
,,,CMP 291,12.9,,3.05,,2.14,2.18,0.07,0.07,0.969,,0.450,
,,,CMP 292,12.4,,2.70,2.71,2.02,,0.06,,0.950,,0.398,
,,,CMP 293,12.1,,2.74,,1.85,,0.08,0.08,0.931,,0.350,
,,,CMP 294,12.0,,2.48,,1.85,,0.08,,0.786,,0.353,
,,,CMP 295,11.6,,2.36,,1.70,,0.07,,0.911,0.931,0.317,
,,,CMP 296,11.8,,3.82,,1.80,,0.07,,0.708,,0.351,
,,,CMP 297,12.6,,2.94,,2.00,,0.05,,0.988,,0.414,
,,,CMP 298,14.1,,2.94,,2.09,,0.06,,1.247,,0.460,
,,,CMP 299,13.9,,2.95,,2.03,,0.06,,1.123,,0.498,0.504
,,,CMP 300,14.6,14.6,2.99,,1.91,1.94,0.05,,0.998,,0.518,
,,,CMP 301,15.1,,2.89,2.93,1.91,,0.05,,1.055,,0.549,
,,,CMP 302,15.1,,2.86,,1.87,,0.05,0.05,1.027,,0.554,
,,,CMP 303,14.9,,2.81,,1.83,,0.06,,1.017,1.046,0.557,
,,,CMP 304,14.4,,2.53,,1.80,,0.06,,1.123,,0.467,
,,,CMP 305,13.8,,3.11,,2.18,,0.06,,1.113,,0.492,0.493
,,,CMP 306,13.6,,2.01,,1.45,,0.01,,0.815,,0.236,
,,,CMP 307,12.4,,2.03,,1.37,,0.02,,0.708,,0.221,
,,,CMP 308,11.3,,1.94,,1.31,,0.03,,0.679,,0.203,
,,,CMP 309,11.8,,2.14,,1.44,1.43,0.04,,0.679,,0.246,
,,,CMP 310,12.3,12.2,2.31,2.34,1.51,,0.04,,0.795,,0.257,
,,,CMP 311,12.6,,2.34,,1.67,,0.05,,0.757,,0.296,
,,,CMP 312,12.5,,2.24,,1.73,,0.05,,0.815,0.834,0.312,
,,,CMP 313,13.3,,2.31,,1.67,,0.08,,0.959,,0.314,
,,,CMP 314,12.4,,2.88,,1.77,,0.05,,1.132,,0.321,0.326
,,,CMP 315,11.9,,2.09,,1.55,,0.05,,0.815,,0.275,
,,,CMP 316,11.3,,1.93,,1.37,,0.04,,0.815,,0.234,
,,,CMP 317,10.2,,1.83,,1.13,,0.05,,0.670,,0.182,
,,,CMP 318,11.9,,1.62,,0.90,0.92,0.04,,0.679,,0.160,
,,,CMP 319,9.0,,1.70,1.70,0.85,,0.04,,0.621,,0.129,
,,,CMP 320,9.8,9.7,2.01,,1.06,,0.04,,0.689,,0.168,
,,,CMP 321,10.8,,1.88,,1.22,,0.06,0.06,0.660,0.650,0.199,
,,,CMP 322,11.6,,1.90,,1.41,,0.06,,0.689,,0.243,
,,,CMP 323,12.3,,2.09,,1.50,,0.06,,0.728,,0.261,0.263
,,,CMP 324,12.7,,2.31,,1.55,,0.08,,0.940,,0.263,
,,,CMP 325,13.5,,2.26,,1.51,,0.10,,0.959,,0.261,
,,,CMP 326,14.4,,2.48,,1.34,,0.09,,0.921,,0.240,
,,,CMP 327,19.2,,2.04,,1.22,1.24,0.11,0.12,0.969,,0.231,
,,,CMP 328,17.7,,2.55,2.46,1.26,,0.10,,0.979,,0.234,
,,,CMP 329,14.8,,2.50,,1.78,,0.04,,1.007,,0.351,
,,,CMP 330,19.1,18.9,2.89,,1.91,,0.01,,0.911,0.892,0.362,
,,,CMP 331,14.6,,2.75,,1.86,,0.02,,0.853,,0.356,
,,,CMP 332,14.6,,2.67,,1.94,,0.04,,0.737,,0.386,0.386
,,,CMP 333,14.6,,2.93,,2.08,,0.03,,0.959,,0.420,
,,,CMP 334,15.5,,3.50,,2.24,,0.03,,0.931,,0.476,
,,,CMP 335,15.5,,2.65,,1.98,,0.03,,0.921,,0.469,
,,,CMP 336,15.7,,2.95,,1.82,1.81,0.02,,0.882,,0.460,
,,,CMP 337,15.6,,2.84,2.82,2.07,,0.04,,1.007,,0.472,
,,,CMP 338,14.6,,3.32,,2.13,,0.05,,0.988,,0.449,
,,,CMP 339,14.3,,2.81,,1.95,,0.06,,0.931,0.998,0.405,
,,,CMP 340,13.9,14.0,2.63,,1.83,,0.05,,1.199,,0.360,
,,,CMP 341,13.9,,2.60,,1.60,,0.05,0.05,0.921,,0.293,0.299
,,,CMP 342,14.3,,2.33,,1.51,,0.06,,0.708,,0.272,
,,,CMP 343,14.3,,2.28,,1.47,,0.06,,0.699,,0.273,
,,,CMP 344,13.1,,2.52,2.45,1.67,,0.06,,0.844,,0.323,
,,,CMP 345,13.8,,2.82,,1.84,1.86,0.05,,1.036,,0.383,
,,,CMP 346,14.4,,2.93,2.95,1.98,,0.03,,1.123,,0.430,
,,,CMP 347,15.4,,2.69,,1.75,,0.03,,0.979,,0.461,
,,,CMP 348,16.3,,2.51,,1.57,,0.03,,0.911,0.894,0.434,
,,,CMP 349,17.1,,2.33,,1.36,,0.03,,0.795,,0.418,
,,,CMP 350,8.0,7.9,2.09,,0.72,,0.02,,1.027,,0.128,0.128
,,,CMP 351,10.3,,1.76,,0.57,,0.01,0.01,1.266,,0.088,
,,,CMP 352,10.1,,1.94,1.91,0.63,,0.04,,1.055,,0.107,
,,,CMP 353,9.9,,1.77,,0.52,,0.03,,0.631,,0.091,
,,,CMP 354,11.4,,1.88,,0.55,0.55,0.02,,0.572,,0.097,
,,,CMP 355,13.0,,2.05,1.98,0.95,,0.02,,0.640,,0.196,
,,,CMP 356,13.3,,2.43,,1.38,,0.03,,0.699,,0.293,
,,,CMP 357,13.0,,2.43,,1.56,,0.05,,0.882,0.882,0.336,
,,,CMP 358,13.2,,2.01,,1.26,,0.04,,0.766,,0.267,
,,,CMP 359,12.7,,2.23,,1.36,,0.05,0.05,0.747,,0.267,0.266
,,,CMP 360,7.2,7.1,2.01,,1.03,,0.04,,0.563,,0.200,
,,,CMP 361,11.1,,1.67,,0.64,,0.03,,0.592,,0.119,
,,,CMP 362,11.0,,1.93,,0.85,,0.01,,0.834,,0.160,
,,,CMP 363,12.9,,2.19,,1.07,1.06,0.03,,0.873,,0.237,
,,,CMP 364,14.1,,2.01,2.03,1.09,,0.02,,0.776,,0.267,
,,,CMP 365,16.1,,2.22,,0.97,,0.02,,0.863,,0.276,
,,,CMP 366,17.0,,1.51,,0.82,,0.02,,1.027,0.953,0.273,
,,,CMP 367,17.4,,1.51,,0.65,,0.02,,0.950,,0.254,
,,,CMP 368,13.5,,2.15,,1.56,1.58,0.05,0.05,0.950,,0.335,0.336
1,5/29/2018,FM,CMP 369,14.3,,2.34,,1.77,,0.00,,0.873,,0.405,
2,5/29/2018,FM,CMP 370,12.9,13.0,2.20,,1.70,,0.03,,0.902,,0.405,
3,5/29/2018,FM,CMP 371,14.9,,2.32,,1.64,,0.00,,0.863,,0.395,
4,5/29/2018,FM,CMP 372,14.7,,2.39,,1.74,,0.05,,0.805,,0.427,
5,5/29/2018,FM,CMP 373,15.1,,2.52,2.45,1.86,,0.03,,0.795,,0.461,
6,5/29/2018,FM,CMP 374,15.0,,2.70,,2.02,1.96,0.06,,0.892,,0.512,
7,5/29/2018,FM,CMP 375,15.8,,2.74,,2.11,,0.06,,0.950,1.007,0.547,
8,5/29/2018,FM,CMP 376,14.9,,2.59,,1.97,,0.07,,0.853,,0.546,
9,5/29/2018,FM,CMP 377,14.1,,2.80,,1.95,,0.07,0.07,0.892,,0.504,0.501
10,5/29/2018,FM,CMP 378,16.1,,2.59,,1.89,,0.06,,0.921,,0.484,
11,5/29/2018,FM,CMP 379,14.8,,2.45,,1.70,,0.08,,0.805,,0.426,
12,5/29/2018,FM,CMP 380,12.1,12.2,2.11,,1.56,,0.07,,0.737,,0.394,
13,5/29/2018,FM,CMP 381,13.1,,2.01,,1.46,,0.06,,0.747,,0.333,
14,5/29/2018,FM,CMP 382,12.7,,1.93,1.93,1.31,,0.00,,0.699,,0.299,
15,5/29/2018,FM,CMP 383,12.7,,1.84,,1.34,1.40,0.09,,0.824,,0.320,
16,5/29/2018,FM,CMP 384,13.0,,2.48,,1.49,,0.00,,0.776,0.834,0.321,
17,5/29/2018,FM,CMP 385,13.8,,2.27,,1.63,,0.00,,0.950,,0.408,
18,5/29/2018,FM,CMP 386,14.5,,2.35,,1.77,,0.04,0.04,1.094,,0.473,0.469
19,5/29/2018,FM,CMP 387,13.4,,2.27,,1.73,,0.00,,1.055,,0.489,
20,5/29/2018,FM,CMP 388,15.5,,2.18,,1.53,,0.04,,1.007,,0.506,
21,5/29/2018,FM,CMP 389,16.3,,2.10,,1.43,,0.02,,0.931,,0.489,
22,5/29/2018,FM,CMP 390,16.1,16.0,2.19,,1.42,,0.00,,0.940,,0.510,
23,5/29/2018,FM,CMP 391,16.3,,2.29,2.27,1.45,,0.00,,0.940,,0.492,
24,5/29/2018,FM,CMP 392,15.5,,2.44,,1.81,1.86,0.00,,1.209,,0.512,
1,5/29/2018,HL,CMP 393,19.4,,1.50,,0.56,,0.00,,0.721,0.776,0.080,
2,5/29/2018,HL,CMP 394,10.7,,0.95,,0.44,,0.00,,0.757,,0.078,
3,5/29/2018,HL,CMP 395,10.1,,0.98,,0.43,,0.00,0.00,0.533,,0.080,0.078
4,5/29/2018,HL,CMP 396,10.7,,1.10,,0.52,,0.00,,0.387,,0.097,
5,5/29/2018,HL,CMP 397,12.6,,1.58,,0.91,,0.00,,0.533,,0.199,
6,5/29/2018,HL,CMP 398,13.2,,1.89,,1.29,,0.01,,0.611,,0.297,
7,5/29/2018,HL,CMP 399,14.3,,2.14,,1.40,,0.00,,0.679,,0.329,
8,5/29/2018,HL,CMP 400,13.9,14.0,1.97,1.97,1.31,,0.03,,0.776,,0.348,
9,5/29/2018,HL,CMP 401,12.5,,2.79,,2.13,2.12,0.00,,0.737,,0.216,
10,5/29/2018,HL,CMP 402,12.0,,3.69,,2.76,,0.07,,0.950,0.950,0.272,
11,5/29/2018,HL,CMP 403,11.4,,3.54,,2.56,,0.05,,0.660,,0.248,
12,5/29/2018,HL,CMP 404,10.8,,3.53,,2.14,,0.07,0.06,1.237,,0.227,0.228
13,5/29/2018,HL,CMP 405,8.8,,3.06,,1.57,,0.01,,0.708,,0.134,
14,5/29/2018,HL,CMP 406,8.2,,3.01,,1.35,,0.00,,0.718,,0.104,
15,5/29/2018,HL,CMP 407,7.8,,4.00,,3.01,,0.00,,0.795,,0.104,
16,5/29/2018,HL,CMP 408,9.3,,3.22,,1.71,,0.01,,0.795,,0.148,
17,5/29/2018,HL,CMP 409,11.7,,3.69,3.69,2.28,,0.00,,0.572,,0.224,
18,5/29/2018,HL,CMP 410,13.0,13.0,3.61,,2.46,2.43,0.00,,0.650,,0.257,
19,5/29/2018,HL,CMP 411,13.5,,3.76,,2.38,,0.00,,0.795,0.795,0.272,
20,5/29/2018,HL,CMP 412,14.7,,3.73,,2.29,,0.02,,0.766,,0.294,
21,5/29/2018,HL,CMP 413,15.7,,3.53,,2.12,,0.01,0.01,0.621,,0.291,0.291
22,5/29/2018,HL,CMP 414,16.7,,3.81,,2.06,,0.02,,0.988,,0.315,
23,5/29/2018,HL,CMP 415,15.5,,3.88,,2.25,,0.02,,0.921,,0.293,
24,5/29/2018,HL,CMP 416,14.2,,3.63,3.55,2.74,,0.02,,1.701,,0.309,
,,,CMP 417,10.0,,1.80,,0.44,,0.02,,0.989,,0.090,
,,,CMP 418,10.7,,2.32,,0.51,,0.00,,0.990,,0.101,
,,,CMP 419,11.4,,2.75,,0.73,,0.01,,0.650,,0.171,
,,,CMP 420,14.0,14.0,3.22,,1.26,1.25,0.01,,1.663,,0.272,
,,,CMP 421,12.9,,3.34,,1.40,,0.02,,1.182,,0.370,
,,,CMP 422,18.8,,3.52,,1.45,,0.02,0.02,1.118,,0.382,0.383
,,,CMP 423,11.9,,3.04,,1.02,,0.00,,1.427,1.436,0.251,
,,,CMP 424,11.8,,3.16,,1.42,,0.07,,1.209,,0.357,
,,,CMP 425,11.1,,2.88,2.84,0.99,,0.02,,0.724,,0.236,
,,,CMP 426,9.6,,2.19,,0.55,,0.02,,0.926,,0.115,
,,,CMP 427,9.5,,2.64,,0.74,,0.08,,0.972,,0.163,
,,,CMP 428,10.5,,1.91,,0.55,,0.06,,0.935,,0.122,
,,,CMP 429,5.7,,1.60,,0.51,0.51,0.05,,0.856,,0.116,
,,,CMP 430,6.5,6.5,2.15,,0.56,,0.06,,0.917,,0.129,
,,,CMP 431,10.2,,2.93,,0.81,,0.04,0.04,1.056,1.056,0.208,0.208
,,,CMP 432,12.5,,2.69,,0.98,,0.04,,1.127,,0.273,
,,,CMP 433,15.3,,2.87,,1.03,,0.03,,0.880,,0.332,
,,,CMP 434,16.7,,3.27,3.27,1.01,,0.02,,0.825,,0.365,
,,,CMP 435,17.7,,3.45,,0.99,,0.01,,0.825,,0.365,
,,,CMP 436,18.8,,3.02,,0.87,,0.00,,1.136,,0.362,
,,,CMP 437,19.2,,2.64,,0.86,,0.01,,0.788,,0.373,
,,,CMP 438,13.8,,3.55,,1.69,1.74,0.09,,1.100,,0.470,
,,,CMP 439,14.9,,3.78,,1.52,,0.07,,0.999,,0.434,
,,,CMP 440,13.2,13.2,2.68,,0.67,,0.02,0.02,1.291,1.273,0.206,0.206
,,,CMP 441,10.4,,2.43,,1.11,,0.08,,0.456,,0.276,
,,,CMP 442,11.4,,2.49,,1.15,,0.06,,0.613,,0.288,
,,,CMP 443,12.3,,3.07,3.06,1.33,,0.08,,0.595,,0.345,
,,,CMP 444,14.1,,3.42,,1.50,,0.07,,0.641,,0.395,
,,,CMP 445,16.3,,3.40,,1.53,,0.05,,0.678,,0.400,
,,,CMP 446,13.1,,3.43,,1.49,,0.05,,0.715,,0.408,
,,,CMP 447,13.3,,3.09,,1.58,1.54,0.06,,0.705,,0.424,
,,,CMP 448,12.1,,3.21,,1.36,,0.07,,0.641,,0.348,0.348
,,,CMP 449,10.7,,2.71,,1.12,,0.07,0.07,0.705,0.724,0.293,
,,,CMP 450,9.4,9.4,2.25,,0.91,,0.06,,0.715,,0.227,
,,,CMP 451,8.4,,1.94,,0.79,,0.08,,0.540,,0.196,
,,,CMP 452,7.8,,1.78,1.81,0.68,,0.07,,0.373,,0.168,
,,,CMP 453,8.6,,1.81,,0.69,,0.06,,0.317,,0.162,
,,,CMP 454,12.4,,2.45,,1.02,,0.05,,0.493,,0.324,
,,,CMP 455,11.4,,2.33,,1.26,,0.09,,0.521,,0.321,
,,,CMP 456,13.1,,2.62,,1.38,1.40,0.06,,0.641,,0.386,
,,,CMP 457,14.7,,2.84,,1.40,,0.06,,0.724,,0.376,0.376
,,,CMP 458,15.5,,2.68,,1.31,,0.07,0.06,0.733,,0.348,
,,,CMP 459,16.8,,2.72,,1.18,,0.06,,0.807,,0.330,0.336
,,,CMP 460,17.0,16.9,2.42,,1.01,,0.06,,0.834,,0.308,
,,,CMP 461,17.5,,2.81,2.80,1.05,,0.05,0.05,0.871,,0.306,0.305
,,,CMP 462,14.0,,3.16,,1.60,,0.05,,0.880,0.880,0.400,
,,,CMP 463,12.5,,2.84,,1.47,,0.07,,0.669,,0.423,0.421
,,,CMP 464,11.4,,2.69,,1.24,,0.06,,0.953,,0.389,0.397
,,,CMP 465,18.6,,4.09,,1.90,1.90,0.15,,0.807,,0.312,0.320
,,,CMP 466,15.4,,3.96,,1.90,,0.02,0.03,0.779,,0.476,0.481
,,,CMP 467,14.8,,3.81,,1.93,,0.06,,0.751,,0.496,
,,,CMP 468,14.5,,3.42,,2.04,,0.05,,0.751,,0.506,
,,,CMP 469,14.1,,4.74,,2.27,,0.02,,0.862,,0.583,0.589
,,,CMP 470,15.5,15.6,4.91,4.63,3.05,3.05,0.03,,0.953,,0.691,0.691
,,,CMP 471,15.2,,5.04,,2.32,,0.03,,1.008,1.008,0.679,0.677
,,,CMP 472,17.6,,4.18,,2.24,,0.03,,0.926,,0.661,0.657
,,,CMP 473,15.0,,5.15,,2.47,,0.02,,0.926,,0.644,
,,,CMP 474,14.3,,4.41,,2.22,2.24,0.06,,0.862,,0.596,
,,,CMP 475,13.8,,3.61,,1.92,,0.06,0.06,0.696,,0.501,
,,,CMP 476,13.0,,3.46,,1.66,,0.06,,0.715,,0.418,
,,,CMP 477,12.1,,3.24,,1.40,,0.07,,0.604,,0.350,
,,,CMP 478,11.6,,3.00,,1.25,,0.09,,0.447,,0.344,
,,,CMP 479,11.0,,3.10,3.15,1.23,,0.06,,0.456,,0.309,
,,,CMP 480,11.4,11.5,3.27,,1.35,,0.07,,0.521,,0.350,
,,,CMP 481,14.3,,3.88,,1.73,,0.06,,0.953,,0.456,
,,,CMP 482,13.8,,3.36,3.36,1.98,,0.05,,0.969,,0.555,
,,,CMP 483,15.5,,4.11,,2.06,2.05,0.04,,0.908,0.913,0.628,
,,,CMP 484,15.8,,4.53,,1.90,,0.03,0.03,1.036,,0.625,
,,,CMP 485,16.4,,3.76,,1.68,,0.02,,0.944,,0.613,0.614
,,,CMP 486,17.6,,3.25,,1.53,,0.04,,0.862,,0.603,0.613
,,,CMP 487,16.4,,3.95,,1.67,,0.03,,0.926,,0.611,0.608
,,,CMP 488,16.4,,6.34,6.48,3.28,,0.04,,1.237,,0.764,
,,,CMP 489,15.1,,4.82,,2.93,2.93,0.04,,1.309,,0.611,
,,,CMP 490,14.1,14.2,4.47,,2.29,,0.07,,1.063,,0.599,0.597
,,,CMP 491,13.8,,4.10,,2.09,,0.07,,0.999,,0.558,0.555
,,,CMP 492,14.8,,4.24,,2.44,2.32,0.06,,0.770,,0.627,0.683
,,,CMP 493,14.3,,4.83,,2.98,3.02,0.06,0.07,1.027,,0.676,0.701
,,,CMP 494,14.3,,4.39,,2.81,2.87,0.08,,1.054,,0.699,0.718
,,,CMP 495,15.3,,4.49,,2.18,,0.08,,1.008,,0.744,
,,,CMP 496,15.4,,4.04,,2.05,,0.09,,1.164,1.164,0.793,
,,,CMP 497,14.7,,4.88,4.80,2.27,,0.07,,1.072,,0.709,
,,,CMP 498,13.8,,4.97,,2.71,2.72,0.06,,1.045,,0.657,
,,,CMP 499,13.2,,3.82,,2.22,,0.06,,1.145,,0.574,
,,,CMP 500,12.4,12.5,4.05,,1.88,,0.08,,1.008,,0.493,0.476
,,,CMP 501,11.5,,3.51,,1.54,1.59,0.08,,0.953,,0.415,0.414
,,,CMP 502,10.9,,3.28,,1.40,,0.07,0.07,0.641,,0.370,0.371
,,,CMP 503,10.8,,3.04,,1.39,,0.10,,0.540,,0.370,0.377
,,,CMP 504,11.3,,3.78,,1.46,,0.05,,0.797,,0.389,0.392
,,,CMP 505,12.6,,3.87,,1.77,,0.08,,1.436,1.427,0.498,0.498
,,,CMP 506,14.3,,4.88,4.99,2.07,,0.07,,1.273,,0.650,0.647
,,,CMP 507,17.1,,4.53,,2.25,,0.10,,1.164,,0.758,0.758
,,,CMP 508,16.1,,4.38,,2.21,,0.07,,1.291,,0.844,0.844
,,,CMP 509,17.1,,4.25,,2.19,,0.11,,1.346,,0.928,0.949
,,,CMP 510,17.8,18.2,4.35,,2.13,2.25,0.17,,1.436,,0.956,0.965
,,,CMP 511,18.5,,4.50,,2.27,,0.13,0.13,1.527,,0.788,0.757
,,,CMP 512,15.5,,3.84,3.92,1.96,1.97,0.07,,1.173,1.182,0.718,0.721
,,,CMP 513,15.1,,2.13,,1.39,,0.04,,1.080,,0.297,
,,,CMP 514,12.1,,2.25,,1.36,,0.05,,1.075,,0.288,
,,,CMP 515,12.5,,1.94,1.92,1.29,,0.06,,1.428,,0.267,0.270
,,,CMP 516,13.2,,2.30,,1.39,,0.07,,1.428,,0.315,
,,,CMP 517,14.4,,2.10,,1.30,,0.07,,1.084,,0.294,
,,,CMP 518,14.2,,2.18,,1.18,,0.07,,1.247,,0.282,
,,,CMP 519,14.6,,2.27,,1.07,,0.10,,0.902,,0.279,
,,,CMP 520,14.3,14.3,2.63,,1.27,,0.09,0.08,1.120,,0.297,
,,,CMP 521,12.7,,2.51,,1.69,1.67,0.05,,1.247,1.256,0.420,
,,,CMP 522,12.5,,2.60,,1.73,,0.05,,1.218,,0.432,
,,,CMP 523,11.4,,2.06,,0.98,,0.05,,2.057,,0.218,
,,,CMP 524,9.8,,1.74,1.72,0.65,,0.04,,2.047,,0.137,0.135
,,,CMP 525,9.4,,1.28,,0.58,,0.05,,1.151,,0.120,
,,,CMP 526,9.5,,1.37,,0.61,,0.05,,1.113,,0.122,0.123
,,,CMP 527,10.1,,1.72,,0.71,,0.06,,1.870,,0.132,0.132
,,,CMP 528,12.1,,2.24,,1.28,,0.06,,0.969,,0.269,
,,,CMP 529,12.3,,2.47,,1.63,,0.08,0.08,0.786,,0.391,
,,,CMP 530,12.5,12.4,2.45,,1.61,1.60,0.09,,0.824,0.824,0.400,
,,,CMP 531,13.1,,2.55,,1.60,,0.10,,1.180,,0.388,
,,,CMP 532,12.6,,2.37,,1.55,,0.10,,1.190,,0.413,
,,,CMP 533,11.4,,2.25,2.18,1.19,,0.08,,1.107,,0.249,0.249
,,,CMP 534,10.4,,2.17,,1.33,,0.08,,1.380,,0.296,
,,,CMP 535,10.4,,2.41,,1.30,,0.08,,1.046,,0.309,
,,,CMP 536,11.3,,2.28,,1.33,,0.09,,1.352,,0.320,
,,,CMP 537,11.9,,2.28,,1.50,,0.05,,0.650,,0.339,
,,,CMP 538,14.4,,2.54,,1.50,,0.06,0.06,0.766,,0.362,
,,,CMP 539,13.8,,2.32,,1.45,1.44,0.05,,0.815,0.776,0.347,
,,,CMP 540,14.3,14.2,2.37,,1.41,,0.05,,0.921,,0.339,
,,,CMP 541,14.5,,2.02,,1.22,,0.05,,0.766,,0.311,
,,,CMP 542,14.3,,1.97,2.05,1.10,,0.04,,0.844,,0.297,0.297
,,,CMP 543,14.2,,2.31,,1.21,,0.04,,0.679,,0.314,
,,,CMP 544,13.5,,2.63,,1.72,,0.06,,0.979,,0.446,
,,,CMP 545,11.9,,2.24,,1.53,,0.07,,0.979,,0.380,
,,,CMP 546,10.5,,1.94,,1.27,,0.08,,0.766,,0.303,
,,,CMP 547,9.7,,1.92,,1.10,,0.08,0.08,0.563,,0.255,
,,,CMP 548,9.2,,1.92,,1.03,1.03,0.08,,0.485,0.494,0.240,
,,,CMP 549,9.0,,1.94,,1.00,,0.07,,0.455,,0.231,
,,,CMP 550,11.1,11.1,2.20,,1.38,,0.08,,0.533,,0.338,
,,,CMP 551,11.3,,2.63,2.65,1.42,,0.08,,0.766,,0.356,0.353
,,,CMP 552,11.9,,2.60,,1.58,,0.10,,0.882,,0.401,
,,,CMP 553,12.7,,2.47,,1.59,,0.09,,0.834,,0.408,
,,,CMP 554,13.1,,2.42,,1.58,,0.08,,0.824,,0.403,
,,,CMP 555,12.9,,2.28,,1.62,,0.06,,0.708,,0.415,
,,,CMP 556,12.2,,2.24,,1.61,,0.09,0.08,0.679,,0.408,
,,,CMP 557,11.3,,2.02,,1.42,1.41,0.09,,0.670,0.660,0.347,
,,,CMP 558,10.5,,1.94,,1.25,,0.09,,0.543,,0.300,
,,,CMP 559,9.4,,1.98,,1.08,,0.08,,0.582,,0.252,
,,,CMP 560,11.9,9.9,1.88,1.89,1.01,,0.08,,0.979,,0.237,0.236
,,,CMP 561,15.8,,2.63,,1.72,,0.05,,0.892,,0.591,
,,,CMP 562,17.5,,2.48,,1.39,,0.02,,0.882,,0.583,
,,,CMP 563,20.6,,2.20,,1.23,,0.03,,0.834,,0.577,
,,,CMP 564,18.0,,2.29,,1.15,,0.03,,0.911,,0.585,
,,,CMP 565,18.0,,2.23,,1.08,,0.04,0.04,0.892,,0.588,
,,,CMP 566,16.8,,2.37,,1.32,1.33,0.05,,0.940,0.931,0.577,
,,,CMP 567,15.3,,3.11,,2.26,,0.05,,1.055,,0.628,
,,,CMP 568,14.1,,2.94,,2.05,,0.06,,0.959,,0.554,
,,,CMP 569,13.4,,2.73,2.76,1.89,,0.06,,0.689,,0.496,0.495
,,,CMP 570,13.0,13.0,2.60,,1.78,,0.07,,0.776,,0.464,
,,,CMP 571,12.5,,2.55,,1.75,,0.06,,0.766,,0.443,
,,,CMP 572,12.7,,2.66,,1.76,,0.07,,0.737,,0.458,
,,,CMP 573,14.0,,2.68,,1.88,,0.06,,0.757,,0.498,
,,,CMP 574,14.2,,2.89,,2.00,,0.06,0.07,0.853,,0.551,
,,,CMP 575,15.2,,2.98,,2.06,2.05,0.05,,0.931,0.921,0.599,
,,,CMP 576,16.1,,2.73,,1.68,,0.05,,0.940,,0.599,
,,,CMP 577,16.7,,2.49,,1.51,,0.04,,0.863,,0.600,
,,,CMP 578,16.3,,2.61,2.67,1.70,,0.05,,0.882,,0.597,0.597
,,,CMP 579,15.6,,2.92,,1.89,,0.05,,0.921,,0.579,
,,,CMP 580,14.5,14.5,2.76,,1.92,,0.06,,0.834,,0.538,
,,,CMP 581,13.9,,2.67,,1.85,,0.07,,0.786,,0.501,
,,,CMP 582,13.1,,2.76,,1.80,,0.06,,0.786,,0.481,
,,,CMP 583,13.9,,2.67,,1.83,,0.07,0.06,0.747,,0.489,
,,,CMP 584,15.8,,2.73,,1.91,1.89,0.07,,0.786,0.786,0.521,
,,,CMP 585,17.1,,2.73,,1.76,,0.00,,0.921,,0.557,
,,,CMP 586,16.9,,2.76,,1.70,,0.06,,0.969,,0.571,
,,,CMP 587,16.9,,2.79,2.81,1.73,,0.06,,0.969,,0.591,0.586
,,,CMP 588,17.0,,2.84,,1.76,,0.07,,0.959,,0.608,
,,,CMP 589,17.3,,3.25,,1.84,,0.07,,1.027,,0.627,
,,,CMP 590,17.4,17.4,3.10,,1.87,,0.07,,1.123,,0.625,
,,,CMP 591,15.9,,2.65,,1.61,,0.06,,1.113,,0.577,
,,,CMP 592,15.1,,2.97,,1.98,,0.05,0.05,1.123,,0.610,
,,,CMP 593,14.1,,3.12,,2.05,2.03,0.05,,1.103,1.094,0.563,
,,,CMP 594,13.3,,2.92,,1.89,,0.08,,0.959,,0.516,
,,,CMP 595,12.9,,2.63,,1.85,,0.08,,0.882,,0.495,
,,,CMP 596,12.5,,2.56,2.61,1.85,,0.07,,0.844,,0.484,0.483
,,,CMP 597,13.2,,2.84,,1.91,,0.04,,0.824,,0.520,
,,,CMP 598,14.2,,3.05,,2.04,,0.05,,0.873,,0.575,
,,,CMP 599,15.2,,2.88,,1.85,,0.04,,0.979,,0.594,
,,,CMP 600,15.8,15.9,2.65,,1.64,,0.05,,0.902,,0.575,
,,,CMP 601,15.7,,2.62,,1.64,,0.06,0.07,1.084,,0.574,
,,,CMP 602,15.6,,2.71,,1.64,1.63,0.06,,1.007,1.007,0.575,
,,,CMP 603,15.6,,2.68,,1.71,,0.06,,0.882,,0.569,
,,,CMP 604,14.7,,2.86,,1.88,,0.06,,0.940,,0.569,
,,,CMP 605,13.9,,2.78,2.79,1.91,,0.07,,0.882,,0.543,0.543
,,,CMP 606,13.4,,2.80,,1.87,,0.04,,0.873,,0.518,
,,,CMP 607,13.2,,2.75,,1.88,,0.08,,0.882,,0.512,
,,,CMP 608,14.6,,2.82,,1.90,1.89,0.07,0.07,0.872,0.872,0.538,
1,7/10/2018,FM,CMP 609,12.4,,1.54,,0.73,,0.00,,0.228,,0.204,
2,7/10/2018,FM,CMP 610,13.5,,1.80,1.76,1.12,,0.01,,0.328,,0.311,
3,7/10/2018,FM,CMP 611,15.0,,1.98,,1.33,,0.00,,0.415,,0.394,
4,7/10/2018,FM,CMP 612,14.7,,2.10,,1.29,,0.02,,0.499,,0.465,
5,7/10/2018,FM,CMP 613,12.5,,1.71,,1.09,,0.00,,0.327,,0.304,
6,7/10/2018,FM,CMP 614,12.5,,1.80,,1.19,,0.03,,0.389,,0.356,
7,7/10/2018,FM,CMP 615,12.5,,1.62,,1.01,,0.01,,0.292,,0.280,0.280
8,7/10/2018,FM,CMP 616,10.6,,1.20,,0.55,,0.00,,0.258,0.258,0.134,
9,7/10/2018,FM,CMP 617,8.7,,1.28,,0.68,0.69,0.07,0.07,0.212,,0.183,
10,7/10/2018,FM,CMP 618,6.6,6.9,1.06,,0.51,,0.02,,0.182,,0.115,
11,7/10/2018,FM,CMP 619,6.5,,1.03,,0.49,,0.02,,0.119,,0.109,
12,7/10/2018,FM,CMP 620,6.8,,1.16,,0.51,,0.05,,0.182,,0.128,
13,7/10/2018,FM,CMP 621,10.3,,1.57,,0.73,,0.03,,0.327,,0.217,
14,7/10/2018,FM,CMP 622,12.1,,1.59,1.51,0.87,,0.02,,0.364,,0.262,
15,7/10/2018,FM,CMP 623,13.7,,1.82,,0.98,,0.11,,0.334,,0.305,
16,7/10/2018,FM,CMP 624,15.2,,1.71,,0.96,,0.02,,0.349,,0.328,0.325
17,7/10/2018,FM,CMP 625,15.2,,1.86,1.84,0.89,,0.00,,0.379,0.379,0.338,
18,7/10/2018,FM,CMP 626,16.9,,1.79,,0.81,0.81,0.00,0.00,0.395,,0.337,
19,7/10/2018,FM,CMP 627,17.9,,1.84,,0.80,,0.01,,0.465,,0.347,
20,7/10/2018,FM,CMP 628,13.5,13.5,2.42,,1.35,,0.09,,0.661,,0.491,
21,7/10/2018,FM,CMP 629,12.3,,2.12,,1.38,,0.08,,0.488,,0.414,
22,7/10/2018,FM,CMP 630,14.0,,1.93,,0.83,,0.02,,0.473,,0.278,
23,7/10/2018,FM,CMP 631,12.3,,1.34,1.38,0.51,,0.02,,0.349,,0.161,
24,7/10/2018,FM,CMP 632,11.5,,1.13,,0.42,,0.00,,0.182,,0.125,
1,7/10/2018,SD,CMP 633,12.8,,1.97,,1.05,,0.00,,0.427,,0.375,0.373
2,7/10/2018,SD,CMP 634,13.4,,1.63,,1.03,,0.04,,0.367,0.367,0.287,
3,7/10/2018,SD,CMP 635,14.7,,1.97,,1.24,1.16,0.08,0.07,0.391,,0.373,
4,7/10/2018,SD,CMP 636,14.3,,2.27,,1.30,,0.06,,0.414,,0.399,
5,7/10/2018,SD,CMP 637,13.7,,2.10,,1.28,,0.07,,0.487,,0.465,
6,7/10/2018,SD,CMP 638,14.9,,2.05,,1.35,,0.07,,0.416,,0.407,
7,7/10/2018,SD,CMP 639,13.6,,1.92,,1.15,,0.08,,0.379,,0.331,
8,7/10/2018,SD,CMP 640,11.9,11.7,1.66,1.60,0.92,,0.13,,0.349,,0.265,
9,7/10/2018,SD,CMP 641,10.4,,1.49,,0.80,,0.07,,0.238,,0.215,
10,7/10/2018,SD,CMP 642,9.1,,1.29,,0.70,,0.07,,0.195,,0.184,0.183
11,7/10/2018,SD,CMP 643,8.2,,1.20,,0.59,,0.06,,0.171,0.171,0.153,
12,7/10/2018,SD,CMP 644,7.4,,1.29,,0.57,0.57,0.04,0.04,0.151,,0.145,
13,7/10/2018,SD,CMP 645,9.6,,1.49,,0.85,,0.09,,0.280,,0.256,
14,7/10/2018,SD,CMP 646,10.9,,1.66,,1.00,,0.09,,0.327,,0.316,
15,7/10/2018,SD,CMP 647,12.1,,1.79,,1.12,,0.08,,0.373,,0.356,
16,7/10/2018,SD,CMP 648,13.1,,1.80,,1.17,,0.08,,0.439,,0.403,
17,7/10/2018,SD,CMP 649,14.1,,1.93,1.92,1.19,,0.08,,0.425,,0.419,
18,7/10/2018,SD,CMP 650,14.1,14.0,1.84,,1.04,,0.09,,0.465,,0.436,
19,7/10/2018,SD,CMP 651,15.1,,1.69,,0.87,,0.06,,0.488,,0.420,0.436
20,7/10/2018,SD,CMP 652,15.1,,1.76,,0.81,,0.06,,0.684,0.684,0.416,
21,7/10/2018,SD,CMP 653,14.0,,2.54,,1.63,1.62,0.05,0.05,0.844,,0.489,
22,7/10/2018,SD,CMP 654,13.8,,2.28,,1.36,,0.09,,0.512,,0.396,
23,7/10/2018,SD,CMP 655,11.9,,1.83,,1.10,,0.09,,0.465,,0.326,
24,7/10/2018,SD,CMP 656,11.2,,1.56,,0.95,,0.10,,0.319,,0.283,
1,7/10/2018,HL,CMP 657,14.5,,2.57,,1.98,,0.00,,0.547889285,,0.521,
2,7/10/2018,HL,CMP 658,14.9,,2.49,2.49,1.86,,0.00,,0.5246735,,0.521,
3,7/10/2018,HL,CMP 659,15.0,,2.54,,1.68,,0.00,,0.541691959,,0.496,
4,7/10/2018,HL,CMP 660,15.1,14.9,2.68,,2.11,,0.04,,0.589843942,,0.545,
5,7/10/2018,HL,CMP 661,15.8,,3.09,,2.32,2.32,0.03,,0.641412125,0.652,0.594,
6,7/10/2018,HL,CMP 662,16.6,,2.85,,2.09,2.09,0.03,0.02,0.646115974,,0.646,
7,7/10/2018,HL,CMP 663,17.4,,2.57,,1.74,,0.05,,0.648068224,,0.615,
8,7/10/2018,HL,CMP 664,16.2,,2.68,,1.88,,0.05,,0.67101885,,0.657,
9,7/10/2018,HL,CMP 665,15.5,,2.89,,2.06,,0.04,,0.605976368,,0.598,
10,7/10/2018,HL,CMP 666,14.5,,2.85,,1.83,,0.06,,0.569,,0.525,
11,7/10/2018,HL,CMP 667,12.9,,2.19,2.18,1.47,,0.06,,0.504,,0.429,
12,7/10/2018,HL,CMP 668,11.5,,1.73,,1.23,,0.06,,0.418,,0.353,
13,7/10/2018,HL,CMP 669,10.7,,1.79,,1.10,,0.09,,0.340,,0.311,0.313
14,7/10/2018,HL,CMP 670,10.3,10.4,1.78,,1.02,,0.08,,0.367,0.359,0.293,
15,7/10/2018,HL,CMP 671,10.7,,1.78,,1.07,1.08,0.06,0.06,0.329,,0.310,
16,7/10/2018,HL,CMP 672,12.4,,1.93,,1.30,,0.04,,0.410,,0.382,
17,7/10/2018,HL,CMP 673,13.4,,2.37,,1.63,,0.05,,0.569,,0.492,
18,7/10/2018,HL,CMP 674,15.2,,2.63,,1.79,,0.04,,0.653,,0.548,
19,7/10/2018,HL,CMP 675,15.3,,2.52,,1.65,,0.02,,0.653,,0.570,
20,7/10/2018,HL,CMP 676,16.7,,2.36,,1.37,,0.02,,0.619,,0.596,
21,7/10/2018,HL,CMP 677,18.0,,2.23,,1.21,,0.01,,0.586,,0.565,
22,7/10/2018,HL,CMP 678,18.9,,1.97,,1.14,,0.01,,0.579,,0.562,0.559
23,7/10/2018,HL,CMP 679,18.6,,2.06,,1.26,,0.04,,0.611,0.661,0.559,
24,7/10/2018,HL,CMP 680,16.6,16.6,2.99,,2.11,2.13,0.04,0.05,0.738,,0.643,
1,7/10/2018,PT,CMP 681,15.8,,2.41,,1.58,,0.00,,0.578,,0.523,
2,7/10/2018,PT,CMP 682,15.6,,3.01,,2.27,,0.06,,0.782,,0.635,
3,7/10/2018,PT,CMP 683,14.4,,2.99,,2.10,,0.08,,0.791,,0.595,
4,7/10/2018,PT,CMP 684,14.4,,2.63,,2.02,,0.06,,0.586,,0.579,
5,7/10/2018,PT,CMP 685,14.9,,2.99,,2.24,,0.08,,0.659,,0.635,
6,7/10/2018,PT,CMP 686,15.2,,2.91,,2.15,,0.07,,0.653,,0.634,
7,7/10/2018,PT,CMP 687,14.6,,2.68,,1.66,,0.06,,0.586,,0.553,0.549
8,7/10/2018,PT,CMP 688,16.2,,2.68,,1.54,,0.06,,0.545,0.569,0.525,
9,7/10/2018,PT,CMP 689,15.0,,2.55,2.55,1.59,1.60,0.07,0.08,0.670,,0.525,
10,7/10/2018,PT,CMP 690,15.3,15.5,2.68,,1.82,,0.05,,0.611,,0.568,
11,7/10/2018,PT,CMP 691,14.4,,2.79,,2.03,,0.06,,0.653,,0.593,
12,7/10/2018,PT,CMP 692,12.2,,2.45,,1.69,,0.08,,0.586,,0.498,
13,7/10/2018,PT,CMP 693,11.9,,2.06,,1.27,,0.12,,0.512,,0.483,
14,7/10/2018,PT,CMP 694,10.4,,1.70,,1.15,,0.07,,0.356,,0.335,
15,7/10/2018,PT,CMP 695,9.9,,1.59,,1.10,,0.09,,0.340,,0.314,
16,7/10/2018,PT,CMP 696,9.7,,1.55,,1.05,,0.08,,0.340,,0.304,0.304
17,7/10/2018,PT,CMP 697,10.7,,1.85,1.82,1.16,,0.08,,0.529,0.504,0.364,
18,7/10/2018,PT,CMP 698,12.5,,2.34,,1.47,1.49,0.08,0.08,0.602,,0.475,
19,7/10/2018,PT,CMP 699,14.6,,2.77,,1.74,,0.06,,0.890,,0.548,
20,7/10/2018,PT,CMP 700,15.7,16.0,2.85,,1.76,,0.06,,0.765,,0.565,
21,7/10/2018,PT,CMP 701,16.9,,2.78,,1.70,,0.05,,0.765,,0.546,
22,7/10/2018,PT,CMP 702,17.6,,2.69,,1.63,,0.08,,0.721,,0.549,
23,7/10/2018,PT,CMP 703,17.8,,2.67,,1.60,,0.07,,0.712,,0.537,
24,7/10/2018,PT,CMP 704,17.7,,2.82,2.79,1.58,1.58,0.07,0.08,0.765,0.756,0.523,
1,7/17/2018,FM,CMP 705,14.0,,1.66,,0.81,,0.01,,0.279,,0.220,
2,7/17/2018,FM,CMP 706,10.4,,1.43,,0.91,,0.02,,0.279,,0.265,
3,7/17/2018,FM,CMP 707,10.2,,1.39,,0.85,,0.05,,0.301,,0.257,
4,7/17/2018,FM,CMP 708,11.6,,1.54,,0.86,,0.05,,0.359,,0.266,
5,7/17/2018,FM,CMP 709,12.2,,1.52,,0.81,0.79,0.07,,0.352,,0.262,
6,7/17/2018,FM,CMP 710,12.9,13.0,1.45,,0.72,,0.03,,0.382,,0.254,
7,7/17/2018,FM,CMP 711,13.1,,1.39,,0.68,,0.07,,0.352,,0.248,
8,7/17/2018,FM,CMP 712,11.6,,1.74,,1.13,,0.04,0.04,0.505,,0.359,
9,7/17/2018,FM,CMP 713,11.1,,1.98,1.99,1.14,,0.06,0.06,0.585,0.569,0.347,0.349
10,7/17/2018,FM,CMP 714,10.5,,1.50,,0.79,,0.07,,0.529,,0.239,
11,7/17/2018,FM,CMP 715,9.9,,1.15,,0.49,,0.05,,0.330,,0.136,
12,7/17/2018,FM,CMP 716,8.9,,1.06,,0.43,,0.06,,0.168,,0.120,
13,7/17/2018,FM,CMP 717,8.8,,1.04,,0.42,,0.07,,0.154,,0.117,
14,7/17/2018,FM,CMP 718,8.8,,1.06,,0.45,0.45,0.06,,0.141,,0.125,
15,7/17/2018,FM,CMP 719,10.5,,1.32,,0.73,,0.07,,0.216,,0.221,
16,7/17/2018,FM,CMP 720,11.4,11.3,1.69,,1.04,,0.07,,0.353,,0.331,
17,7/17/2018,FM,CMP 721,11.6,,1.74,,1.11,,0.08,0.08,0.394,,0.358,
18,7/17/2018,FM,CMP 722,11.5,,1.70,1.71,1.11,,0.08,,0.389,0.404,0.356,0.352
19,7/17/2018,FM,CMP 723,11.3,,1.62,,1.03,,0.08,,0.345,,0.323,
20,7/17/2018,FM,CMP 724,10.4,,1.37,,0.77,,0.07,,0.269,,0.236,
21,7/17/2018,FM,CMP 725,9.7,,1.64,,0.98,,0.10,,0.345,,0.308,
22,7/17/2018,FM,CMP 726,9.7,,1.50,,0.97,,0.08,,0.328,,0.311,
23,7/17/2018,FM,CMP 727,10.8,,1.55,,0.93,0.94,0.09,,0.301,,0.295,
24,7/17/2018,FM,CMP 728,10.3,,1.38,,0.76,,0.08,,0.251,,0.238,
1,7/17/2018,SD,CMP 729,13.3,,1.43,,0.89,,0.02,,0.279,,0.262,
2,7/17/2018,SD,CMP 730,10.2,10.4,1.77,,1.17,,0.04,0.05,0.367,,0.341,
3,7/17/2018,SD,CMP 731,11.1,,2.36,2.42,1.69,,0.06,,0.443,0.443,0.422,0.413
4,7/17/2018,SD,CMP 732,11.6,,2.49,,1.92,,0.07,,0.513,,0.448,
5,7/17/2018,SD,CMP 733,12.2,,2.43,,1.91,,0.09,,0.585,,0.425,
6,7/17/2018,SD,CMP 734,13.4,,2.41,,1.82,,0.13,,0.529,,0.391,
7,7/17/2018,SD,CMP 735,13.6,,3.07,,2.50,,0.12,,0.593,,0.500,
8,7/17/2018,SD,CMP 736,11.1,,1.79,,1.25,1.22,0.05,,0.667,,0.372,
9,7/17/2018,SD,CMP 737,9.7,,1.69,,1.06,,0.07,,0.593,,0.328,
10,7/17/2018,SD,CMP 738,8.7,,1.50,,0.86,,0.07,,0.505,,0.274,
11,7/17/2018,SD,CMP 739,7.8,,1.30,,0.74,,0.06,0.06,0.345,,0.229,
12,7/17/2018,SD,CMP 740,7.8,7.6,1.17,1.18,0.70,,0.07,,0.244,0.237,0.214,0.214
13,7/17/2018,SD,CMP 741,7.1,,1.25,,0.69,,0.06,,0.232,,0.204,
14,7/17/2018,SD,CMP 742,8.6,,1.50,,0.90,,0.06,,0.279,,0.275,
15,7/17/2018,SD,CMP 743,9.5,,1.57,,1.01,,0.07,,0.327,,0.311,
16,7/17/2018,SD,CMP 744,10.7,,1.97,,1.40,,0.06,,0.394,,0.381,
17,7/17/2018,SD,CMP 745,11.3,,2.27,,1.71,1.69,0.07,,0.440,,0.425,
18,7/17/2018,SD,CMP 746,11.0,,2.27,,1.77,,0.07,,0.449,,0.434,
19,7/17/2018,SD,CMP 747,10.9,,1.92,,1.23,,0.06,,0.296,,0.298,
20,7/17/2018,SD,CMP 748,10.2,,2.19,,1.08,,0.07,0.07,0.709,,0.334,
21,7/17/2018,SD,CMP 749,9.2,,1.63,1.57,0.93,,0.08,,0.513,0.505,0.286,0.286
22,7/17/2018,SD,CMP 750,8.0,8.2,1.50,,0.81,,0.09,,0.272,,0.245,
23,7/17/2018,SD,CMP 751,7.7,,1.42,,0.71,,0.08,,0.258,,0.214,
24,7/17/2018,SD,CMP 752,7.6,,1.43,,0.70,,0.07,,0.251,,0.211,
1,7/17/2018,HL,CMP 753,14.0,,2.19,,1.11,,0.03,,0.481,,0.326,
2,7/17/2018,HL,CMP 754,14.7,,2.01,,0.94,0.95,0.03,,0.458,,0.410,
3,7/17/2018,HL,CMP 755,15.5,,1.76,,0.71,,0.02,,0.466,,0.432,
4,7/17/2018,HL,CMP 756,15.2,,1.87,,0.64,,0.03,,0.450,,0.460,
5,7/17/2018,HL,CMP 757,16.0,,1.74,,0.58,,0.02,0.02,0.460,,0.449,
6,7/17/2018,HL,CMP 758,14.6,,1.80,1.81,0.57,,0.02,,0.490,0.480,0.465,0.465
7,7/17/2018,HL,CMP 759,12.8,,1.76,,0.59,,0.02,,0.513,,0.420,
8,7/17/2018,HL,CMP 760,12.9,12.9,2.60,,1.76,,0.03,,0.675,,0.528,
9,7/17/2018,HL,CMP 761,11.9,,2.41,,1.37,,0.04,,0.569,,0.448,
10,7/17/2018,HL,CMP 762,11.6,,2.09,,1.22,,0.05,,0.560,,0.394,
11,7/17/2018,HL,CMP 763,11.9,,1.89,,1.17,1.17,0.06,,0.450,,0.385,
12,7/17/2018,HL,CMP 764,12.4,,1.87,,1.18,,0.05,,0.378,,0.370,
13,7/17/2018,HL,CMP 765,14.4,,1.76,,1.17,,0.06,,0.395,,0.385,
14,7/17/2018,HL,CMP 766,13.1,,1.90,,1.23,,0.06,0.06,0.440,,0.417,
15,7/17/2018,HL,CMP 767,14.6,,2.15,2.18,1.39,,0.06,,0.489,0.489,0.475,0.472
16,7/17/2018,HL,CMP 768,16.9,,1.91,,1.29,,0.05,,0.505,,0.502,
17,7/17/2018,HL,CMP 769,15.0,,1.80,,0.92,,0.05,,0.489,,0.478,
18,7/17/2018,HL,CMP 770,14.8,14.8,1.66,,0.82,,0.05,,0.489,,0.472,
19,7/17/2018,HL,CMP 771,13.4,,2.00,,0.96,,0.05,,0.521,,0.485,
20,7/17/2018,HL,CMP 772,12.7,,2.06,,1.25,1.25,0.05,,0.497,,0.448,
21,7/17/2018,HL,CMP 773,12.1,,1.90,,1.25,,0.07,,0.435,,0.417,
22,7/17/2018,HL,CMP 774,11.3,,1.81,,1.21,,0.07,,0.404,,0.399,
23,7/17/2018,HL,CMP 775,12.5,,1.87,,1.16,,0.07,0.07,0.394,,0.387,
24,7/17/2018,HL,CMP 776,14.3,,1.88,1.49,1.22,,0.08,,0.432,0.433,0.407,0.405
1,7/17/2018,PT,CMP 777,14.3,,2.13,,1.09,,0.02,,0.529,,0.431,
2,7/17/2018,PT,CMP 778,14.9,,2.00,,1.06,,0.05,,0.481,,0.455,
3,7/17/2018,PT,CMP 779,16.3,,2.01,,1.06,,0.06,,0.497,,0.478,
4,7/17/2018,PT,CMP 780,16.0,16.1,2.03,,1.13,,0.06,,0.521,,0.502,
5,7/17/2018,PT,CMP 781,15.9,,2.21,,1.22,1.23,0.07,,0.541,,0.531,
6,7/17/2018,PT,CMP 782,14.1,,2.12,,1.16,,0.08,,0.692,,0.512,
7,7/17/2018,PT,CMP 783,13.3,,1.83,,0.91,,0.05,,0.609,,0.431,
8,7/17/2018,PT,CMP 784,12.4,,2.30,,1.35,,0.04,0.04,0.654,,0.480,
9,7/17/2018,PT,CMP 785,12.0,,2.00,1.96,1.27,,0.06,,0.560,0.552,0.454,0.446
10,7/17/2018,PT,CMP 786,11.5,,1.97,,1.22,,0.07,,0.424,,0.408,
11,7/17/2018,PT,CMP 787,11.8,,1.85,,1.19,,0.06,,0.404,,0.397,
12,7/17/2018,PT,CMP 788,12.5,,1.85,,1.18,,0.06,,0.435,,0.408,
13,7/17/2018,PT,CMP 789,13.6,,1.94,,1.26,,0.06,,0.440,,0.434,
14,7/17/2018,PT,CMP 790,13.9,14.0,2.12,,1.32,1.29,0.05,,0.481,,0.462,
15,7/17/2018,PT,CMP 791,14.1,,1.90,,1.03,,0.06,0.06,0.450,,0.445,
16,7/17/2018,PT,CMP 792,14.5,,1.83,,0.97,,0.06,,0.451,,0.440,
17,7/17/2018,PT,CMP 793,14.5,,1.88,1.86,0.96,,0.06,,0.461,,0.445,
18,7/17/2018,PT,CMP 794,13.9,,1.83,,0.96,,0.07,,0.454,0.454,0.445,0.443
19,7/17/2018,PT,CMP 795,12.9,,1.99,,1.14,,0.07,,0.458,,0.455,
20,7/17/2018,PT,CMP 796,13.0,,2.04,,1.22,,0.06,,0.466,,0.446,
21,7/17/2018,PT,CMP 797,12.1,,2.11,,1.25,,0.07,,0.489,,0.432,
22,7/17/2018,PT,CMP 798,12.3,,1.93,,1.19,,0.08,,0.440,,0.425,
23,7/17/2018,PT,CMP 799,13.5,,1.96,,1.22,,0.09,,0.440,,0.419,
24,7/17/2018,PT,CMP 800,13.7,12.3,1.95,1.95,1.26,1.21,0.07,0.07,0.489,0.474,0.442,0.437
1,8/14/2018,FM,CMP 801,20.2,,1.78,,0.81,,0.03,,0.319,,0.188,
2,8/14/2018,FM,CMP 802,14.6,,1.59,,0.80,,0.05,,0.348,,0.249,
3,8/14/2018,FM,CMP 803,16.0,,1.47,,0.70,,0.11,,0.319,,0.250,
4,8/14/2018,FM,CMP 804,16.8,,1.50,,0.62,,0.03,,0.397,,0.249,
5,8/14/2018,FM,CMP 805,17.5,,1.56,,0.58,,0.05,,0.505,,0.250,
6,8/14/2018,FM,CMP 806,14.6,,1.97,,1.15,,0.04,,0.622,,0.336,
7,8/14/2018,FM,CMP 807,14.1,,1.93,,1.16,,0.09,,0.495,,0.344,
8,8/14/2018,FM,CMP 808,12.7,,1.85,,0.72,,0.04,,0.404,,0.211,
9,8/14/2018,FM,CMP 809,11.9,,0.92,0.94,0.28,0.28,0.00,,0.113,0.123,0.087,0.085
10,8/14/2018,FM,CMP 810,7.5,7.2,0.88,,0.25,,0.03,,0.113,,0.075,
11,8/14/2018,FM,CMP 811,9.1,,0.94,,0.29,,0.05,,0.123,,0.087,
12,8/14/2018,FM,CMP 812,10.4,,1.15,,0.55,,0.04,,0.182,,0.153,
13,8/14/2018,FM,CMP 813,13.4,,1.31,,0.64,,0.05,,0.201,,0.192,
14,8/14/2018,FM,CMP 814,15.0,,1.52,,0.99,,0.05,,0.329,,0.290,
15,8/14/2018,FM,CMP 815,13.7,,1.75,,1.02,,0.06,,0.348,,0.322,
16,8/14/2018,FM,CMP 816,13.6,,1.70,,1.03,,0.06,0.06,0.446,,0.311,
17,8/14/2018,FM,CMP 817,13.0,,1.55,,0.91,,0.06,,0.348,,0.285,
18,8/14/2018,FM,CMP 818,13.4,,1.68,1.63,0.71,0.73,0.06,0.06,0.387,0.368,0.228,0.228
19,8/14/2018,FM,CMP 819,13.4,,1.85,,1.11,,0.09,,0.387,,0.328,
20,8/14/2018,FM,CMP 820,11.7,11.7,1.66,,0.91,,0.07,,0.348,,0.281,
21,8/14/2018,FM,CMP 821,10.3,,1.07,,0.53,,0.05,,0.270,,0.158,
22,8/14/2018,FM,CMP 822,12.2,,1.49,,0.81,,0.08,,0.319,,0.236,
23,8/14/2018,FM,CMP 823,13.1,,1.36,,0.86,,0.07,,0.250,,0.246,
24,8/14/2018,FM,CMP 824,12.3,,1.47,,0.87,,0.07,,0.309,,0.258,
1,8/14/2018,SD,CMP 825,20.8,,1.65,,1.02,,0.02,,0.515,,0.274,
2,8/14/2018,SD,CMP 826,23.8,,1.89,,0.88,,0.09,,0.671,,0.349,
3,8/14/2018,SD,CMP 827,26.5,,2.06,2.05,0.70,0.69,0.00,0.00,0.740,0.740,0.349,0.347
4,8/14/2018,SD,CMP 828,28.9,,2.26,,0.72,,0.13,,0.916,,0.392,
5,8/14/2018,SD,CMP 829,28.1,,2.69,,1.13,,0.02,,0.955,,0.480,
6,8/14/2018,SD,CMP 830,15.2,14.8,2.16,,1.32,,0.10,,0.534,,0.408,
7,8/14/2018,SD,CMP 831,13.0,,1.89,,1.17,,0.05,,0.563,,0.344,
8,8/14/2018,SD,CMP 832,13.5,,1.58,,0.97,,0.06,,0.466,,0.269,
9,8/14/2018,SD,CMP 833,13.3,,1.56,,0.85,,0.07,,0.436,,0.246,
10,8/14/2018,SD,CMP 834,10.5,,1.43,,0.82,,0.06,,0.368,,0.238,
11,8/14/2018,SD,CMP 835,10.6,,1.47,,0.81,,0.08,,0.397,,0.238,
12,8/14/2018,SD,CMP 836,11.9,,1.45,1.43,0.84,0.83,0.04,0.04,0.299,0.290,0.258,0.262
13,8/14/2018,SD,CMP 837,13.0,,1.80,,1.04,,0.04,,0.378,,0.368,
14,8/14/2018,SD,CMP 838,14.5,,1.87,,1.11,,0.09,,0.436,,0.371,
15,8/14/2018,SD,CMP 839,19.8,,2.35,,1.04,,0.03,,0.593,,0.381,
16,8/14/2018,SD,CMP 840,22.1,21.9,2.19,,0.99,,0.04,,0.700,,0.387,
17,8/14/2018,SD,CMP 841,23.0,,2.16,,0.98,,0.03,,0.720,,0.389,
18,8/14/2018,SD,CMP 842,14.0,,1.94,,1.22,,0.07,,0.417,,0.379,
19,8/14/2018,SD,CMP 843,12.1,,1.62,,1.04,,0.07,,0.378,,0.322,
20,8/14/2018,SD,CMP 844,12.2,,1.58,,0.82,,0.06,,0.348,,0.255,
21,8/14/2018,SD,CMP 845,10.9,,1.43,1.48,0.73,0.73,0.03,0.03,0.358,0.358,0.230,0.228
22,8/14/2018,SD,CMP 846,10.6,,1.63,,0.79,,0.07,,0.368,,0.241,
23,8/14/2018,SD,CMP 847,12.4,,1.66,,0.85,,0.14,,0.368,,0.265,
24,8/14/2018,SD,CMP 848,13.0,,1.70,,0.96,,0.07,,0.378,,0.290,
1,8/14/2018,HL,CMP 849,25.7,,2.19,,1.30,,0.05,,0.573,,0.548,
2,8/14/2018,HL,CMP 850,28.7,27.9,2.19,,1.09,,0.01,0.01,0.612,,0.550,
3,8/14/2018,HL,CMP 851,31.3,,2.12,,1.03,,0.09,,0.583,,0.564,
4,8/14/2018,HL,CMP 852,28.7,,1.93,,0.96,,0.10,,0.564,,0.551,
5,8/14/2018,HL,CMP 853,27.5,,2.30,,1.20,,0.08,,0.603,,0.527,
6,8/14/2018,HL,CMP 854,25.5,,2.92,2.94,2.06,2.05,0.00,0.00,0.779,0.779,0.592,0.592
7,8/14/2018,HL,CMP 855,25.4,,2.48,,1.57,,0.04,,0.612,,0.459,
8,8/14/2018,HL,CMP 856,17.0,,2.07,,1.35,,0.07,,0.554,,0.414,
9,8/14/2018,HL,CMP 857,24.4,,2.15,,1.34,,0.02,0.01,0.485,,0.397,
10,8/14/2018,HL,CMP 858,22.1,,2.19,,1.28,,0.06,,0.446,,0.390,
11,8/14/2018,HL,CMP 859,23.7,,2.15,,1.35,,0.05,,0.466,,0.414,
12,8/14/2018,HL,CMP 860,27.7,27.1,2.40,,1.54,,0.05,,0.534,,0.468,
13,8/14/2018,HL,CMP 861,22.9,,2.61,,1.91,,0.04,,0.612,,0.556,
14,8/14/2018,HL,CMP 862,23.8,,2.64,,1.87,,0.00,0.01,0.671,,0.615,
15,8/14/2018,HL,CMP 863,25.0,,2.25,2.28,1.35,1.35,0.03,0.03,0.603,0.593,0.591,0.591
16,8/14/2018,HL,CMP 864,26.0,,2.27,,1.21,,0.05,,0.584,,0.573,
17,8/14/2018,HL,CMP 865,26.8,,2.22,,1.27,,0.05,,0.597,,0.580,
18,8/14/2018,HL,CMP 866,27.8,,2.64,,1.74,,0.02,0.02,0.642,,0.573,
19,8/14/2018,HL,CMP 867,22.8,,2.73,,1.94,,0.05,,0.651,,0.557,
20,8/14/2018,HL,CMP 868,24.7,,2.48,,1.63,,0.06,,0.573,,0.472,
21,8/14/2018,HL,CMP 869,27.6,,2.41,,1.42,,0.04,0.04,0.585,,0.556,
22,8/14/2018,HL,CMP 870,26.6,25.6,2.49,,1.53,,0.04,0.03,0.485,,0.452,
23,8/14/2018,HL,CMP 871,25.0,,2.31,,1.56,,0.06,,0.515,,0.487,
24,8/14/2018,HL,CMP 872,29.5,,2.58,2.59,1.66,1.68,0.04,0.04,0.622,0.632,0.569,0.569
1,8/14/2018,PT,CMP 873,15.4,,2.02,,1.25,,0.04,,0.632,,0.494,
2,8/14/2018,PT,CMP 874,15.0,,1.81,,1.13,,0.04,,0.828,,0.492,
3,8/14/2018,PT,CMP 875,16.3,,1.73,,1.04,,0.07,,1.053,,0.492,
4,8/14/2018,PT,CMP 876,15.5,,1.93,,1.03,,0.00,0.00,1.150,,0.494,
5,8/14/2018,PT,CMP 877,14.9,,1.86,,1.08,,0.02,,1.366,,0.494,
6,8/14/2018,PT,CMP 878,14.7,,2.10,,1.37,,0.06,,1.571,,0.511,
7,8/14/2018,PT,CMP 879,12.6,,2.51,,1.72,,0.08,,1.604,,0.530,
8,8/14/2018,PT,CMP 880,20.8,20.9,2.46,,1.50,,0.07,,1.209,,0.454,
9,8/14/2018,PT,CMP 881,13.5,,2.28,2.28,1.32,1.33,0.05,0.06,1.248,1.092,0.421,0.422
10,8/14/2018,PT,CMP 882,11.6,,2.18,,1.31,,0.05,,0.798,,0.405,
11,8/14/2018,PT,CMP 883,12.4,,2.20,,1.34,,0.05,,1.258,,0.410,
12,8/14/2018,PT,CMP 884,12.4,,2.38,,1.57,,0.05,,0.828,,0.484,
13,8/14/2018,PT,CMP 885,13.6,,2.36,,1.53,,0.04,,1.190,,0.529,
14,8/14/2018,PT,CMP 886,13.7,,2.15,,1.27,,0.03,,1.004,,0.507,
15,8/14/2018,PT,CMP 887,15.2,,2.06,,1.18,,0.04,,0.818,,0.510,
16,8/14/2018,PT,CMP 888,14.5,,2.08,,1.19,,0.05,,1.150,,0.507,
17,8/14/2018,PT,CMP 889,13.5,,2.18,,1.34,,0.03,,0.925,,0.521,
18,8/14/2018,PT,CMP 890,21.8,21.5,2.47,2.35,1.57,1.60,0.04,0.04,0.759,0.769,0.532,0.529
19,8/14/2018,PT,CMP 891,12.8,,2.45,,1.54,,0.05,,1.013,,0.475,
20,8/14/2018,PT,CMP 892,13.8,,2.26,,1.18,,0.06,,0.857,,0.438,
21,8/14/2018,PT,CMP 893,12.7,,2.29,,1.35,,0.06,,0.857,,0.422,
22,8/14/2018,PT,CMP 894,14.9,,2.17,,1.31,,0.07,,0.906,,0.419,
23,8/14/2018,PT,CMP 895,11.7,,2.20,,1.47,,0.06,,0.749,,0.462,
24,8/14/2018,PT,CMP 896,12.9,,2.42,,1.49,1.52,0.05,0.05,0.974,0.935,0.507,0.503
1,8/21/2018,FM,CMP 897,22.0,,1.37,,0.37,,0.02,,0.701,,0.104033,
2,8/21/2018,FM,CMP 898,15.2,,1.44,,0.47,,0.00,,0.749,,0.144,
3,8/21/2018,FM,CMP 899,15.9,,1.57,,0.60,,0.01,,0.837,,0.182,
4,8/21/2018,FM,CMP 900,19.9,19.4,1.89,,0.67,,0.00,,1.688,,0.203,
5,8/21/2018,FM,CMP 901,18.4,,1.65,,0.77,,0.01,,1.287,,0.204,
6,8/21/2018,FM,CMP 902,21.3,,2.23,,0.97,,0.01,,1.256,,0.255,
7,8/21/2018,FM,CMP 903,19.5,,2.14,,1.05,,0.00,,1.591,,0.320,
8,8/21/2018,FM,CMP 904,21.1,,1.90,,1.02,,0.00,,1.092,,0.319,
9,8/21/2018,FM,CMP 905,15.2,,1.65,1.65,0.66,0.63,0.02,0.02,0.740,0.740,0.198,0.196
10,8/21/2018,FM,CMP 906,17.2,,1.74,,0.69,,0.01,,0.603,,0.212,
11,8/21/2018,FM,CMP 907,22.9,,1.45,,0.57,,0.01,,0.426,,0.177,
12,8/21/2018,FM,CMP 908,15.5,,1.35,,0.52,,0.01,,0.622,,0.160,
13,8/21/2018,FM,CMP 909,15.4,,1.43,,0.60,,0.03,,0.759,,0.182,
14,8/21/2018,FM,CMP 910,24.3,24.0,1.67,,0.69,,0.05,,0.847,,0.217,
15,8/21/2018,FM,CMP 911,15.3,,1.45,,0.39,,0.01,,0.837,,0.112,
16,8/21/2018,FM,CMP 912,19.8,,1.53,,0.53,,0.00,,0.495,,0.137,
17,8/21/2018,FM,CMP 913,17.9,,1.55,,0.66,,0.01,,0.544,,0.182,
18,8/21/2018,FM,CMP 914,17.9,,1.73,1.77,0.77,0.77,0.01,0.01,0.573,0.544,0.222,0.227
19,8/21/2018,FM,CMP 915,19.4,,1.77,,0.77,,0.02,,0.544,,0.234,
20,8/21/2018,FM,CMP 916,18.4,,1.71,,0.74,,0.00,,0.436,,0.247,
21,8/21/2018,FM,CMP 917,19.6,,1.57,,0.67,,0.01,,0.563,,0.244,
22,8/21/2018,FM,CMP 918,19.8,,1.76,,0.64,,0.03,,0.485,,0.242,
23,8/21/2018,FM,CMP 919,18.6,,2.22,,0.68,,0.03,,1.020,,0.188,
24,8/21/2018,FM,CMP 920,24.2,24.1,2.27,,1.24,,0.06,,0.681,,0.387,
1,8/21/2018,SD,CMP 921,24.4,,1.80,,0.84,,0.00,,0.263,,0.246,
2,8/21/2018,SD,CMP 922,21.3,,1.67,,0.86,,0.00,,0.275,,0.258,
3,8/21/2018,SD,CMP 923,18.5,,1.84,1.86,0.90,0.89,0.05,0.05,0.348,0.338,0.277,0.277
4,8/21/2018,SD,CMP 924,31.9,,2.01,,1.01,,0.04,,0.378,,0.311,
5,8/21/2018,SD,CMP 925,32.5,,2.06,,1.14,,0.06,,0.387,,0.347,
6,8/21/2018,SD,CMP 926,23.2,,2.28,,1.20,,0.06,,0.534,,0.389,
7,8/21/2018,SD,CMP 927,22.4,,2.36,,1.21,,0.06,,0.573,,0.389,
8,8/21/2018,SD,CMP 928,21.7,,2.21,,1.16,,0.07,,0.426,,0.368,
9,8/21/2018,SD,CMP 929,19.9,,1.80,,1.03,,0.06,,0.360,,0.327,
10,8/21/2018,SD,CMP 930,25.8,25.5,1.63,,0.83,,0.06,,0.282,,0.271,
11,8/21/2018,SD,CMP 931,28.9,,1.49,,0.71,,0.05,,0.272,,0.223,
12,8/21/2018,SD,CMP 932,16.4,,1.50,1.42,0.73,0.72,0.08,0.07,0.251,0.261,0.233,0.234
13,8/21/2018,SD,CMP 933,16.1,,1.39,,0.69,,0.04,,0.232,,0.220,
14,8/21/2018,SD,CMP 934,18.0,,1.40,,0.66,,0.07,,0.238,,0.211,
15,8/21/2018,SD,CMP 935,17.7,,1.46,,0.73,,0.06,,0.253,,0.233,
16,8/21/2018,SD,CMP 936,18.2,,1.83,,0.93,,0.07,,0.319,,0.301,
17,8/21/2018,SD,CMP 937,20.7,,2.17,,1.08,,0.08,,0.505,,0.376,
18,8/21/2018,SD,CMP 938,24.2,,2.16,,1.18,,0.12,,0.612,,0.452,
19,8/21/2018,SD,CMP 939,27.1,,2.43,,1.19,,0.13,,0.700,,0.502,
20,8/21/2018,SD,CMP 940,31.7,31.5,2.29,,1.08,,0.14,,0.788,,0.497,
21,8/21/2018,SD,CMP 941,30.8,,2.59,2.61,1.18,1.17,0.16,0.16,0.935,0.945,0.604,0.605
22,8/21/2018,SD,CMP 942,31.9,,2.59,,1.50,,0.13,,1.121,,0.712,
23,8/21/2018,SD,CMP 943,25.9,,2.27,,1.40,,0.06,,0.808,,0.449,
24,8/21/2018,SD,CMP 944,19.3,,1.86,,1.14,,0.05,,0.426,,0.376,
1,8/21/2018,HL,CMP 945,22.9,,2.14,,1.51,,0.03,,0.484,,0.460,
2,8/21/2018,HL,CMP 946,21.0,,2.29,,1.64,,0.05,,0.547,,0.510,
3,8/21/2018,HL,CMP 947,20.6,,2.52,,1.86,,0.05,,0.585,,0.561,
4,8/21/2018,HL,CMP 948,20.3,,2.81,,2.25,,0.04,,0.673,,0.642,
5,8/21/2018,HL,CMP 949,19.6,,2.52,,1.96,,0.02,,0.663,,0.639,
6,8/21/2018,HL,CMP 950,20.6,20.2,2.82,2.81,2.10,2.10,0.02,0.02,0.675,0.685,0.659,0.655
7,8/21/2018,HL,CMP 951,19.9,,2.71,,2.05,,0.07,,0.634,,0.621,
8,8/21/2018,HL,CMP 952,17.5,,2.33,,1.82,,0.03,,0.585,,0.553,
9,8/21/2018,HL,CMP 953,20.4,,2.22,,1.56,,0.05,,0.495,,0.486,
10,8/21/2018,HL,CMP 954,18.2,,1.98,,1.37,,0.07,,0.636,,0.585,
11,8/21/2018,HL,CMP 955,19.0,,1.93,,1.23,,0.05,,0.423,,0.392,
12,8/21/2018,HL,CMP 956,17.8,,1.94,,1.20,,0.07,,0.397,,0.376,
13,8/21/2018,HL,CMP 957,19.4,,1.97,,1.27,,0.05,,0.399,,0.397,
14,8/21/2018,HL,CMP 958,19.6,,2.19,,1.50,,0.03,,0.464,,0.454,
15,8/21/2018,HL,CMP 959,20.9,,2.42,2.43,1.68,1.68,0.06,0.05,0.545,0.545,0.516,0.521
16,8/21/2018,HL,CMP 960,22.5,22.1,2.44,,1.75,,0.12,,0.597,,0.581,
17,8/21/2018,HL,CMP 961,19.6,,2.21,,1.52,,0.04,,0.596,,0.592,
18,8/21/2018,HL,CMP 962,19.4,,1.96,,1.28,,0.02,,0.606,,0.599,
19,8/21/2018,HL,CMP 963,19.8,,1.93,,1.12,,0.03,,0.612,,0.586,
20,8/21/2018,HL,CMP 964,20.5,,1.87,,1.05,,0.02,,0.605,,0.581,
21,8/21/2018,HL,CMP 965,21.2,,1.99,,1.15,,0.02,,0.595,,0.561,
22,8/21/2018,HL,CMP 966,19.0,,2.59,,1.85,,0.03,,0.651,,0.623,
23,8/21/2018,HL,CMP 967,18.7,,2.67,,1.92,,0.08,,0.671,,0.589,
24,8/21/2018,HL,CMP 968,17.7,,2.43,2.45,1.61,1.64,0.04,0.04,0.544,0.544,0.507,0.507
1,8/21/2018,PT,CMP 969,17.1,,2.64,,1.79,,0.02,,0.657,,0.540,
2,8/21/2018,PT,CMP 970,19.3,18.9,2.56,,1.88,,0.05,,0.632,,0.580,
3,8/21/2018,PT,CMP 971,18.3,,2.59,,1.97,,0.02,,0.828,,0.591,
4,8/21/2018,PT,CMP 972,16.4,,2.58,,1.81,,0.03,,0.818,,0.596,
5,8/21/2018,PT,CMP 973,14.7,,2.49,,1.55,,0.02,,0.925,,0.564,
6,8/21/2018,PT,CMP 974,15.3,,2.14,,1.42,,0.04,,0.818,,0.545,
7,8/21/2018,PT,CMP 975,14.4,,2.36,,1.52,,0.03,,0.945,,0.570,
8,8/21/2018,PT,CMP 976,14.2,,2.54,,1.65,,0.02,,1.092,,0.570,
9,8/21/2018,PT,CMP 977,13.7,,2.63,2.67,1.72,1.73,0.04,0.04,1.092,1.072,0.538,0.543
10,8/21/2018,PT,CMP 978,14.4,,2.59,,1.67,,0.03,,1.062,,0.538,
11,8/21/2018,PT,CMP 979,13.6,,2.35,,1.51,,0.06,,0.916,,0.478,
12,8/21/2018,PT,CMP 980,13.9,13.4,2.12,,1.37,,0.05,,0.837,,0.445,
13,8/21/2018,PT,CMP 981,13.3,,2.10,,1.33,,0.06,,0.935,,0.441,
14,8/21/2018,PT,CMP 982,12.7,,2.28,,1.45,,0.09,,0.965,,0.475,
15,8/21/2018,PT,CMP 983,13.9,,2.49,,1.69,,0.05,,1.072,,0.538,
16,8/21/2018,PT,CMP 984,13.7,,2.57,,1.62,,0.03,,1.180,,0.569,
17,8/21/2018,PT,CMP 985,13.8,,2.18,,1.39,,0.02,,1.072,,0.543,
18,8/21/2018,PT,CMP 986,14.8,,1.97,2.01,1.28,1.29,0.03,0.03,0.818,0.808,0.542,0.543
19,8/21/2018,PT,CMP 987,14.1,,1.89,,1.18,,0.04,,0.749,,0.508,
20,8/21/2018,PT,CMP 988,13.7,,1.75,,1.07,,0.04,,0.593,,0.511,
21,8/21/2018,PT,CMP 989,13.5,,1.79,,1.05,,0.03,,0.700,,0.516,
22,8/21/2018,PT,CMP 990,13.8,13.3,2.13,,1.29,,0.03,,1.102,,0.537,
23,8/21/2018,PT,CMP 991,13.8,,2.50,,1.57,,0.05,,1.287,,0.565,
24,8/21/2018,PT,CMP 992,13.5,,2.75,2.78,1.99,1.99,0.05,0.04,1.209,1.209,0.623,0.624
1,9/18/2018,FM,CMP 993,10.244,,0.901,,0.161,,0.016,,0.209,,0.033,
2,9/18/2018,FM,CMP 994,9.067,9.160,0.959,,0.349,,0.017,,0.261,,0.125,
3,9/18/2018,FM,CMP 995,8.776,,1.003,,0.575,,0.027,,0.339,,0.215,
4,9/18/2018,FM,CMP 996,10.564,,1.543,,0.867,,0.050,,0.443,,0.328,
5,9/18/2018,FM,CMP 997,11.663,,1.984,,1.056,,0.059,,0.505,,0.399,
6,9/18/2018,FM,CMP 998,10.162,,1.789,,0.839,,0.035,,0.408,,0.321,
7,9/18/2018,FM,CMP 999,8.436,,1.271,,0.650,,0.017,,0.330,,0.248,
8,9/18/2018,FM,CMP 1000,8.380,,1.308,1.293,0.612,,0.029,,0.287,,0.229,
9,9/18/2018,FM,CMP 1001,8.260,,1.248,,0.508,0.511,0.041,0.036,0.304,0.304,0.192,0.192
10,9/18/2018,FM,CMP 1002,4.880,4.929,0.748,,0.209,,0.015,,0.192,,0.084,
11,9/18/2018,FM,CMP 1003,4.723,,0.719,,0.152,,0.015,,0.167,,0.063,
12,9/18/2018,FM,CMP 1004,6.839,,1.003,,0.455,,0.036,,0.252,,0.172,
13,9/18/2018,FM,CMP 1005,7.053,,0.930,,0.494,,0.039,,0.227,,0.186,
14,9/18/2018,FM,CMP 1006,7.958,,1.099,,0.571,,0.029,,0.269,,0.216,
15,9/18/2018,FM,CMP 1007,9.076,,1.286,,0.753,,0.033,,0.304,,0.283,
16,9/18/2018,FM,CMP 1008,9.940,,1.505,1.482,0.847,,0.034,,0.373,,0.321,
17,9/18/2018,FM,CMP 1009,10.747,,1.619,,0.801,,0.037,,0.373,,0.329,
18,9/18/2018,FM,CMP 1010,10.831,,1.704,,0.726,0.726,0.036,0.034,0.373,0.382,0.312,
19,9/18/2018,FM,CMP 1011,11.083,,1.612,,0.709,,0.017,,0.408,,0.312,0.307
20,9/18/2018,FM,CMP 1012,10.635,10.645,1.459,,0.707,,0.033,,0.382,,0.305,
21,9/18/2018,FM,CMP 1013,11.491,,1.992,,1.319,,0.081,,0.505,,0.480,
22,9/18/2018,FM,CMP 1014,10.857,,1.914,,1.099,,0.060,,0.461,,0.413,
23,9/18/2018,FM,CMP 1015,7.937,,1.368,,0.577,,0.020,,0.278,,0.219,
24,9/18/2018,FM,CMP 1016,4.910,,0.791,,0.188,,0.010,,0.269,,0.084,
1,9/18/2018,SD,CMP 1017,8.529,,1.338,1.361,0.687,,0.078,,0.269,,0.250,
2,9/18/2018,SD,CMP 1018,9.351,,1.429,,0.677,,0.069,,0.269,,0.242,
3,9/18/2018,SD,CMP 1019,8.655,,1.512,,0.662,0.665,0.074,0.070,0.373,0.365,0.245,0.245
4,9/18/2018,SD,CMP 1020,9.811,,1.581,,0.837,,0.078,,0.391,,0.310,
5,9/18/2018,SD,CMP 1021,12.339,12.425,1.960,,1.091,,0.094,,0.540,,0.429,
6,9/18/2018,SD,CMP 1022,13.059,,2.173,,1.177,,0.095,,0.702,,0.466,
7,9/18/2018,SD,CMP 1023,13.382,,2.518,,1.118,,0.099,,0.585,,0.447,
8,9/18/2018,SD,CMP 1024,13.007,,1.984,,0.959,,0.092,,0.382,,0.363,
9,9/18/2018,SD,CMP 1025,10.659,,1.673,,0.829,,0.094,,0.305,,0.313,
10,9/18/2018,SD,CMP 1026,8.566,,1.619,1.658,0.677,,0.091,,0.209,0.207,0.246,
11,9/18/2018,SD,CMP 1027,7.653,,1.437,,0.610,,0.112,,0.227,0.217,0.215,
12,9/18/2018,SD,CMP 1028,7.526,,1.293,,0.591,0.585,0.096,0.087,0.218,0.227,0.207,0.207
13,9/18/2018,SD,CMP 1029,7.513,,1.727,,0.614,,0.092,,0.218,,0.211,
14,9/18/2018,SD,CMP 1030,9.759,,2.055,,0.777,,0.081,,0.304,,0.291,
15,9/18/2018,SD,CMP 1031,11.350,11.049,1.812,,0.930,,0.088,,0.417,,0.367,
16,9/18/2018,SD,CMP 1032,13.728,,2.502,,1.120,,0.092,,0.621,,0.488,
17,9/18/2018,SD,CMP 1033,20.650,,2.853,,1.160,,0.102,,0.996,,0.794,
18,9/18/2018,SD,CMP 1034,22.693,,3.211,,1.029,,0.110,,1.024,,0.886,
19,9/18/2018,SD,CMP 1035,23.948,,3.060,3.035,0.985,,0.116,,1.071,,0.900,
20,9/18/2018,SD,CMP 1036,24.492,,4.264,,1.880,,0.120,,1.270,,0.515,0.515
21,9/18/2018,SD,CMP 1037,24.959,,4.353,,1.987,1.987,0.117,0.118,1.156,1.165,0.536,0.536
22,9/18/2018,SD,CMP 1038,13.700,,2.721,,1.550,,0.099,,0.666,,0.579,
23,9/18/2018,SD,CMP 1039,12.027,,2.421,,1.152,,0.094,,0.496,,0.429,
24,9/18/2018,SD,CMP 1040,10.645,,1.992,,0.825,,0.101,,0.365,,0.315,
1,9/18/2018,HL,CMP 1041,13.740,13.859,3.295,,2.077,,0.005,,0.666,,0.616,
2,9/18/2018,HL,CMP 1042,13.852,,3.380,,1.842,,0.008,,0.594,,0.590,
3,9/18/2018,HL,CMP 1043,13.976,,3.236,,1.813,,0.017,,0.567,,0.579,
4,9/18/2018,HL,CMP 1044,14.379,,3.388,3.422,2.020,,0.025,,0.615,,0.623,
5,9/18/2018,HL,CMP 1045,13.454,,3.653,,2.314,,0.008,,0.664,,0.666,
6,9/18/2018,HL,CMP 1046,13.474,,3.852,,2.421,2.425,0.013,0.013,0.683,,0.690,0.689
7,9/18/2018,HL,CMP 1047,13.736,,3.559,,2.411,,0.008,,0.693,,0.695,
8,9/18/2018,HL,CMP 1048,13.847,,3.826,,2.514,,0.031,,0.693,,0.719,
9,9/18/2018,HL,CMP 1049,13.614,,3.662,,2.392,,0.024,,0.683,,0.690,
10,9/18/2018,HL,CMP 1050,13.530,13.696,3.219,,2.142,,0.038,,0.654,0.654,0.649,
11,9/18/2018,HL,CMP 1051,14.285,,2.869,,1.759,,0.052,,0.586,,0.579,
12,9/18/2018,HL,CMP 1052,13.849,,2.607,,1.515,,0.058,,0.567,,0.541,
13,9/18/2018,HL,CMP 1053,13.158,,2.550,2.534,1.396,,0.058,,0.519,,0.503,
14,9/18/2018,HL,CMP 1054,13.358,,2.317,,1.463,,0.063,,0.548,,0.525,
15,9/18/2018,HL,CMP 1055,13.589,,2.689,,1.683,1.674,0.059,0.058,0.586,,0.571,0.571
16,9/18/2018,HL,CMP 1056,13.514,,3.119,,2.059,,0.050,,0.630,,0.630,
17,9/18/2018,HL,CMP 1057,18.920,18.737,3.119,,2.212,,0.047,,0.693,,0.671,
18,9/18/2018,HL,CMP 1058,14.697,,2.894,,1.885,,0.041,,0.664,0.654,0.644,
19,9/18/2018,HL,CMP 1059,14.874,,2.421,,1.415,,0.034,,0.594,,0.592,
20,9/18/2018,HL,CMP 1060,12.506,12.478,2.285,,1.112,,0.034,,0.729,,0.566,
21,9/18/2018,HL,CMP 1061,15.218,,1.921,,1.058,,0.035,,0.615,,0.560,
22,9/18/2018,HL,CMP 1062,15.241,15.118,1.976,1.960,1.047,,0.037,,0.567,,0.549,
23,9/18/2018,HL,CMP 1063,17.036,,2.317,,1.261,,0.038,,0.576,,0.533,
24,9/18/2018,HL,CMP 1064,13.187,,4.967,,3.162,3.175,0.042,0.042,0.894,0.894,0.813,0.811
1,9/18/2018,PT,CMP 1065,14.423,,3.739,,2.117,,0.032,,1.052,,0.595,
2,9/18/2018,PT,CMP 1066,13.490,,3.490,,2.243,,0.054,,0.720,,0.646,
3,9/18/2018,PT,CMP 1067,13.467,,3.748,,2.121,,0.071,,0.702,,0.633,
4,9/18/2018,PT,CMP 1068,15.153,,3.320,,2.110,,0.073,,0.693,,0.639,
5,9/18/2018,PT,CMP 1069,13.484,,3.670,,2.156,,0.071,,0.675,,0.636,
6,9/18/2018,PT,CMP 1070,13.676,,2.902,,1.869,,0.053,,0.612,,0.600,
7,9/18/2018,PT,CMP 1071,13.721,13.593,2.550,2.502,1.502,,0.045,,0.603,,0.552,
8,9/18/2018,PT,CMP 1072,13.906,,2.510,,1.493,,0.036,,0.621,,0.553,
9,9/18/2018,PT,CMP 1073,13.652,,2.713,,1.626,1.636,0.044,0.045,0.666,0.675,0.568,0.563
10,9/18/2018,PT,CMP 1074,12.957,12.970,2.886,,1.687,,0.046,,0.648,,0.560,
11,9/18/2018,PT,CMP 1075,13.213,,3.295,,1.949,,0.052,,0.630,,0.603,
12,9/18/2018,PT,CMP 1076,13.127,,3.144,,1.885,,0.059,,0.657,,0.590,
13,9/18/2018,PT,CMP 1077,13.443,,2.935,,1.707,,0.078,,0.594,,0.577,
14,9/18/2018,PT,CMP 1078,12.183,,3.186,,1.553,,0.074,,1.542,,0.544,
15,9/18/2018,PT,CMP 1079,11.950,,3.160,,1.801,,0.072,,0.765,,0.608,
16,9/18/2018,PT,CMP 1080,11.902,11.887,3.253,3.270,1.972,,0.074,,0.711,,0.631,
17,9/18/2018,PT,CMP 1081,12.225,,3.160,,1.849,,0.067,,0.702,,0.606,
18,9/18/2018,PT,CMP 1082,12.328,,2.713,,1.498,1.495,0.057,0.057,0.648,0.639,0.577,0.582
19,9/18/2018,PT,CMP 1083,12.706,12.514,2.713,,1.317,,0.059,,0.612,,0.558,
20,9/18/2018,PT,CMP 1084,12.267,,2.526,,1.227,,0.053,,0.576,,0.541,
21,9/18/2018,PT,CMP 1085,12.203,,2.689,,0.975,,0.035,,0.621,,0.506,
22,9/18/2018,PT,CMP 1086,12.185,,2.341,,0.940,,0.041,,0.931,,0.504,0.507
23,9/18/2018,PT,CMP 1087,12.273,,2.672,,0.934,,0.050,,1.751,,0.474,
24,9/18/2018,PT,CMP 1088,12.379,12.365,3.473,3.550,1.419,1.415,0.045,0.045,1.774,1.830,0.533,
1,9/24/2018,FM,CMP 1089,8.727,,0.862,,0.126,,0.014798189,,0.295,,0.041,
2,9/24/2018,FM,CMP 1090,7.425,7.193,0.900,,0.318,,0.017619705,,0.383,,0.102,
3,9/24/2018,FM,CMP 1091,9.150,,0.913,,0.654,,0.057300604,,0.499,,0.199,
4,9/24/2018,FM,CMP 1092,10.745,,0.926,,0.745,,0.065024723,,0.528,,0.281,
5,9/24/2018,FM,CMP 1093,11.835,,1.009,,0.943,,0.065,,0.683,,0.351,
6,9/24/2018,FM,CMP 1094,11.477,,0.972,,0.921,,0.048561936,,0.625,,0.348,
7,9/24/2018,FM,CMP 1095,11.456,,0.925,,0.867,,0.058165421,,0.635,,0.350,0.353
8,9/24/2018,FM,CMP 1096,10.414,,0.888,,0.819,,0.05469628,,0.499,,0.307,
9,9/24/2018,FM,CMP 1097,11.422,,1.119,1.072,0.998,0.999,0.105509533,0.104740149,0.693,0.712,0.391,
10,9/24/2018,FM,CMP 1098,10.517,,0.994,,0.895,,0.098525844,,0.577,,0.347,
11,9/24/2018,FM,CMP 1099,9.270,,0.939,,0.776,,0.058165421,,0.625,,0.256,
12,9/24/2018,FM,CMP 1100,5.423,5.575,0.977,,0.270,,0.017619705,,0.480,,0.100,
13,9/24/2018,FM,CMP 1101,5.790,,0.926,,0.316,,0.017619705,,0.334,,0.113,
14,9/24/2018,FM,CMP 1102,4.594,,0.939,,0.181,,0.008157061,,0.315,,0.070,
15,9/24/2018,FM,CMP 1103,9.838,,0.939,,0.791,,0.06075,,0.499,,0.270,
16,9/24/2018,FM,CMP 1104,10.326,,0.967,,0.901,,0.065,,0.586,,0.342,0.339
17,9/24/2018,FM,CMP 1105,10.165,,0.952,,0.858,0.856,0.090609876,,0.654,,0.313,
18,9/24/2018,FM,CMP 1106,10.291,,0.913,0.939,0.827,0.834,0.067569813,0.062464825,0.635,0.606,0.299,
19,9/24/2018,FM,CMP 1107,10.880,,0.939,,0.789,,0.09616833,,0.654,,0.293,
20,9/24/2018,FM,CMP 1108,11.232,,0.990,,0.808,,0.084158633,,0.596,,0.304,
21,9/24/2018,FM,CMP 1109,10.065,,0.990,,0.795,,0.059890119,,0.557,,0.288,
22,9/24/2018,FM,CMP 1110,10.784,10.898,0.913,,0.841,0.842,0.071,,0.664,,0.371,
23,9/24/2018,FM,CMP 1111,9.874,,0.965,,0.769,,0.075116229,,0.750,,0.253,
24,9/24/2018,FM,CMP 1112,6.360,,1.029,,0.238,,0.047679019,,0.760,,0.087,
1,9/24/2018,SD,CMP 1113,9.967,,0.939,,0.778,,0.061608235,,0.538,,0.267,0.265
2,9/24/2018,SD,CMP 1114,8.720,,0.952,,0.686,,0.093001943,,0.480,,0.240,
3,9/24/2018,SD,CMP 1115,10.608,,0.926,0.952,0.815,,0.102422125,0.102422125,0.557,0.548,0.329,
4,9/24/2018,SD,CMP 1116,13.031,,1.110,1.087,1.003,,0.099308391,,0.818,,0.452,
5,9/24/2018,SD,CMP 1117,19.480,,1.254,1.214,1.131,,0.106277272,,1.076,,0.682,
6,9/24/2018,SD,CMP 1118,21.876,,1.236,,1.131,,0.100868549,,1.133,,0.767,
7,9/24/2018,SD,CMP 1119,22.849,,1.141,,0.977,,0.105509533,,1.200,,0.786,
8,9/24/2018,SD,CMP 1120,21.209,21.257,1.227,,0.952,,0.110849149,,1.124,,0.752,
9,9/24/2018,SD,CMP 1121,12.732,,1.170,1.166,1.016,,0.110849149,,0.741,,0.445,
10,9/24/2018,SD,CMP 1122,9.938,,1.003,,0.830,,0.107807813,,0.615,,0.300,0.300
11,9/24/2018,SD,CMP 1123,9.142,,0.977,,0.644,,0.119815201,,0.499,,0.223,
12,9/24/2018,SD,CMP 1124,7.967,,0.977,0.965,0.808,0.579,0.096955813,0.098525844,0.431,0.431,0.197,
13,9/24/2018,SD,CMP 1125,7.036,,0.900,,0.553,,0.088203,,0.392,,0.192,
14,9/24/2018,SD,CMP 1126,8.651,,0.952,,0.733,,0.091408877,,0.480,,0.264,
15,9/24/2018,SD,CMP 1127,11.117,,0.977,,0.868,0.635,0.108570615,,0.625,,0.343,
16,9/24/2018,SD,CMP 1128,13.416,,1.085,,0.943,,0.129976133,,0.837,,0.464,
17,9/24/2018,SD,CMP 1129,20.489,,1.054,,0.925,,0.124935979,,1.171,,0.686,
18,9/24/2018,SD,CMP 1130,23.379,22.571,0.954,,0.832,,0.121,,1.323,,0.771,
19,9/24/2018,SD,CMP 1131,23.560,,0.965,,0.836,,0.125,,1.295,,0.794,0.800
20,9/24/2018,SD,CMP 1132,23.800,,0.977,,0.851,0.849,0.123481127,,1.295,,0.827,
21,9/24/2018,SD,CMP 1133,12.023,,1.220,,0.965,,0.120,0.11907708,0.818,0.827,0.472,
22,9/24/2018,SD,CMP 1134,11.071,,0.983,,0.848,0.849,0.115361793,,0.673,,0.356,
23,9/24/2018,SD,CMP 1135,9.696,,0.990,,0.737,,0.107807813,,0.625,,0.270,
24,9/24/2018,SD,CMP 1136,8.943,,0.990,,0.644,,0.10164616,,0.577,,0.229,
1,9/24/2018,HL,CMP 1137,18.8484494,,1.328,,0.952,,0.035145421,,0.856,,0.468,
2,9/24/2018,HL,CMP 1138,13.930,13.97608686,1.309,,0.952,,0.052077148,,0.770,,0.437,
3,9/24/2018,HL,CMP 1139,12.96380242,,1.400,,0.977,,0.062464825,,0.818,,0.455,
4,9/24/2018,HL,CMP 1140,12.99778807,,1.379,,0.990,,0.081712267,,0.837,,0.483,0.487
5,9/24/2018,HL,CMP 1141,13.35495589,,1.549,,0.952,,0.09616833,,0.895,,0.528,
6,9/24/2018,HL,CMP 1142,13.58806009,,1.644,,1.131,1.080,0.089,0.084970797,1.295,1.295,0.553,
7,9/24/2018,HL,CMP 1143,14.04836211,,1.477,,0.990,,0.06331977,,1.028,,0.563,
8,9/24/2018,HL,CMP 1144,14.01845676,,1.286,1.263,1.178,,0.107807813,,1.484,,0.561,
9,9/24/2018,HL,CMP 1145,14.34728729,,1.296,,1.233,,0.055566033,,1.028,,0.552,
10,9/24/2018,HL,CMP 1146,14.21678532,14.19087887,1.374,,1.285,,0.07177872,,0.818,,0.549,
11,9/24/2018,HL,CMP 1147,13.62298858,,1.654,,1.512,,0.075946493,,0.914,,0.539,
12,9/24/2018,HL,CMP 1148,14.21578895,,1.484,,1.385,,0.09616833,,0.875,,0.504,
13,9/24/2018,HL,CMP 1149,13.05825515,,1.358,,1.241,,0.096955813,,0.779,,0.485,0.488
14,9/24/2018,HL,CMP 1150,12.53472594,,1.305,,1.201,,0.102422125,,0.722,,0.433,
15,9/24/2018,HL,CMP 1151,11.89472758,,1.207,1.204,1.103,1.103,0.091408877,0.097,0.875,0.885,0.423,
16,9/24/2018,HL,CMP 1152,12.1091798,,1.367,,1.276,,0.089809229,,0.875,,0.466,
17,9/24/2018,HL,CMP 1153,10.87546351,,1.448,,1.284,,0.11160537,,0.933,,0.507,
18,9/24/2018,HL,CMP 1154,13.09123319,12.74832363,1.505,,1.382,,0.085781316,,1.038,,0.539,
19,9/24/2018,HL,CMP 1155,13.55562364,,1.426,,1.331,,0.087397417,,1.086,,0.546,
20,9/24/2018,HL,CMP 1156,13.9152654,,1.260,,1.174,,0.077602084,,1.000,,0.542,
21,9/24/2018,HL,CMP 1157,13.78661121,,1.188,,1.118,,0.06075,,0.962,,0.536,
22,9/24/2018,HL,CMP 1158,14.34629126,,1.211,,1.144,,0.067569813,,0.856,,0.553,0.552
23,9/24/2018,HL,CMP 1159,13.59903795,,1.388,,1.302,,0.075946493,,1.019,,0.542,
24,9/24/2018,HL,CMP 1160,12.90681974,,1.512,1.512,1.416,1.412,0.084970797,0.084158633,0.962,0.962,0.525,
1,9/24/2018,PT,CMP 1161,0.208742787,,1.623,,1.554,,0.04590825,,0.933,,0.538,
2,9/24/2018,PT,CMP 1162,12.54673457,,1.523,,1.435,,0.084970797,,0.847,,0.517,
3,9/24/2018,PT,CMP 1163,12.62278052,,1.462,,1.375,,0.086590189,,0.808,,0.498,
4,9/24/2018,PT,CMP 1164,12.68130569,12.91181855,1.542,,1.435,,0.102422125,,0.808,,0.518,
5,9/24/2018,PT,CMP 1165,12.91831692,,1.609,,1.509,,0.098525844,,0.808,,0.534,
6,9/24/2018,PT,CMP 1166,13.20813259,,1.719,,1.579,1.574,0.08007313,,0.866,,0.565,
7,9/24/2018,PT,CMP 1167,13.26307303,,1.621,,1.540,,0.07428432,,0.904,,0.563,0.563
8,9/24/2018,PT,CMP 1168,13.02427482,,1.439,,1.371,,0.068414885,,0.827,0.827,0.553,
9,9/24/2018,PT,CMP 1169,13.3604482,,1.441,1.437,1.369,1.367,0.070940229,0.069258312,0.895,,0.552,
10,9/24/2018,PT,CMP 1170,13.67786979,,1.477,,1.395,,0.077602084,,0.866,,0.553,
11,9/24/2018,PT,CMP 1171,13.77663622,,1.521,,1.432,,0.086590189,,0.847,,0.557,
12,9/24/2018,PT,CMP 1172,12.950,,1.545,,1.442,,0.100,,0.895,,0.544,
13,9/24/2018,PT,CMP 1173,12.540,,1.481,,1.345,,0.131401368,,0.914,,0.515,
14,9/24/2018,PT,CMP 1174,12.702,12.770,1.386,,1.271,,0.097741651,,0.789,,0.490,
15,9/24/2018,PT,CMP 1175,12.54773527,,1.362,,1.249,,0.106277272,,0.770,,0.483,
16,9/24/2018,PT,CMP 1176,12.7323204,,1.355,,1.235,,0.10164616,,0.750,,0.491,0.495
17,9/24/2018,PT,CMP 1177,12.61227506,,1.467,,1.368,,0.094588427,,0.837,,0.507,
18,9/24/2018,PT,CMP 1178,13.04726184,,1.549,1.526,1.425,1.423,0.098,0.095379201,0.914,0.923,0.533,
19,9/24/2018,PT,CMP 1179,13.26806723,,1.498,,1.386,,0.090609876,,0.914,,0.534,
20,9/24/2018,PT,CMP 1180,12.7713271,,1.434,,1.334,,0.089006937,,0.895,,0.536,
21,9/24/2018,PT,CMP 1181,14.65244826,,1.400,,1.294,,0.098525844,,0.904,,0.523,
22,9/24/2018,PT,CMP 1182,12.7258189,,1.337,,1.196,1.201,0.130689573,,1.951,,0.463,
23,9/24/2018,PT,CMP 1183,12.64729214,,1.372,,1.279,,0.084970797,,1.019,,0.530,
24,9/24/2018,PT,CMP 1184,13.430,13.18515516,1.430,,1.329,1.328,0.093001943,0.090,0.942,0.942,0.536,0.538
